omega;L0exact;L0asym;Ljexact;Ljasym;Lkexact;Lkasym
1.000000000000000021e-03;7.397938210698210071e+01;7.397940008672037493e+01;8.004599700844192967e+01;8.004599702028079378e+01;6.066614901459828957e+00;6.066596933560418847e+00
1.005773063001738112e-03;7.392938189878717026e+01;7.392940008672037777e+01;7.999599700830484039e+01;7.999599702028079662e+01;6.066615109517670135e+00;6.066596933560418847e+00
1.011579454259898224e-03;7.387938168818146778e+01;7.387940008672038061e+01;7.994599700816617371e+01;7.994599702028079946e+01;6.066615319984705934e+00;6.066596933560418847e+00
1.017419366180604594e-03;7.382938147513708316e+01;7.382940008672038346e+01;7.989599700802588700e+01;7.989599702028080230e+01;6.066615532888803841e+00;6.066596933560418847e+00
1.023292992280753523e-03;7.377938125962577942e+01;7.377940008672038630e+01;7.984599700788398025e+01;7.984599702028080515e+01;6.066615748258200824e+00;6.066596933560418847e+00
1.029200527194428600e-03;7.372938104161897854e+01;7.372940008672037493e+01;7.979599700774042503e+01;7.979599702028079378e+01;6.066615966121446490e+00;6.066596933560418847e+00
1.035142166679344118e-03;7.367938082108778985e+01;7.367940008672037777e+01;7.974599700759522136e+01;7.974599702028079662e+01;6.066616186507431507e+00;6.066596933560418847e+00
1.041118107623339659e-03;7.362938059800301005e+01;7.362940008672038061e+01;7.969599700744832660e+01;7.969599702028079946e+01;6.066616409445316549e+00;6.066596933560418847e+00
1.047128548050899619e-03;7.357938037233502371e+01;7.357940008672036925e+01;7.964599700729974074e+01;7.964599702028080230e+01;6.066616634964717036e+00;6.066596933560433058e+00
1.053173687129715886e-03;7.352938014405394540e+01;7.352940008672037209e+01;7.959599700714943538e+01;7.959599702028080515e+01;6.066616863095489975e+00;6.066596933560433058e+00
1.059253725177288679e-03;7.347937991312952022e+01;7.347940008672037493e+01;7.954599700699736786e+01;7.954599702028079378e+01;6.066617093867847643e+00;6.066596933560418847e+00
1.065368863667562945e-03;7.342937967953113798e+01;7.342940008672037777e+01;7.949599700684355241e+01;7.949599702028079662e+01;6.066617327312414432e+00;6.066596933560418847e+00
1.071519305237605968e-03;7.337937944322783324e+01;7.337940008672038061e+01;7.944599700668796061e+01;7.944599702028079946e+01;6.066617563460127371e+00;6.066596933560418847e+00
1.077705253694322476e-03;7.332937920418827105e+01;7.332940008672036925e+01;7.939599700653056402e+01;7.939599702028078809e+01;6.066617802342292975e+00;6.066596933560418847e+00
1.083926914021203806e-03;7.327937896238077542e+01;7.327940008672037209e+01;7.934599700637133424e+01;7.934599702028079093e+01;6.066618043990558817e+00;6.066596933560418847e+00
1.090184492385127797e-03;7.322937871777332930e+01;7.322940008672037493e+01;7.929599700621027125e+01;7.929599702028079378e+01;6.066618288436941953e+00;6.066596933560418847e+00
1.096478196143185150e-03;7.317937847033346088e+01;7.317940008672037777e+01;7.924599700604734664e+01;7.924599702028079662e+01;6.066618535713885763e+00;6.066596933560418847e+00
1.102808233849551962e-03;7.312937822002839994e+01;7.312940008672038061e+01;7.919599700588253199e+01;7.919599702028079946e+01;6.066618785854132057e+00;6.066596933560418847e+00
1.109174815262400872e-03;7.307937796682496412e+01;7.307940008672036925e+01;7.914599700571581309e+01;7.914599702028080230e+01;6.066619038890848969e+00;6.066596933560433058e+00
1.115578151350851872e-03;7.302937771068960160e+01;7.302940008672037209e+01;7.909599700554716151e+01;7.909599702028080515e+01;6.066619294857559908e+00;6.066596933560433058e+00
1.122018454301963036e-03;7.297937745158833422e+01;7.297940008672037493e+01;7.904599700537654883e+01;7.904599702028080799e+01;6.066619553788214603e+00;6.066596933560433058e+00
1.128495937527762213e-03;7.292937718948684278e+01;7.292940008672036356e+01;7.899599700520396084e+01;7.899599702028079662e+01;6.066619815717118058e+00;6.066596933560433058e+00
1.135010815672315380e-03;7.287937692435038173e+01;7.287940008672036640e+01;7.894599700502938333e+01;7.894599702028079946e+01;6.066620080679001603e+00;6.066596933560433058e+00
1.141563304618845942e-03;7.282937665614382183e+01;7.282940008672036925e+01;7.889599700485277367e+01;7.889599702028080230e+01;6.066620348708951838e+00;6.066596933560433058e+00
1.148153621496882885e-03;7.277937638483157912e+01;7.277940008672037209e+01;7.884599700467413186e+01;7.884599702028080515e+01;6.066620619842552742e+00;6.066596933560433058e+00
1.154781984689458134e-03;7.272937611037774275e+01;7.272940008672037493e+01;7.879599700449341526e+01;7.879599702028079378e+01;6.066620894115672513e+00;6.066596933560418847e+00
1.161448613840342526e-03;7.267937583274589031e+01;7.267940008672037777e+01;7.874599700431060967e+01;7.874599702028079662e+01;6.066621171564719361e+00;6.066596933560418847e+00
1.168153729861324272e-03;7.262937555189922989e+01;7.262940008672038061e+01;7.869599700412567245e+01;7.869599702028079946e+01;6.066621452226442557e+00;6.066596933560418847e+00
1.174897554939529059e-03;7.257937526780055748e+01;7.257940008672038346e+01;7.864599700393861781e+01;7.864599702028080230e+01;6.066621736138060328e+00;6.066596933560418847e+00
1.181680312544783080e-03;7.252937498041220010e+01;7.252940008672038630e+01;7.859599700374937470e+01;7.859599702028080515e+01;6.066622023337174596e+00;6.066596933560418847e+00
1.188502227437019006e-03;7.247937468969605845e+01;7.247940008672037493e+01;7.854599700355794312e+01;7.854599702028079378e+01;6.066622313861884663e+00;6.066596933560418847e+00
1.195363525673718815e-03;7.242937439561362112e+01;7.242940008672037777e+01;7.849599700336429464e+01;7.849599702028079662e+01;6.066622607750673524e+00;6.066596933560418847e+00
1.202264434617413003e-03;7.237937409812590772e+01;7.237940008672038061e+01;7.844599700316842927e+01;7.844599702028079946e+01;6.066622905042521552e+00;6.066596933560418847e+00
1.209205182943208414e-03;7.232937379719346893e+01;7.232940008672036925e+01;7.839599700297027596e+01;7.839599702028080230e+01;6.066623205776807026e+00;6.066596933560433058e+00
1.216186000646367902e-03;7.227937349277642909e+01;7.227940008672037209e+01;7.834599700276983469e+01;7.834599702028080515e+01;6.066623509993405605e+00;6.066596933560433058e+00
1.223207119049931398e-03;7.222937318483444358e+01;7.222940008672037493e+01;7.829599700256706285e+01;7.829599702028079378e+01;6.066623817732619273e+00;6.066596933560418847e+00
1.230268770812381228e-03;7.217937287332668461e+01;7.217940008672037777e+01;7.824599700236194622e+01;7.824599702028079662e+01;6.066624129035261603e+00;6.066596933560418847e+00
1.237371189935351865e-03;7.212937255821186966e+01;7.212940008672038061e+01;7.819599700215445637e+01;7.819599702028079946e+01;6.066624443942586709e+00;6.066596933560418847e+00
1.244514611771385670e-03;7.207937223944821881e+01;7.207940008672036925e+01;7.814599700194455068e+01;7.814599702028078809e+01;6.066624762496331869e+00;6.066596933560418847e+00
1.251699273031725481e-03;7.202937191699349739e+01;7.202940008672037209e+01;7.809599700173224335e+01;7.809599702028079093e+01;6.066625084738745954e+00;6.066596933560418847e+00
1.258925411794167490e-03;7.197937159080497338e+01;7.197940008672037493e+01;7.804599700151744912e+01;7.804599702028079378e+01;6.066625410712475741e+00;6.066596933560418847e+00
1.266193267510944262e-03;7.192937126083938892e+01;7.192940008672037777e+01;7.799599700130018221e+01;7.799599702028079662e+01;6.066625740460793281e+00;6.066596933560418847e+00
1.273503081016661527e-03;7.187937092705301723e+01;7.187940008672038061e+01;7.794599700108039997e+01;7.794599702028079946e+01;6.066626074027382742e+00;6.066596933560418847e+00
1.280855094536278342e-03;7.182937058940163411e+01;7.182940008672036925e+01;7.789599700085807399e+01;7.789599702028080230e+01;6.066626411456439882e+00;6.066596933560433058e+00
1.288249551693133660e-03;7.177937024784046116e+01;7.177940008672037209e+01;7.784599700063316163e+01;7.784599702028080515e+01;6.066626752792700472e+00;6.066596933560433058e+00
1.295686697517018857e-03;7.172936990232423682e+01;7.172940008672037493e+01;7.779599700040566290e+01;7.779599702028080799e+01;6.066627098081426084e+00;6.066596933560433058e+00
1.303166778452299933e-03;7.167936955280714528e+01;7.167940008672036356e+01;7.774599700017550674e+01;7.774599702028079662e+01;6.066627447368361459e+00;6.066596933560433058e+00
1.310690042366077215e-03;7.162936919924290180e+01;7.162940008672036640e+01;7.769599699994270736e+01;7.769599702028079946e+01;6.066627800699805562e+00;6.066596933560433058e+00
1.318256738556407509e-03;7.157936884158461055e+01;7.157940008672036925e+01;7.764599699970719371e+01;7.764599702028080230e+01;6.066628158122583159e+00;6.066596933560433058e+00
1.325867117760559438e-03;7.152936847978486412e+01;7.152940008672037209e+01;7.759599699946896578e+01;7.759599702028080515e+01;6.066628519684101661e+00;6.066596933560433058e+00
1.333521432163324062e-03;7.147936811379574351e+01;7.147940008672037493e+01;7.754599699922798095e+01;7.754599702028079378e+01;6.066628885432237439e+00;6.066596933560418847e+00
1.341219935405371048e-03;7.142936774356869023e+01;7.142940008672037777e+01;7.749599699898419658e+01;7.749599702028079662e+01;6.066629255415506350e+00;6.066596933560418847e+00
1.348962882591653182e-03;7.137936736905467683e+01;7.137940008672038061e+01;7.744599699873759846e+01;7.744599702028079946e+01;6.066629629682921632e+00;6.066596933560418847e+00
1.356750530299861198e-03;7.132936699020402216e+01;7.132940008672038346e+01;7.739599699848814396e+01;7.739599702028080230e+01;6.066630008284121800e+00;6.066596933560418847e+00
1.364583136588923924e-03;7.127936660696653348e+01;7.127940008672038630e+01;7.734599699823579044e+01;7.734599702028080515e+01;6.066630391269256961e+00;6.066596933560418847e+00
1.372460961007562633e-03;7.122936621929142120e+01;7.122940008672037493e+01;7.729599699798052370e+01;7.729599702028079378e+01;6.066630778689102499e+00;6.066596933560418847e+00
1.380384264602885300e-03;7.117936582712728466e+01;7.117940008672037777e+01;7.724599699772228689e+01;7.724599702028079662e+01;6.066631170595002231e+00;6.066596933560418847e+00
1.388353309929045692e-03;7.112936543042215476e+01;7.112940008672038061e+01;7.719599699746108001e+01;7.719599702028079946e+01;6.066631567038925255e+00;6.066596933560418847e+00
1.396368361055937580e-03;7.107936502912346555e+01;7.107940008672036925e+01;7.714599699719684622e+01;7.714599702028080230e+01;6.066631968073380676e+00;6.066596933560433058e+00
1.404429683577947292e-03;7.102936462317799737e+01;7.102940008672037209e+01;7.709599699692955710e+01;7.709599702028080515e+01;6.066632373751559726e+00;6.066596933560433058e+00
1.412537544622753964e-03;7.097936421253196215e+01;7.097940008672037493e+01;7.704599699665915580e+01;7.704599702028079378e+01;6.066632784127193645e+00;6.066596933560418847e+00
1.420692212860181613e-03;7.092936379713091810e+01;7.092940008672037777e+01;7.699599699638562811e+01;7.699599702028079662e+01;6.066633199254710007e+00;6.066596933560418847e+00
1.428893958511102177e-03;7.087936337691982658e+01;7.087940008672038061e+01;7.694599699610893140e+01;7.694599702028079946e+01;6.066633619189104820e+00;6.066596933560418847e+00
1.437143053356391238e-03;7.082936295184295261e+01;7.082940008672036925e+01;7.689599699582902304e+01;7.689599702028078809e+01;6.066634043986070424e+00;6.066596933560418847e+00
1.445439770745927987e-03;7.077936252184400701e+01;7.077940008672037209e+01;7.684599699554588881e+01;7.684599702028079093e+01;6.066634473701881802e+00;6.066596933560418847e+00
1.453784385607662186e-03;7.072936208686596160e+01;7.072940008672037493e+01;7.679599699525948608e+01;7.679599702028079378e+01;6.066634908393524483e+00;6.066596933560418847e+00
1.462177174456718220e-03;7.067936164685119138e+01;7.067940008672037777e+01;7.674599699496974381e+01;7.674599702028079662e+01;6.066635348118552429e+00;6.066596933560418847e+00
1.470618415404560285e-03;7.062936120174131815e+01;7.062940008672038061e+01;7.669599699467666198e+01;7.669599702028079946e+01;6.066635792935343829e+00;6.066596933560418847e+00
1.479108388168207241e-03;7.057936075147740951e+01;7.057940008672036925e+01;7.664599699438016955e+01;7.664599702028080230e+01;6.066636242902760046e+00;6.066596933560433058e+00
1.487647374079501461e-03;7.052936029599975143e+01;7.052940008672037209e+01;7.659599699408026652e+01;7.659599702028080515e+01;6.066636698080515089e+00;6.066596933560433058e+00
1.496235656094432745e-03;7.047935983524797621e+01;7.047940008672037493e+01;7.654599699377686761e+01;7.654599702028080799e+01;6.066637158528891405e+00;6.066596933560433058e+00
1.504873518802514508e-03;7.042935936916100559e+01;7.042940008672036356e+01;7.649599699346995862e+01;7.649599702028079662e+01;6.066637624308953036e+00;6.066596933560433058e+00
1.513561248436208744e-03;7.037935889767710762e+01;7.037940008672036640e+01;7.644599699315951113e+01;7.644599702028079946e+01;6.066638095482403514e+00;6.066596933560433058e+00
1.522299132880420387e-03;7.032935842073372612e+01;7.032940008672036925e+01;7.639599699284546830e+01;7.639599702028080230e+01;6.066638572111742178e+00;6.066596933560433058e+00
1.531087461682030266e-03;7.027935793826769384e+01;7.027940008672037209e+01;7.634599699252777327e+01;7.634599702028080515e+01;6.066639054260079433e+00;6.066596933560433058e+00
1.539926526059492030e-03;7.022935745021504772e+01;7.022940008672037493e+01;7.629599699220642606e+01;7.629599702028079378e+01;6.066639541991378337e+00;6.066596933560418847e+00
1.548816618912481112e-03;7.017935695651109995e+01;7.017940008672037777e+01;7.624599699188132718e+01;7.624599702028079662e+01;6.066640035370227224e+00;6.066596933560418847e+00
1.557758034831602028e-03;7.012935645709040955e+01;7.012940008672038061e+01;7.619599699155247663e+01;7.619599702028079946e+01;6.066640534462067080e+00;6.066596933560418847e+00
1.566751070108148578e-03;7.007935595188678235e+01;7.007940008672038346e+01;7.614599699121983178e+01;7.614599702028080230e+01;6.066641039333049434e+00;6.066596933560418847e+00
1.575796022743923466e-03;7.002935544083325681e+01;7.002940008672038630e+01;7.609599699088332159e+01;7.609599702028080515e+01;6.066641550050064779e+00;6.066596933560418847e+00
1.584893192461114082e-03;6.997935492386207557e+01;6.997940008672037493e+01;7.604599699054290340e+01;7.604599702028079378e+01;6.066642066680827838e+00;6.066596933560418847e+00
1.594042880712217940e-03;6.992935440090477073e+01;6.992940008672037777e+01;7.599599699019856303e+01;7.599599702028079662e+01;6.066642589293792298e+00;6.066596933560418847e+00
1.603245390690041837e-03;6.987935387189197911e+01;6.987940008672038061e+01;7.594599698985022940e+01;7.594599702028079946e+01;6.066643117958250286e+00;6.066596933560418847e+00
1.612501027337741571e-03;6.982935333675362699e+01;6.982940008672036925e+01;7.589599698949784568e+01;7.589599702028080230e+01;6.066643652744218684e+00;6.066596933560433058e+00
1.621810097358929734e-03;6.977935279541873115e+01;6.977940008672037209e+01;7.584599698914141186e+01;7.584599702028080515e+01;6.066644193722680711e+00;6.066596933560433058e+00
1.631172909227837945e-03;6.972935224781559782e+01;6.972940008672037493e+01;7.579599698878082847e+01;7.579599702028079378e+01;6.066644740965230653e+00;6.066596933560418847e+00
1.640589773199538706e-03;6.967935169387159533e+01;6.967940008672037777e+01;7.574599698841608131e+01;7.574599702028079662e+01;6.066645294544485978e+00;6.066596933560418847e+00
1.650061001320226890e-03;6.962935113351333882e+01;6.962940008672038061e+01;7.569599698804709931e+01;7.569599702028079946e+01;6.066645854533760485e+00;6.066596933560418847e+00
1.659586907437561295e-03;6.957935056666653395e+01;6.957940008672036925e+01;7.564599698767383984e+01;7.564599702028078809e+01;6.066646421007305889e+00;6.066596933560418847e+00
1.669167807211058242e-03;6.952934999325607635e+01;6.952940008672037209e+01;7.559599698729627448e+01;7.559599702028079093e+01;6.066646994040198138e+00;6.066596933560418847e+00
1.678804018122560630e-03;6.947934941320593794e+01;6.947940008672037493e+01;7.554599698691433218e+01;7.554599702028079378e+01;6.066647573708394248e+00;6.066596933560418847e+00
1.688495859486753396e-03;6.942934882643926642e+01;6.942940008672037777e+01;7.549599698652797031e+01;7.549599702028079662e+01;6.066648160088703889e+00;6.066596933560418847e+00
1.698243652461744243e-03;6.937934823287824315e+01;6.937940008672038061e+01;7.544599698613711780e+01;7.544599702028079946e+01;6.066648753258874649e+00;6.066596933560418847e+00
1.708047720059707687e-03;6.932934763244423948e+01;6.932940008672036925e+01;7.539599698574177467e+01;7.539599702028080230e+01;6.066649353297535185e+00;6.066596933560433058e+00
1.717908387157587652e-03;6.927934702505767461e+01;6.927940008672037209e+01;7.534599698534182721e+01;7.534599702028080515e+01;6.066649960284152598e+00;6.066596933560433058e+00
1.727825980507862727e-03;6.922934641063801564e+01;6.922940008672037493e+01;7.529599698493724702e+01;7.529599702028080799e+01;6.066650574299231380e+00;6.066596933560433058e+00
1.737800828749376265e-03;6.917934578910382015e+01;6.917940008672036356e+01;7.524599698452797725e+01;7.524599702028079662e+01;6.066651195424157095e+00;6.066596933560433058e+00
1.747833262418219168e-03;6.912934516037275046e+01;6.912940008672036640e+01;7.519599698411398947e+01;7.519599702028079946e+01;6.066651823741239014e+00;6.066596933560433058e+00
1.757923613958693124e-03;6.907934452436144568e+01;6.907940008672036925e+01;7.514599698369519842e+01;7.514599702028080230e+01;6.066652459333752745e+00;6.066596933560433058e+00
1.768072217734319813e-03;6.902934388098560703e+01;6.902940008672037209e+01;7.509599698327156148e+01;7.509599702028080515e+01;6.066653102285954446e+00;6.066596933560433058e+00
1.778279410038922752e-03;6.897934323015996938e+01;6.897940008672037493e+01;7.504599698284300757e+01;7.504599702028079378e+01;6.066653752683038192e+00;6.066596933560418847e+00
1.788545529107771160e-03;6.892934257179828705e+01;6.892940008672037777e+01;7.499599698240950829e+01;7.499599702028079662e+01;6.066654410611221238e+00;6.066596933560418847e+00
1.798870915128787358e-03;6.887934190581324856e+01;6.887940008672038061e+01;7.494599698197097837e+01;7.494599702028079946e+01;6.066655076157729809e+00;6.066596933560418847e+00
1.809255910253820300e-03;6.882934123211663291e+01;6.882940008672038346e+01;7.489599698152736096e+01;7.489599702028080230e+01;6.066655749410728049e+00;6.066596933560418847e+00
1.819700858609982642e-03;6.877934055061912488e+01;6.877940008672038630e+01;7.484599698107862764e+01;7.484599702028080515e+01;6.066656430459502758e+00;6.066596933560418847e+00
1.830206106311056766e-03;6.872933986123041450e+01;6.872940008672037493e+01;7.479599698062467894e+01;7.479599702028079378e+01;6.066657119394264441e+00;6.066596933560418847e+00
1.840772001468956318e-03;6.867933916385909754e+01;6.867940008672037777e+01;7.474599698016548643e+01;7.474599702028079662e+01;6.066657816306388895e+00;6.066596933560418847e+00
1.851398894205272304e-03;6.862933845841277503e+01;6.862940008672038061e+01;7.469599697970097907e+01;7.469599702028079946e+01;6.066658521288204042e+00;6.066596933560418847e+00
1.862087136662867555e-03;6.857933774479793954e+01;6.857940008672036925e+01;7.464599697923107158e+01;7.464599702028080230e+01;6.066659234433132042e+00;6.066596933560433058e+00
1.872837083017548374e-03;6.852933702292000362e+01;6.852940008672037209e+01;7.459599697875574975e+01;7.459599702028080515e+01;6.066659955835746132e+00;6.066596933560433058e+00
1.883649089489800163e-03;6.847933629268328559e+01;6.847940008672037493e+01;7.454599697827491411e+01;7.454599702028079378e+01;6.066660685591628521e+00;6.066596933560418847e+00
1.894523514356591344e-03;6.842933555399102374e+01;6.842940008672037777e+01;7.449599697778850782e+01;7.449599702028079662e+01;6.066661423797484076e+00;6.066596933560418847e+00
1.905460717963248195e-03;6.837933480674526265e+01;6.837940008672036640e+01;7.444599697729645982e+01;7.444599702028079946e+01;6.066662170551197164e+00;6.066596933560433058e+00
1.916461062735387360e-03;6.832933405084699530e+01;6.832940008672036925e+01;7.439599697679872747e+01;7.439599702028078809e+01;6.066662925951732177e+00;6.066596933560418847e+00
1.927524913190936618e-03;6.827933328619604936e+01;6.827940008672037209e+01;7.434599697629522552e+01;7.434599702028079093e+01;6.066663690099176165e+00;6.066596933560418847e+00
1.938652635952207689e-03;6.822933251269104460e+01;6.822940008672037493e+01;7.429599697578589712e+01;7.429599702028079378e+01;6.066664463094852522e+00;6.066596933560418847e+00
1.949844599758045584e-03;6.817933173022947813e+01;6.817940008672037777e+01;7.424599697527068543e+01;7.424599702028079662e+01;6.066665245041207299e+00;6.066596933560418847e+00
1.961101175476047571e-03;6.812933093870763912e+01;6.812940008672038061e+01;7.419599697474949096e+01;7.419599702028079946e+01;6.066666036041851839e+00;6.066596933560418847e+00
1.972422736114853251e-03;6.807933013802062305e+01;6.807940008672036925e+01;7.414599697422225688e+01;7.414599702028080230e+01;6.066666836201633828e+00;6.066596933560433058e+00
1.983809656836505331e-03;6.802932932806230326e+01;6.802940008672037209e+01;7.409599697368892635e+01;7.409599702028080515e+01;6.066667645626623084e+00;6.066596933560433058e+00
1.995262314968878920e-03;6.797932850872531674e+01;6.797940008672037493e+01;7.404599697314941409e+01;7.404599702028080799e+01;6.066668464424097351e+00;6.066596933560433058e+00
2.006781090018189967e-03;6.792932767990107834e+01;6.792940008672036356e+01;7.399599697260364906e+01;7.399599702028079662e+01;6.066669292702570715e+00;6.066596933560433058e+00
2.018366363681561599e-03;6.787932684147975237e+01;6.787940008672036640e+01;7.394599697205157440e+01;7.394599702028079946e+01;6.066670130571822028e+00;6.066596933560433058e+00
2.030018519859684567e-03;6.782932599335019574e+01;6.782940008672036925e+01;7.389599697149310487e+01;7.389599702028080230e+01;6.066670978142909121e+00;6.066596933560433058e+00
2.041737944669529733e-03;6.777932513540000059e+01;6.777940008672037209e+01;7.384599697092818360e+01;7.384599702028080515e+01;6.066671835528183010e+00;6.066596933560433058e+00
2.053525026457145991e-03;6.772932426751546586e+01;6.772940008672037493e+01;7.379599697035671113e+01;7.379599702028079378e+01;6.066672702841245268e+00;6.066596933560418847e+00
2.065380155810529316e-03;6.767932338958154048e+01;6.767940008672037777e+01;7.374599696977861640e+01;7.374599702028079662e+01;6.066673580197075921e+00;6.066596933560418847e+00
2.077303725572562931e-03;6.762932250148189439e+01;6.762940008672038061e+01;7.369599696919382836e+01;7.369599702028079946e+01;6.066674467711933971e+00;6.066596933560418847e+00
2.089296130854038577e-03;6.757932160309879066e+01;6.757940008672038346e+01;7.364599696860226175e+01;7.364599702028080230e+01;6.066675365503471085e+00;6.066596933560418847e+00
2.101357769046746735e-03;6.752932069431317075e+01;6.752940008672038630e+01;7.359599696800385971e+01;7.359599702028080515e+01;6.066676273690688959e+00;6.066596933560418847e+00
2.113489039836647515e-03;6.747931977500458345e+01;6.747940008672037493e+01;7.354599696739852277e+01;7.354599702028079378e+01;6.066677192393939322e+00;6.066596933560418847e+00
2.125690345217107462e-03;6.742931884505119911e+01;6.742940008672037777e+01;7.349599696678616567e+01;7.349599702028079662e+01;6.066678121734966567e+00;6.066596933560418847e+00
2.137962089502232644e-03;6.737931790432975276e+01;6.737940008672038061e+01;7.344599696616671736e+01;7.344599702028079946e+01;6.066679061836964593e+00;6.066596933560418847e+00
2.150304679340256375e-03;6.732931695271555839e+01;6.732940008672036925e+01;7.339599696554012098e+01;7.339599702028080230e+01;6.066680012824562596e+00;6.066596933560433058e+00
2.162718523727020191e-03;6.727931599008249464e+01;6.727940008672037209e+01;7.334599696490626286e+01;7.334599702028080515e+01;6.066680974823768224e+00;6.066596933560433058e+00
2.175204034019522035e-03;6.722931501630297646e+01;6.722940008672037493e+01;7.329599696426504352e+01;7.329599702028079378e+01;6.066681947962067056e+00;6.066596933560418847e+00
2.187761623949552054e-03;6.717931403124792666e+01;6.717940008672037777e+01;7.324599696361642032e+01;7.324599702028079662e+01;6.066682932368493653e+00;6.066596933560418847e+00
2.200391709637399950e-03;6.712931303478681855e+01;6.712940008672036640e+01;7.319599696296026536e+01;7.319599702028079946e+01;6.066683928173446816e+00;6.066596933560433058e+00
2.213094709605638657e-03;6.707931202678756222e+01;6.707940008672036925e+01;7.314599696229652182e+01;7.314599702028078809e+01;6.066684935508959597e+00;6.066596933560418847e+00
2.225871044793005602e-03;6.702931100711657564e+01;6.702940008672037209e+01;7.309599696162510440e+01;7.309599702028079093e+01;6.066685954508528766e+00;6.066596933560418847e+00
2.238721138568339902e-03;6.697930997563869937e+01;6.697940008672037493e+01;7.304599696094589945e+01;7.304599702028079378e+01;6.066686985307200075e+00;6.066596933560418847e+00
2.251645416744618017e-03;6.692930893221722499e+01;6.692940008672037777e+01;7.299599696025883588e+01;7.299599702028079662e+01;6.066688028041610892e+00;6.066596933560418847e+00
2.264644307593059649e-03;6.687930787671385247e+01;6.687940008672038061e+01;7.294599695956381424e+01;7.294599702028079946e+01;6.066689082849961778e+00;6.066596933560418847e+00
2.277718241857321687e-03;6.682930680898871856e+01;6.682940008672036925e+01;7.289599695886074926e+01;7.289599702028080230e+01;6.066690149872030702e+00;6.066596933560433058e+00
2.290867652767772378e-03;6.677930572890029737e+01;6.677940008672037209e+01;7.284599695814952725e+01;7.284599702028080515e+01;6.066691229249229877e+00;6.066596933560433058e+00
2.304092976055844861e-03;6.672930463630541453e+01;6.672940008672037493e+01;7.279599695743009136e+01;7.279599702028080799e+01;6.066692321124676823e+00;6.066596933560433058e+00
2.317394649968479610e-03;6.667930353105928987e+01;6.667940008672036356e+01;7.274599695670231370e+01;7.274599702028079662e+01;6.066693425643023829e+00;6.066596933560433058e+00
2.330773115282638430e-03;6.662930241301542367e+01;6.662940008672036640e+01;7.269599695596610900e+01;7.269599702028079946e+01;6.066694542950685332e+00;6.066596933560433058e+00
2.344228815319922537e-03;6.657930128202563935e+01;6.657940008672036925e+01;7.264599695522137779e+01;7.264599702028080230e+01;6.066695673195738436e+00;6.066596933560433058e+00
2.357762195961254394e-03;6.652930013794004083e+01;6.652940008672037209e+01;7.259599695446803480e+01;7.259599702028080515e+01;6.066696816527993974e+00;6.066596933560433058e+00
2.371373705661655382e-03;6.647929898060698406e+01;6.647940008672037493e+01;7.254599695370595214e+01;7.254599702028079378e+01;6.066697973098968077e+00;6.066596933560418847e+00
2.385063795465105010e-03;6.642929780987311972e+01;6.642940008672037777e+01;7.249599695293505874e+01;7.249599702028079662e+01;6.066699143061939026e+00;6.066596933560418847e+00
2.398832919019489897e-03;6.637929662558323685e+01;6.637940008672038061e+01;7.244599695215522672e+01;7.244599702028079946e+01;6.066700326571989876e+00;6.066596933560418847e+00
2.412681532591632542e-03;6.632929542758039076e+01;6.632940008672038346e+01;7.239599695136637081e+01;7.239599702028080230e+01;6.066701523785980044e+00;6.066596933560418847e+00
2.426610095082414216e-03;6.627929421570581781e+01;6.627940008672038630e+01;7.234599695056837731e+01;7.234599702028080515e+01;6.066702734862559510e+00;6.066596933560418847e+00
2.440619068041981112e-03;6.622929298979887847e+01;6.622940008672037493e+01;7.229599694976114677e+01;7.229599702028079378e+01;6.066703959962268300e+00;6.066596933560418847e+00
2.454708915685031162e-03;6.617929174969711426e+01;6.617940008672037777e+01;7.224599694894456547e+01;7.224599702028079662e+01;6.066705199247451219e+00;6.066596933560418847e+00
2.468880104906208840e-03;6.612929049523616243e+01;6.612940008672038061e+01;7.219599694811853396e+01;7.219599702028079946e+01;6.066706452882371536e+00;6.066596933560418847e+00
2.483133105295570221e-03;6.607928922624977019e+01;6.607940008672036925e+01;7.214599694728293855e+01;7.214599702028080230e+01;6.066707721033168355e+00;6.066596933560433058e+00
2.497468389154143455e-03;6.602928794256973788e+01;6.602940008672037209e+01;7.209599694643765133e+01;7.209599702028080515e+01;6.066709003867913452e+00;6.066596933560433058e+00
2.511886431509579437e-03;6.597928664402596155e+01;6.597940008672037493e+01;7.204599694558260126e+01;7.204599702028079378e+01;6.066710301556639706e+00;6.066596933560418847e+00
2.526387710131895725e-03;6.592928533044631934e+01;6.592940008672037777e+01;7.199599694471763200e+01;7.199599702028079662e+01;6.066711614271312669e+00;6.066596933560418847e+00
2.540972705549306328e-03;6.587928400165669984e+01;6.587940008672036640e+01;7.194599694384264410e+01;7.194599702028079946e+01;6.066712942185944257e+00;6.066596933560433058e+00
2.555641901064139524e-03;6.582928265748103058e+01;6.582940008672036925e+01;7.189599694295753807e+01;7.189599702028078809e+01;6.066714285476507484e+00;6.066596933560418847e+00
2.570395782768864542e-03;6.577928129774115007e+01;6.577940008672037209e+01;7.184599694206217180e+01;7.184599702028079093e+01;6.066715644321021728e+00;6.066596933560418847e+00
2.585234839562191092e-03;6.572927992225683624e+01;6.572940008672037493e+01;7.179599694115644581e+01;7.179599702028079378e+01;6.066717018899609570e+00;6.066596933560418847e+00
2.600159563165272119e-03;6.567927853084580647e+01;6.567940008672037777e+01;7.174599694024023222e+01;7.174599702028079662e+01;6.066718409394425748e+00;6.066596933560418847e+00
2.615170448137997192e-03;6.562927712332363228e+01;6.562940008672038061e+01;7.169599693931340312e+01;7.169599702028079946e+01;6.066719815989770836e+00;6.066596933560418847e+00
2.630267991895381303e-03;6.557927569950379620e+01;6.557940008672036925e+01;7.164599693837584482e+01;7.164599702028080230e+01;6.066721238872048616e+00;6.066596933560433058e+00
2.645452694724048648e-03;6.552927425919757809e+01;6.552940008672037209e+01;7.159599693742742943e+01;7.159599702028080515e+01;6.066722678229851340e+00;6.066596933560433058e+00
2.660725059798808335e-03;6.547927280221409774e+01;6.547940008672037493e+01;7.154599693646802905e+01;7.154599702028080799e+01;6.066724134253931311e+00;6.066596933560433058e+00
2.676085593199333326e-03;6.542927132836024384e+01;6.542940008672036356e+01;7.149599693549751578e+01;7.149599702028079662e+01;6.066725607137271936e+00;6.066596933560433058e+00
2.691534803926916557e-03;6.537926983744070242e+01;6.537940008672036640e+01;7.144599693451579014e+01;7.144599702028079946e+01;6.066727097075087727e+00;6.066596933560433058e+00
2.707073203921357609e-03;6.532926832925788574e+01;6.532940008672036925e+01;7.139599693352266740e+01;7.139599702028080230e+01;6.066728604264781666e+00;6.066596933560433058e+00
2.722701308077912687e-03;6.527926680361188971e+01;6.527940008672037209e+01;7.134599693251806229e+01;7.134599702028080515e+01;6.066730128906172581e+00;6.066596933560433058e+00
2.738419634264361267e-03;6.522926526030050809e+01;6.522940008672037493e+01;7.129599693150181849e+01;7.129599702028079378e+01;6.066731671201310405e+00;6.066596933560418847e+00
2.754228703338165978e-03;6.517926369911924667e+01;6.517940008672037777e+01;7.124599693047380811e+01;7.124599702028079662e+01;6.066733231354561440e+00;6.066596933560418847e+00
2.770129039163732668e-03;6.512926211986116698e+01;6.512940008672038061e+01;7.119599692943388902e+01;7.119599702028079946e+01;6.066734809572722043e+00;6.066596933560418847e+00
2.786121168629769346e-03;6.507926052231697156e+01;6.507940008672038346e+01;7.114599692838193334e+01;7.114599702028080230e+01;6.066736406064961784e+00;6.066596933560418847e+00
2.802205621666745312e-03;6.502925890627494709e+01;6.502940008672038630e+01;7.109599692731779896e+01;7.109599702028080515e+01;6.066738021042851869e+00;6.066596933560418847e+00
2.818382931264454792e-03;6.497925727152090758e+01;6.497940008672037493e+01;7.104599692624132956e+01;7.104599702028079378e+01;6.066739654720421981e+00;6.066596933560418847e+00
2.834653633489668187e-03;6.492925561783822275e+01;6.492940008672037777e+01;7.099599692515239724e+01;7.099599702028079662e+01;6.066741307314174492e+00;6.066596933560418847e+00
2.851018267503909950e-03;6.487925394500769016e+01;6.487940008672038061e+01;7.094599692405085989e+01;7.094599702028079946e+01;6.066742979043169726e+00;6.066596933560418847e+00
2.867477375581316268e-03;6.482925225280763470e+01;6.482940008672036925e+01;7.089599692293657540e+01;7.089599702028080230e+01;6.066744670128940697e+00;6.066596933560433058e+00
2.884031503126605490e-03;6.477925054101379487e+01;6.477940008672037209e+01;7.084599692180938746e+01;7.084599702028080515e+01;6.066746380795592586e+00;6.066596933560433058e+00
2.900681198693153082e-03;6.472924880939929437e+01;6.472940008672037493e+01;7.079599692066913974e+01;7.079599702028079378e+01;6.066748111269845367e+00;6.066596933560418847e+00
2.917427014001165893e-03;6.467924705773465632e+01;6.467940008672037777e+01;7.074599691951570435e+01;7.074599702028079662e+01;6.066749861781048025e+00;6.066596933560418847e+00
2.934269503955970471e-03;6.462924528578771799e+01;6.462940008672036640e+01;7.069599691834888233e+01;7.069599702028079946e+01;6.066751632561164342e+00;6.066596933560433058e+00
2.951209226666386826e-03;6.457924349332365921e+01;6.457940008672036925e+01;7.064599691716856000e+01;7.064599702028078809e+01;6.066753423844900794e+00;6.066596933560418847e+00
2.968246743463243131e-03;6.452924168010491712e+01;6.452940008672037209e+01;7.059599691597458104e+01;7.059599702028079093e+01;6.066755235869663920e+00;6.066596933560418847e+00
2.985382618917960251e-03;6.447923984589120039e+01;6.447940008672037493e+01;7.054599691476678913e+01;7.054599702028079378e+01;6.066757068875588743e+00;6.066596933560418847e+00
3.002617420861267671e-03;6.442923799043940392e+01;6.442940008672037777e+01;7.049599691354498532e+01;7.049599702028079662e+01;6.066758923105581403e+00;6.066596933560418847e+00
3.019951720402016138e-03;6.437923611350366571e+01;6.437940008672038061e+01;7.044599691230904170e+01;7.044599702028079946e+01;6.066760798805375998e+00;6.066596933560418847e+00
3.037386091946104368e-03;6.432923421483521054e+01;6.432940008672036925e+01;7.039599691105878776e+01;7.039599702028080230e+01;6.066762696223577223e+00;6.066596933560433058e+00
3.054921113215512424e-03;6.427923229418240680e+01;6.427940008672037209e+01;7.034599690979406716e+01;7.034599702028080515e+01;6.066764615611660361e+00;6.066596933560433058e+00
3.072557365267445263e-03;6.422923035129073810e+01;6.422940008672037493e+01;7.029599690851468097e+01;7.029599702028080799e+01;6.066766557223942868e+00;6.066596933560433058e+00
3.090295432513592063e-03;6.417922838590270374e+01;6.417940008672036356e+01;7.024599690722048706e+01;7.024599702028079662e+01;6.066768521317783325e+00;6.066596933560433058e+00
3.108135902739476639e-03;6.412922639775784717e+01;6.412940008672036640e+01;7.019599690591131491e+01;7.019599702028079946e+01;6.066770508153467745e+00;6.066596933560433058e+00
3.126079367123955725e-03;6.407922438659268494e+01;6.407940008672036925e+01;7.014599690458697978e+01;7.014599702028080230e+01;6.066772517994294844e+00;6.066596933560433058e+00
3.144126420258795771e-03;6.402922235214067825e+01;6.402940008672037209e+01;7.009599690324731114e+01;7.009599702028080515e+01;6.066774551106632885e+00;6.066596933560433058e+00
3.162277660168379394e-03;6.397922029413222589e+01;6.397940008672037493e+01;7.004599690189212424e+01;7.004599702028079378e+01;6.066776607759898354e+00;6.066596933560418847e+00
3.180533688329520263e-03;6.392921821229457890e+01;6.392940008672037777e+01;6.999599690052124856e+01;6.999599702028079662e+01;6.066778688226669658e+00;6.066596933560418847e+00
3.198895109691397235e-03;6.387921610635183356e+01;6.387940008672038061e+01;6.994599689913449936e+01;6.994599702028079946e+01;6.066780792782665799e+00;6.066596933560418847e+00
3.217362532695600824e-03;6.382921397602490288e+01;6.382940008672036925e+01;6.989599689773169189e+01;6.989599702028078809e+01;6.066782921706789011e+00;6.066596933560418847e+00
3.235936569296281144e-03;6.377921182103149533e+01;6.377940008672037919e+01;6.984599689631264141e+01;6.984599702028080515e+01;6.066785075281146078e+00;6.066596933560425953e+00
3.254617834980460221e-03;6.372920964108597275e+01;6.372940008672037493e+01;6.979599689487714897e+01;6.979599702028079378e+01;6.066787253791176227e+00;6.066596933560418847e+00
3.273406948788382901e-03;6.367920743589947108e+01;6.367940008672037067e+01;6.974599689342504405e+01;6.974599702028079662e+01;6.066789457525572971e+00;6.066596933560425953e+00
3.292304533334065517e-03;6.362920520517974410e+01;6.362940008672037351e+01;6.969599689195612768e+01;6.969599702028079946e+01;6.066791686776383585e+00;6.066596933560425953e+00
3.311311214825910908e-03;6.357920294863117050e+01;6.357940008672037635e+01;6.964599689047018671e+01;6.964599702028080230e+01;6.066793941839016213e+00;6.066596933560425953e+00
3.330427623087463089e-03;6.352920066595470416e+01;6.352940008672037209e+01;6.959599688896705061e+01;6.959599702028080515e+01;6.066796223012346445e+00;6.066596933560433058e+00
3.349654391578275967e-03;6.347919835684783862e+01;6.347940008672037493e+01;6.954599688744652042e+01;6.954599702028079378e+01;6.066798530598681793e+00;6.066596933560418847e+00
3.368992157414906104e-03;6.342919602100457155e+01;6.342940008672037777e+01;6.949599688590838298e+01;6.949599702028079662e+01;6.066800864903811430e+00;6.066596933560418847e+00
3.388441561392027332e-03;6.337919365811531236e+01;6.337940008672036640e+01;6.944599688435241092e+01;6.944599702028079946e+01;6.066803226237098556e+00;6.066596933560433058e+00
3.408003248003648161e-03;6.332919126786699593e+01;6.332940008672038346e+01;6.939599688277843370e+01;6.939599702028080230e+01;6.066805614911437772e+00;6.066596933560418847e+00
3.427677865464504817e-03;6.327918884994279836e+01;6.327940008672037209e+01;6.934599688118622396e+01;6.934599702028079093e+01;6.066808031243425603e+00;6.066596933560418847e+00
3.447466065731494625e-03;6.322918640402232882e+01;6.322940008672037493e+01;6.929599687957559695e+01;6.929599702028079378e+01;6.066810475553268134e+00;6.066596933560418847e+00
3.467368504525316676e-03;6.317918392978143771e+01;6.317940008672037777e+01;6.924599687794629688e+01;6.924599702028079662e+01;6.066812948164859165e+00;6.066596933560418847e+00
3.487385841352183633e-03;6.312918142689224510e+01;6.312940008672037351e+01;6.919599687629815321e+01;6.919599702028079946e+01;6.066815449405908112e+00;6.066596933560425953e+00
3.507518739525679677e-03;6.307917889502306252e+01;6.307940008672037635e+01;6.914599687463091016e+01;6.914599702028080230e+01;6.066817979607847633e+00;6.066596933560425953e+00
3.527767866188738152e-03;6.302917633383835749e+01;6.302940008672037919e+01;6.909599687294436876e+01;6.909599702028080515e+01;6.066820539106011267e+00;6.066596933560425953e+00
3.548133892335753221e-03;6.297917374299874638e+01;6.297940008672037493e+01;6.904599687123828744e+01;6.904599702028080799e+01;6.066823128239541063e+00;6.066596933560433058e+00
3.568617492834813380e-03;6.292917112216086650e+01;6.292940008672037067e+01;6.899599686951245303e+01;6.899599702028079662e+01;6.066825747351586529e+00;6.066596933560425953e+00
3.589219346450053371e-03;6.287916847097741169e+01;6.287940008672037351e+01;6.894599686776663816e+01;6.894599702028079946e+01;6.066828396789226474e+00;6.066596933560425953e+00
3.609940135864166989e-03;6.282916578909706118e+01;6.282940008672036925e+01;6.889599686600061546e+01;6.889599702028080230e+01;6.066831076903554276e+00;6.066596933560433058e+00
3.630780547701014001e-03;6.277916307616442282e+01;6.277940008672037209e+01;6.884599686421412912e+01;6.884599702028080515e+01;6.066833788049706300e+00;6.066596933560433058e+00
3.651741272548377111e-03;6.272916033181996198e+01;6.272940008672037493e+01;6.879599686240696599e+01;6.879599702028079378e+01;6.066836530587004006e+00;6.066596933560418847e+00
3.672823004980846004e-03;6.267915755570002290e+01;6.267940008672037777e+01;6.874599686057887027e+01;6.874599702028079662e+01;6.066839304878847372e+00;6.066596933560418847e+00
3.694026443582833653e-03;6.262915474743670785e+01;6.262940008672038061e+01;6.869599685872961459e+01;6.869599702028079946e+01;6.066842111292906736e+00;6.066596933560418847e+00
3.715352290971727939e-03;6.257915190665787719e+01;6.257940008672036925e+01;6.864599685685891473e+01;6.864599702028078809e+01;6.066844950201037534e+00;6.066596933560418847e+00
3.736801253821156032e-03;6.252914903298709959e+01;6.252940008672037919e+01;6.859599685496660015e+01;6.859599702028080515e+01;6.066847821979500566e+00;6.066596933560425953e+00
3.758374042884443048e-03;6.247914612604353835e+01;6.247940008672037493e+01;6.854599685305234402e+01;6.854599702028079378e+01;6.066850727008805677e+00;6.066596933560418847e+00
3.780071373018112357e-03;6.242914318544198693e+01;6.242940008672037067e+01;6.849599685111593317e+01;6.849599702028079662e+01;6.066853665673946239e+00;6.066596933560425953e+00
3.801893963205612691e-03;6.237914021079278371e+01;6.237940008672037351e+01;6.844599684915709759e+01;6.844599702028079946e+01;6.066856638364313881e+00;6.066596933560425953e+00
3.823842536581126359e-03;6.232913720170173377e+01;6.232940008672037635e+01;6.839599684717558148e+01;6.839599702028080230e+01;6.066859645473847706e+00;6.066596933560425953e+00
3.845917820453535318e-03;6.227913415777008765e+01;6.227940008672037209e+01;6.834599684517111484e+01;6.834599702028080515e+01;6.066862687401027188e+00;6.066596933560433058e+00
3.868120546330520819e-03;6.222913107859447734e+01;6.222940008672037493e+01;6.829599684314344188e+01;6.829599702028079378e+01;6.066865764548964535e+00;6.066596933560418847e+00
3.890451449942804868e-03;6.217912796376688078e+01;6.217940008672037777e+01;6.824599684109229258e+01;6.824599702028079662e+01;6.066868877325411802e+00;6.066596933560418847e+00
3.912911271268531763e-03;6.212912481287452238e+01;6.212940008672036640e+01;6.819599683901738274e+01;6.819599702028079946e+01;6.066872026142860364e+00;6.066596933560433058e+00
3.935500754557772797e-03;6.207912162549988722e+01;6.207940008672038346e+01;6.814599683691845655e+01;6.814599702028078809e+01;6.066875211418569336e+00;6.066596933560404636e+00
3.958220648357226555e-03;6.202911840122059317e+01;6.202940008672037209e+01;6.809599683479521559e+01;6.809599702028079093e+01;6.066878433574622420e+00;6.066596933560418847e+00
3.981071705534973415e-03;6.197911513960939800e+01;6.197940008672037493e+01;6.804599683264738985e+01;6.804599702028079378e+01;6.066881693037991852e+00;6.066596933560418847e+00
4.004054683305463373e-03;6.192911184023409277e+01;6.192940008672037777e+01;6.799599683047469512e+01;6.799599702028079662e+01;6.066884990240602349e+00;6.066596933560418847e+00
4.027170343254590605e-03;6.187910850265747342e+01;6.187940008672037351e+01;6.794599682827684717e+01;6.794599702028079946e+01;6.066888325619373745e+00;6.066596933560425953e+00
4.050419451364931089e-03;6.182910512643726975e+01;6.182940008672037635e+01;6.789599682605354758e+01;6.789599702028080230e+01;6.066891699616277833e+00;6.066596933560425953e+00
4.073802778041125949e-03;6.177910171112610271e+01;6.177940008672037919e+01;6.784599682380451213e+01;6.784599702028080515e+01;6.066895112678409419e+00;6.066596933560425953e+00
4.097321098135413113e-03;6.172909825627140634e+01;6.172940008672037493e+01;6.779599682152942819e+01;6.779599702028080799e+01;6.066898565258021847e+00;6.066596933560433058e+00
4.120975190973303823e-03;6.167909476141537795e+01;6.167940008672037067e+01;6.774599681922798311e+01;6.774599702028079662e+01;6.066902057812605165e+00;6.066596933560425953e+00
4.144765840379392718e-03;6.162909122609492130e+01;6.162940008672037351e+01;6.769599681689990689e+01;6.769599702028079946e+01;6.066905590804985593e+00;6.066596933560425953e+00
4.168693834703355271e-03;6.157908764984157557e+01;6.157940008672036925e+01;6.764599681454485847e+01;6.764599702028080230e+01;6.066909164703282897e+00;6.066596933560433058e+00
4.192759966846054502e-03;6.152908403218145850e+01;6.152940008672037209e+01;6.759599681216255362e+01;6.759599702028080515e+01;6.066912779981095127e+00;6.066596933560433058e+00
4.216965034285822915e-03;6.147908037263519532e+01;6.147940008672037493e+01;6.754599680975265130e+01;6.754599702028079378e+01;6.066916437117455985e+00;6.066596933560418847e+00
4.241309839104881463e-03;6.142907667071788325e+01;6.142940008672037777e+01;6.749599680731485307e+01;6.749599702028079662e+01;6.066920136596969826e+00;6.066596933560418847e+00
4.265795188015925922e-03;6.137907292593897779e+01;6.137940008672038061e+01;6.744599680484883208e+01;6.744599702028079946e+01;6.066923878909854295e+00;6.066596933560418847e+00
4.290421892388857246e-03;6.132906913780227853e+01;6.132940008672036925e+01;6.739599680235423307e+01;6.739599702028078809e+01;6.066927664551954535e+00;6.066596933560418847e+00
4.315190768277649830e-03;6.127906530580584388e+01;6.127940008672037919e+01;6.734599679983077181e+01;6.734599702028080515e+01;6.066931494024927929e+00;6.066596933560425953e+00
4.340102636447440085e-03;6.122906142944188446e+01;6.122940008672037493e+01;6.729599679727807882e+01;6.729599702028079378e+01;6.066935367836194359e+00;6.066596933560418847e+00
4.365158322401660983e-03;6.117905750819680577e+01;6.117940008672037067e+01;6.724599679469582725e+01;6.724599702028079662e+01;6.066939286499021478e+00;6.066596933560425953e+00
4.390358656409447217e-03;6.112905354155099502e+01;6.112940008672037351e+01;6.719599679208367604e+01;6.719599702028079946e+01;6.066943250532681020e+00;6.066596933560425953e+00
4.415704473533125368e-03;6.107904952897887085e+01;6.107940008672037635e+01;6.714599678944128414e+01;6.714599702028080230e+01;6.066947260462413283e+00;6.066596933560425953e+00
4.441196613655888810e-03;6.102904546994875545e+01;6.102940008672037209e+01;6.709599678676828205e+01;6.709599702028080515e+01;6.066951316819526596e+00;6.066596933560433058e+00
4.466835921509630485e-03;6.097904136392280350e+01;6.097940008672037493e+01;6.704599678406434293e+01;6.704599702028079378e+01;6.066955420141539435e+00;6.066596933560418847e+00
4.492623246702932664e-03;6.092903721035697373e+01;6.092940008672037777e+01;6.699599678132908309e+01;6.699599702028079662e+01;6.066959570972109361e+00;6.066596933560418847e+00
4.518559443749225850e-03;6.087903300870088685e+01;6.087940008672036640e+01;6.694599677856214726e+01;6.694599702028079946e+01;6.066963769861260403e+00;6.066596933560433058e+00
4.544645372095084714e-03;6.082902875839786105e+01;6.082940008672038346e+01;6.689599677576319436e+01;6.689599702028080230e+01;6.066968017365333310e+00;6.066596933560418847e+00
4.570881896148752156e-03;6.077902445888468463e+01;6.077940008672037209e+01;6.684599677293179809e+01;6.684599702028079093e+01;6.066972314047113457e+00;6.066596933560418847e+00
4.597269885308722347e-03;6.072902010959169417e+01;6.072940008672037493e+01;6.679599677006763159e+01;6.679599702028079378e+01;6.066976660475937422e+00;6.066596933560418847e+00
4.623810213992603051e-03;6.067901570994260396e+01;6.067940008672037777e+01;6.674599676717031116e+01;6.674599702028079662e+01;6.066981057227707197e+00;6.066596933560418847e+00
4.650503761666062962e-03;6.062901125935447766e+01;6.062940008672037351e+01;6.669599676423942469e+01;6.669599702028079946e+01;6.066985504884947034e+00;6.066596933560425953e+00
4.677351412871981126e-03;6.057900675723760742e+01;6.057940008672037635e+01;6.664599676127460270e+01;6.664599702028080230e+01;6.066990004036995288e+00;6.066596933560425953e+00
4.704354057259760302e-03;6.052900220299547840e+01;6.052940008672037919e+01;6.659599675827544729e+01;6.659599702028080515e+01;6.066994555279968893e+00;6.066596933560425953e+00
4.731512589614802512e-03;6.047899759602466219e+01;6.047940008672037493e+01;6.654599675524157476e+01;6.654599702028080799e+01;6.066999159216912574e+00;6.066596933560433058e+00
4.758827909888171080e-03;6.042899293571475994e+01;6.042940008672037067e+01;6.649599675217255879e+01;6.649599702028079662e+01;6.067003816457798848e+00;6.066596933560425953e+00
4.786300923226385375e-03;6.037898822144829580e+01;6.037940008672037351e+01;6.644599674906801567e+01;6.644599702028079946e+01;6.067008527619719871e+00;6.066596933560425953e+00
4.813932540001448872e-03;6.032898345260064588e+01;6.032940008672036925e+01;6.639599674592751910e+01;6.639599702028080230e+01;6.067013293326873224e+00;6.066596933560433058e+00
4.841723675840994313e-03;6.027897862853998134e+01;6.027940008672037209e+01;6.634599674275065695e+01;6.634599702028080515e+01;6.067018114210675606e+00;6.066596933560433058e+00
4.869675251658630959e-03;6.022897374862711928e+01;6.022940008672037493e+01;6.629599673953701711e+01;6.629599702028079378e+01;6.067022990909897828e+00;6.066596933560418847e+00
4.897788193684460972e-03;6.017896881221552263e+01;6.017940008672037777e+01;6.624599673628614482e+01;6.624599702028079662e+01;6.067027924070622191e+00;6.066596933560418847e+00
4.926063433495771020e-03;6.012896381865112971e+01;6.012940008672038061e+01;6.619599673299765641e+01;6.619599702028079946e+01;6.067032914346526695e+00;6.066596933560418847e+00
4.954501908047905141e-03;6.007895876727236129e+01;6.007940008672036925e+01;6.614599672967105448e+01;6.614599702028078809e+01;6.067037962398693196e+00;6.066596933560418847e+00
4.983104559705292882e-03;6.002895365740994293e+01;6.002940008672037919e+01;6.609599672630596956e+01;6.609599702028080515e+01;6.067043068896026625e+00;6.066596933560425953e+00
5.011872336272724625e-03;5.997894848838684823e+01;5.997940008672037493e+01;6.604599672290189005e+01;6.604599702028079378e+01;6.067048234515041827e+00;6.066596933560418847e+00
5.040806191026695436e-03;5.992894325951824896e+01;5.992940008672037067e+01;6.599599671945840385e+01;6.599599702028079662e+01;6.067053459940154880e+00;6.066596933560425953e+00
5.069907082747044692e-03;5.987893797011138730e+01;5.987940008672037351e+01;6.594599671597505619e+01;6.594599702028079946e+01;6.067058745863668889e+00;6.066596933560425953e+00
5.099175975748701517e-03;5.982893261946544783e+01;5.982940008672037635e+01;6.589599671245136392e+01;6.589599702028080230e+01;6.067064092985916091e+00;6.066596933560425953e+00
5.128613839913647929e-03;5.977892720687155759e+01;5.977940008672037209e+01;6.584599670888685807e+01;6.584599702028080515e+01;6.067069502015300486e+00;6.066596933560433058e+00
5.158221650723055461e-03;5.972892173161260132e+01;5.972940008672037493e+01;6.579599670528109812e+01;6.579599702028079378e+01;6.067074973668496796e+00;6.066596933560418847e+00
5.188000389289609132e-03;5.967891619296320016e+01;5.967940008672037777e+01;6.574599670163357246e+01;6.574599702028079662e+01;6.067080508670372296e+00;6.066596933560418847e+00
5.217951042390025704e-03;5.962891059018951978e+01;5.962940008672036640e+01;6.569599669794379793e+01;6.569599702028079946e+01;6.067086107754278146e+00;6.066596933560433058e+00
5.248074602497722861e-03;5.957890492254933434e+01;5.957940008672038346e+01;6.564599669421131978e+01;6.564599702028080230e+01;6.067091771661985433e+00;6.066596933560418847e+00
5.278372067815769418e-03;5.952889918929172808e+01;5.952940008672037209e+01;6.559599669043561221e+01;6.559599702028079093e+01;6.067097501143884131e+00;6.066596933560418847e+00
5.308844442309884962e-03;5.947889338965714501e+01;5.947940008672037493e+01;6.554599668661617784e+01;6.554599702028079378e+01;6.067103296959032832e+00;6.066596933560418847e+00
5.339492735741766492e-03;5.942888752287724685e+01;5.942940008672037777e+01;6.549599668275251929e+01;6.549599702028079662e+01;6.067109159875272439e+00;6.066596933560418847e+00
5.370317963702526953e-03;5.937888158817477802e+01;5.937940008672037351e+01;6.544599667884413918e+01;6.544599702028079946e+01;6.067115090669361166e+00;6.066596933560425953e+00
5.401321147646347999e-03;5.932887558476349454e+01;5.932940008672037635e+01;6.539599667489048329e+01;6.539599702028080230e+01;6.067121090126988747e+00;6.066596933560425953e+00
5.432503314924330522e-03;5.927886951184808595e+01;5.927940008672037919e+01;6.534599667089105424e+01;6.534599702028080515e+01;6.067127159042968287e+00;6.066596933560425953e+00
5.463865498818539466e-03;5.922886336862398338e+01;5.922940008672037493e+01;6.529599666684531201e+01;6.529599702028080799e+01;6.067133298221328630e+00;6.066596933560433058e+00
5.495408738576248141e-03;5.917885715427735249e+01;5.917940008672037067e+01;6.524599666275271659e+01;6.524599702028079662e+01;6.067139508475364096e+00;6.066596933560425953e+00
5.527134079444350791e-03;5.912885086798493717e+01;5.912940008672037351e+01;6.519599665861274218e+01;6.519599702028079946e+01;6.067145790627805013e+00;6.066596933560425953e+00
5.559042572704037122e-03;5.907884450891393868e+01;5.907940008672036925e+01;6.514599665442482035e+01;6.514599702028080230e+01;6.067152145510881667e+00;6.066596933560433058e+00
5.591135275705602127e-03;5.902883807622192336e+01;5.902940008672037209e+01;6.509599665018841108e+01;6.509599702028080515e+01;6.067158573966487722e+00;6.066596933560433058e+00
5.623413251903490971e-03;5.897883156905672308e+01;5.897940008672037493e+01;6.504599664590294594e+01;6.504599702028079378e+01;6.067165076846222860e+00;6.066596933560418847e+00
5.655877570891539030e-03;5.892882498655630030e+01;5.892940008672037777e+01;6.499599664156785650e+01;6.499599702028079662e+01;6.067171655011556197e+00;6.066596933560418847e+00
5.688529308438413160e-03;5.887881832784864145e+01;5.887940008672038061e+01;6.494599663718256011e+01;6.494599702028079946e+01;6.067178309333918662e+00;6.066596933560418847e+00
5.721369546523268068e-03;5.882881159205163613e+01;5.882940008672036925e+01;6.489599663274648833e+01;6.489599702028078809e+01;6.067185040694852205e+00;6.066596933560418847e+00
5.754399373371566623e-03;5.877880477827302741e+01;5.877940008672037919e+01;6.484599662825905853e+01;6.484599702028080515e+01;6.067191849986031116e+00;6.066596933560425953e+00
5.787619883491208934e-03;5.872879788561011338e+01;5.872940008672037493e+01;6.479599662371965962e+01;6.479599702028079378e+01;6.067198738109546241e+00;6.066596933560418847e+00
5.821032177708716088e-03;5.867879091314986795e+01;5.867940008672037067e+01;6.474599661912770898e+01;6.474599702028079662e+01;6.067205705977841035e+00;6.066596933560425953e+00
5.854637363205772958e-03;5.862878385996864239e+01;5.862940008672037351e+01;6.469599661448256711e+01;6.469599702028079946e+01;6.067212754513924722e+00;6.066596933560425953e+00
5.888436553555889859e-03;5.857877672513210854e+01;5.857940008672037635e+01;6.464599660978365137e+01;6.464599702028080230e+01;6.067219884651542827e+00;6.066596933560425953e+00
5.922430868761305311e-03;5.852876950769513087e+01;5.852940008672037209e+01;6.459599660503032226e+01;6.459599702028080515e+01;6.067227097335191388e+00;6.066596933560433058e+00
5.956621435290103059e-03;5.847876220670163150e+01;5.847940008672037493e+01;6.454599660022194030e+01;6.454599702028079378e+01;6.067234393520308799e+00;6.066596933560418847e+00
5.991009386113537241e-03;5.842875482118449781e+01;5.842940008672037777e+01;6.449599659535789442e+01;6.449599702028079662e+01;6.067241774173396607e+00;6.066596933560418847e+00
6.025595860743580487e-03;5.837874735016537642e+01;5.837940008672036640e+01;6.444599659043751672e+01;6.444599702028079946e+01;6.067249240272140298e+00;6.066596933560433058e+00
6.060382005270660219e-03;5.832873979265467312e+01;5.832940008672038346e+01;6.439599658546016769e+01;6.439599702028080230e+01;6.067256792805494570e+00;6.066596933560418847e+00
6.095368972401693335e-03;5.827873214765125454e+01;5.827940008672037209e+01;6.434599658042517945e+01;6.434599702028079093e+01;6.067264432773924909e+00;6.066596933560418847e+00
6.130557921498208489e-03;5.822872441414246936e+01;5.822940008672037493e+01;6.429599657533188406e+01;6.429599702028079378e+01;6.067272161189414703e+00;6.066596933560418847e+00
6.165950018614822260e-03;5.817871659110392102e+01;5.817940008672037777e+01;6.424599657017962784e+01;6.424599702028079662e+01;6.067279979075706819e+00;6.066596933560418847e+00
6.201546436537854097e-03;5.812870867749938952e+01;5.812940008672037351e+01;6.419599656496770024e+01;6.419599702028079946e+01;6.067287887468310714e+00;6.066596933560425953e+00
6.237348354824191060e-03;5.807870067228063249e+01;5.807940008672037635e+01;6.414599655969541914e+01;6.414599702028080230e+01;6.067295887414786648e+00;6.066596933560425953e+00
6.273356959840378951e-03;5.802869257438729989e+01;5.802940008672037919e+01;6.409599655436208820e+01;6.409599702028080515e+01;6.067303979974788319e+00;6.066596933560425953e+00
6.309573444801930275e-03;5.797868438274676350e+01;5.797940008672037493e+01;6.404599654896701111e+01;6.404599702028080799e+01;6.067312166220247605e+00;6.066596933560433058e+00
6.345999009812871607e-03;5.792867609627400327e+01;5.792940008672037067e+01;6.399599654350944888e+01;6.399599702028079662e+01;6.067320447235445613e+00;6.066596933560425953e+00
6.382634861905489565e-03;5.787866771387143672e+01;5.787940008672037351e+01;6.394599653798869809e+01;6.394599702028079946e+01;6.067328824117261377e+00;6.066596933560425953e+00
6.419482215080359565e-03;5.782865923442877687e+01;5.782940008672036925e+01;6.389599653240401977e+01;6.389599702028079520e+01;6.067337297975242905e+00;6.066596933560425953e+00
6.456542290346555836e-03;5.777865065682291856e+01;5.777940008672037209e+01;6.384599652675468207e+01;6.384599702028079804e+01;6.067345869931763502e+00;6.066596933560425953e+00
6.493816315762112983e-03;5.772864197991773239e+01;5.772940008672037493e+01;6.379599652103991758e+01;6.379599702028080088e+01;6.067354541122185196e+00;6.066596933560425953e+00
6.531305526474722595e-03;5.767863320256396520e+01;5.767940008672037777e+01;6.374599651525898025e+01;6.374599702028079662e+01;6.067363312695015054e+00;6.066596933560418847e+00
6.569011164762661448e-03;5.762862432359906251e+01;5.762940008672038061e+01;6.369599650941110269e+01;6.369599702028079946e+01;6.067372185812040186e+00;6.066596933560418847e+00
6.606934480075964296e-03;5.757861534184701924e+01;5.757940008672036925e+01;6.364599650349550330e+01;6.364599702028079520e+01;6.067381161648484067e+00;6.066596933560425953e+00
6.645076729077791823e-03;5.752860625611825185e+01;5.752940008672037919e+01;6.359599649751142181e+01;6.359599702028080515e+01;6.067390241393169958e+00;6.066596933560425953e+00
6.683439175686149009e-03;5.747859706520937806e+01;5.747940008672037493e+01;6.354599649145803397e+01;6.354599702028079378e+01;6.067399426248655914e+00;6.066596933560418847e+00
6.722023091115669410e-03;5.742858776790312447e+01;5.742940008672037067e+01;6.349599648533455110e+01;6.349599702028079662e+01;6.067408717431426624e+00;6.066596933560425953e+00
6.760829753919818386e-03;5.737857836296811342e+01;5.737940008672037351e+01;6.344599647914017027e+01;6.344599702028079946e+01;6.067418116172056841e+00;6.066596933560425953e+00
6.799860450033223813e-03;5.732856884915874929e+01;5.732940008672037635e+01;6.339599647287406015e+01;6.339599702028080230e+01;6.067427623715310858e+00;6.066596933560425953e+00
6.839116472814293045e-03;5.727855922521501952e+01;5.727940008672037209e+01;6.334599646653538230e+01;6.334599702028079804e+01;6.067437241320362773e+00;6.066596933560425953e+00
6.878599123088074453e-03;5.722854948986232415e+01;5.722940008672037493e+01;6.329599646012331959e+01;6.329599702028080088e+01;6.067446970260995442e+00;6.066596933560425953e+00
6.918309709189362708e-03;5.717853964181134074e+01;5.717940008672037777e+01;6.324599645363700517e+01;6.324599702028080372e+01;6.067456811825664431e+00;6.066596933560425953e+00
6.958249547006056454e-03;5.712852967975781127e+01;5.712940008672036640e+01;6.319599644707557218e+01;6.319599702028079236e+01;6.067466767317760912e+00;6.066596933560425953e+00
6.998419960022731097e-03;5.707851960238242839e+01;5.707940008672038346e+01;6.314599644043817506e+01;6.314599702028080230e+01;6.067476838055746668e+00;6.066596933560418847e+00
7.038822279364570673e-03;5.702850940835057258e+01;5.702940008672037209e+01;6.309599643372390432e+01;6.309599702028079804e+01;6.067487025373331733e+00;6.066596933560425953e+00
7.079457843841380389e-03;5.697849909631224818e+01;5.697940008672037493e+01;6.304599642693190020e+01;6.304599702028079378e+01;6.067497330619652018e+00;6.066596933560418847e+00
7.120327999992025897e-03;5.692848866490179915e+01;5.692940008672037777e+01;6.299599642006124611e+01;6.299599702028079662e+01;6.067507755159446958e+00;6.066596933560418847e+00
7.161434102129020027e-03;5.687847811273780252e+01;5.687940008672037351e+01;6.294599641311102545e+01;6.294599702028079946e+01;6.067518300373222928e+00;6.066596933560425953e+00
7.202777512383406154e-03;5.682846743842283388e+01;5.682940008672037635e+01;6.289599640608034292e+01;6.289599702028080230e+01;6.067528967657509043e+00;6.066596933560425953e+00
7.244359600749898306e-03;5.677845664054332531e+01;5.677940008672037919e+01;6.284599639896823930e+01;6.284599702028080515e+01;6.067539758424913998e+00;6.066596933560425953e+00
7.286181745132274540e-03;5.672844571766936639e+01;5.672940008672037493e+01;6.279599639177377668e+01;6.279599702028080088e+01;6.067550674104410291e+00;6.066596933560425953e+00
7.328245331389044402e-03;5.667843466835448396e+01;5.667940008672037067e+01;6.274599638449600292e+01;6.274599702028079662e+01;6.067561716141518957e+00;6.066596933560425953e+00
7.370551753379346246e-03;5.662842349113550000e+01;5.662940008672037351e+01;6.269599637713396589e+01;6.269599702028079946e+01;6.067572885998465892e+00;6.066596933560425953e+00
7.413102413009176744e-03;5.657841218453231136e+01;5.657940008672036925e+01;6.264599636968667085e+01;6.264599702028079520e+01;6.067584185154359488e+00;6.066596933560425953e+00
7.455898720277815556e-03;5.652840074704769791e+01;5.652940008672037209e+01;6.259599636215314433e+01;6.259599702028079804e+01;6.067595615105446427e+00;6.066596933560425953e+00
7.498942093324557912e-03;5.647838917716711649e+01;5.647940008672037493e+01;6.254599635453239159e+01;6.254599702028080088e+01;6.067607177365275106e+00;6.066596933560425953e+00
7.542233958475706539e-03;5.642837747335850906e+01;5.642940008672037777e+01;6.249599634682338944e+01;6.249599702028079662e+01;6.067618873464880380e+00;6.066596933560418847e+00
7.585775750291835935e-03;5.637836563407211798e+01;5.637940008672038061e+01;6.244599633902511471e+01;6.244599702028079946e+01;6.067630704952996723e+00;6.066596933560418847e+00
7.629568911615335937e-03;5.632835365774024439e+01;5.632940008672036925e+01;6.239599633113654420e+01;6.239599702028079520e+01;6.067642673396299813e+00;6.066596933560425953e+00
7.673614893618186002e-03;5.627834154277708478e+01;5.627940008672037919e+01;6.234599632315664053e+01;6.234599702028080515e+01;6.067654780379555746e+00;6.066596933560425953e+00
7.717915155850127613e-03;5.622832928757846105e+01;5.622940008672037493e+01;6.229599631508431656e+01;6.229599702028079378e+01;6.067667027505855515e+00;6.066596933560418847e+00
7.762471166286919952e-03;5.617831689052169963e+01;5.617940008672037067e+01;6.224599630691852781e+01;6.224599702028079662e+01;6.067679416396828174e+00;6.066596933560425953e+00
7.807284401379069143e-03;5.612830434996531181e+01;5.612940008672037351e+01;6.219599629865818713e+01;6.219599702028079946e+01;6.067691948692875314e+00;6.066596933560425953e+00
7.852356346100718837e-03;5.607829166424884448e+01;5.607940008672037635e+01;6.214599629030218608e+01;6.214599702028080230e+01;6.067704626053341599e+00;6.066596933560425953e+00
7.897688493998855641e-03;5.602827883169267409e+01;5.602940008672037209e+01;6.209599628184943754e+01;6.209599702028079804e+01;6.067717450156763448e+00;6.066596933560425953e+00
7.943282347242813790e-03;5.597826585059770821e+01;5.597940008672037493e+01;6.204599627329880462e+01;6.204599702028080088e+01;6.067730422701096415e+00;6.066596933560425953e+00
7.989139416674040026e-03;5.592825271924525055e+01;5.592940008672037777e+01;6.199599626464916469e+01;6.199599702028080372e+01;6.067743545403914140e+00;6.066596933560425953e+00
8.035261221856177666e-03;5.587823943589670250e+01;5.587940008672036640e+01;6.194599625589935954e+01;6.194599702028079236e+01;6.067756820002657037e+00;6.066596933560425953e+00
8.081649291125368381e-03;5.582822599879342107e+01;5.582940008672038346e+01;6.189599624704825231e+01;6.189599702028080230e+01;6.067770248254831245e+00;6.066596933560418847e+00
8.128305161640994592e-03;5.577821240615631382e+01;5.577940008672037209e+01;6.184599623809462798e+01;6.184599702028079804e+01;6.067783831938314165e+00;6.066596933560425953e+00
8.175230379436501660e-03;5.572819865618585311e+01;5.572940008672037493e+01;6.179599622903734257e+01;6.179599702028079378e+01;6.067797572851489463e+00;6.066596933560418847e+00
8.222426499470712746e-03;5.567818474706163556e+01;5.567940008672037777e+01;6.174599621987517395e+01;6.174599702028079662e+01;6.067811472813538387e+00;6.066596933560418847e+00
8.269895085679317137e-03;5.562817067694220441e+01;5.562940008672037351e+01;6.169599621060691419e+01;6.169599702028079946e+01;6.067825533664709781e+00;6.066596933560425953e+00
8.317637711026708985e-03;5.557815644396485055e+01;5.557940008672037635e+01;6.164599620123134116e+01;6.164599702028080230e+01;6.067839757266490608e+00;6.066596933560425953e+00
8.365655957558098405e-03;5.552814204624531413e+01;5.552940008672037919e+01;6.159599619174719720e+01;6.159599702028080515e+01;6.067854145501883067e+00;6.066596933560425953e+00
8.413951416451946955e-03;5.547812748187752874e+01;5.547940008672037493e+01;6.154599618215322465e+01;6.154599702028080088e+01;6.067868700275695915e+00;6.066596933560425953e+00
8.462525688072696298e-03;5.542811274893342954e+01;5.542940008672037067e+01;6.149599617244816585e+01;6.149599702028079662e+01;6.067883423514736307e+00;6.066596933560425953e+00
8.511380382023767469e-03;5.537809784546266201e+01;5.537940008672037351e+01;6.144599616263072051e+01;6.144599702028079946e+01;6.067898317168058497e+00;6.066596933560425953e+00
8.560517117200948725e-03;5.532808276949231896e+01;5.532940008672036925e+01;6.139599615269960964e+01;6.139599702028079520e+01;6.067913383207290678e+00;6.066596933560425953e+00
8.609937521846007177e-03;5.527806751902665638e+01;5.527940008672037209e+01;6.134599614265349032e+01;6.134599702028079804e+01;6.067928623626833939e+00;6.066596933560425953e+00
8.659643233600654300e-03;5.522805209204690158e+01;5.522940008672037493e+01;6.129599613249104806e+01;6.129599702028080088e+01;6.067944040444146481e+00;6.066596933560425953e+00
8.709635899560804612e-03;5.517803648651094761e+01;5.517940008672037777e+01;6.124599612221093281e+01;6.124599702028079662e+01;6.067959635699985199e+00;6.066596933560418847e+00
8.759917176331169161e-03;5.512802070035303359e+01;5.512940008672038061e+01;6.119599611181178034e+01;6.119599702028079946e+01;6.067975411458746748e+00;6.066596933560418847e+00
8.810488730080147379e-03;5.507800473148358122e+01;5.507940008672036925e+01;6.114599610129219087e+01;6.114599702028079520e+01;6.067991369808609647e+00;6.066596933560425953e+00
8.861352236594994755e-03;5.502798857778884667e+01;5.502940008672037919e+01;6.109599609065081438e+01;6.109599702028080515e+01;6.068007512861967712e+00;6.066596933560425953e+00
8.912509381337458889e-03;5.497797223713061499e+01;5.497940008672037493e+01;6.104599607988619425e+01;6.104599702028079378e+01;6.068023842755579267e+00;6.066596933560418847e+00
8.963961859499502277e-03;5.492795570734600830e+01;5.492940008672037067e+01;6.099599606899694493e+01;6.099599702028079662e+01;6.068040361650936632e+00;6.066596933560425953e+00
9.015711376059569807e-03;5.487793898624713052e+01;5.487940008672037351e+01;6.094599605798159558e+01;6.094599702028079946e+01;6.068057071734465069e+00;6.066596933560425953e+00
9.067759645839048796e-03;5.482792207162078313e+01;5.482940008672037635e+01;6.089599604683870382e+01;6.089599702028080230e+01;6.068073975217920690e+00;6.066596933560425953e+00
9.120108393559096804e-03;5.477790496122822361e+01;5.477940008672037209e+01;6.084599603556677039e+01;6.084599702028079804e+01;6.068091074338546775e+00;6.066596933560425953e+00
9.172759353897793830e-03;5.472788765280481016e+01;5.472940008672037493e+01;6.079599602416433157e+01;6.079599702028080088e+01;6.068108371359521414e+00;6.066596933560425953e+00
9.225714271547629311e-03;5.467787014405972457e+01;5.467940008672037777e+01;6.074599601262984550e+01;6.074599702028080372e+01;6.068125868570120929e+00;6.066596933560425953e+00
9.278974901273316991e-03;5.462785243267571644e+01;5.462940008672036640e+01;6.069599600096179159e+01;6.069599702028079236e+01;6.068143568286075151e+00;6.066596933560425953e+00
9.332543007969904686e-03;5.457783451630873373e+01;5.457940008672038346e+01;6.064599598915864931e+01;6.064599702028080230e+01;6.068161472849915583e+00;6.066596933560418847e+00
9.386420366721355893e-03;5.452781639258758872e+01;5.452940008672037209e+01;6.059599597721880571e+01;6.059599702028079804e+01;6.068179584631216983e+00;6.066596933560425953e+00
9.440608762859235489e-03;5.447779805911378048e+01;5.447940008672037493e+01;6.054599596514072601e+01;6.054599702028079378e+01;6.068197906026945532e+00;6.066596933560418847e+00
9.495109992021983497e-03;5.442777951346103293e+01;5.442940008672037777e+01;6.049599595292277598e+01;6.049599702028079662e+01;6.068216439461743050e+00;6.066596933560418847e+00
9.549925860214358853e-03;5.437776075317506752e+01;5.437940008672037351e+01;6.044599594056335690e+01;6.044599702028079946e+01;6.068235187388289376e+00;6.066596933560425953e+00
9.605058183867304714e-03;5.432774177577321950e+01;5.432940008672037635e+01;6.039599592806081318e+01;6.039599702028080230e+01;6.068254152287593683e+00;6.066596933560425953e+00
9.660508789898131221e-03;5.427772257874415374e+01;5.427940008672037919e+01;6.034599591541351060e+01;6.034599702028080515e+01;6.068273336669356866e+00;6.066596933560425953e+00
9.716279515771057348e-03;5.422770315954751652e+01;5.422940008672037493e+01;6.029599590261975095e+01;6.029599702028080088e+01;6.068292743072234430e+00;6.066596933560425953e+00
9.772372209558111839e-03;5.417768351561360163e+01;5.417940008672037067e+01;6.024599588967784314e+01;6.024599702028079662e+01;6.068312374064241510e+00;6.066596933560425953e+00
9.828788730000325574e-03;5.412766364434303767e+01;5.412940008672037351e+01;6.019599587658607476e+01;6.019599702028079946e+01;6.068332232243037083e+00;6.066596933560425953e+00
9.885530946569390590e-03;5.407764354310637600e+01;5.407940008672036925e+01;6.014599586334271919e+01;6.014599702028079520e+01;6.068352320236343189e+00;6.066596933560425953e+00
9.942600739529567147e-03;5.402762320924384198e+01;5.402940008672037209e+01;6.009599584994600718e+01;6.009599702028079804e+01;6.068372640702165199e+00;6.066596933560425953e+00
1.000000000000000021e-02;5.397760264006487319e+01;5.397940008672037493e+01;6.004599583639417659e+01;6.004599702028080088e+01;6.068393196329303407e+00;6.066596933560425953e+00
1.005773063001738112e-02;5.392758183284789197e+01;5.392940008672037777e+01;5.999599582268541553e+01;5.999599702028079662e+01;6.068413989837523559e+00;6.066596933560418847e+00
1.011579454259898744e-02;5.387756078483982236e+01;5.387940008672038061e+01;5.994599580881791212e+01;5.994599702028079236e+01;6.068435023978089760e+00;6.066596933560411742e+00
1.017419366180605071e-02;5.382753949325584131e+01;5.382940008672037635e+01;5.989599579478984026e+01;5.989599702028079520e+01;6.068456301533998953e+00;6.066596933560418847e+00
1.023292992280754217e-02;5.377751795527891687e+01;5.377940008672037919e+01;5.984599578059932412e+01;5.984599702028079093e+01;6.068477825320407248e+00;6.066596933560411742e+00
1.029200527194428123e-02;5.372749616805947426e+01;5.372940008672038203e+01;5.979599576624448787e+01;5.979599702028079378e+01;6.068499598185013610e+00;6.066596933560411742e+00
1.035142166679344118e-02;5.367747412871507606e+01;5.367940008672037067e+01;5.974599575172342725e+01;5.974599702028079662e+01;6.068521623008351185e+00;6.066596933560425953e+00
1.041118107623339659e-02;5.362745183432991780e+01;5.362940008672037351e+01;5.969599573703423090e+01;5.969599702028079946e+01;6.068543902704313098e+00;6.066596933560425953e+00
1.047128548050899575e-02;5.357742928195457921e+01;5.357940008672037635e+01;5.964599572217494483e+01;5.964599702028080230e+01;6.068566440220365621e+00;6.066596933560425953e+00
1.053173687129715930e-02;5.352740646860556240e+01;5.352940008672037209e+01;5.959599570714359373e+01;5.959599702028079804e+01;6.068589238538031339e+00;6.066596933560425953e+00
1.059253725177288635e-02;5.347738339126487972e+01;5.347940008672037493e+01;5.954599569193818098e+01;5.954599702028080088e+01;6.068612300673301263e+00;6.066596933560425953e+00
1.065368863667563552e-02;5.342736004687971985e+01;5.342940008672037777e+01;5.949599567655670285e+01;5.949599702028079662e+01;6.068635629676983001e+00;6.066596933560418847e+00
1.071519305237606488e-02;5.337733643236201431e+01;5.337940008672038061e+01;5.944599566099711296e+01;5.944599702028079236e+01;6.068659228635098657e+00;6.066596933560411742e+00
1.077705253694321783e-02;5.332731254458803249e+01;5.332940008672038346e+01;5.939599564525735076e+01;5.939599702028079520e+01;6.068683100669318264e+00;6.066596933560411742e+00
1.083926914021203329e-02;5.327728838039794823e+01;5.327940008672037919e+01;5.934599562933533434e+01;5.934599702028079804e+01;6.068707248937386112e+00;6.066596933560418847e+00
1.090184492385127928e-02;5.322726393659547028e+01;5.322940008672037493e+01;5.929599561322893919e+01;5.929599702028079378e+01;6.068731676633468908e+00;6.066596933560418847e+00
1.096478196143185063e-02;5.317723920994741604e+01;5.317940008672037777e+01;5.924599559693604789e+01;5.924599702028079662e+01;6.068756386988631846e+00;6.066596933560418847e+00
1.102808233849551962e-02;5.312721419718322124e+01;5.312940008672037351e+01;5.919599558045449328e+01;5.919599702028079946e+01;6.068781383271272034e+00;6.066596933560425953e+00
1.109174815262400915e-02;5.307718889499461312e+01;5.307940008672037635e+01;5.914599556378209400e+01;5.914599702028080230e+01;6.068806668787480874e+00;6.066596933560425953e+00
1.115578151350852566e-02;5.302716330003506329e+01;5.302940008672037919e+01;5.909599554691663315e+01;5.909599702028079093e+01;6.068832246881569858e+00;6.066596933560411742e+00
1.122018454301963557e-02;5.297713740891947509e+01;5.297940008672037493e+01;5.904599552985588673e+01;5.904599702028079378e+01;6.068858120936411638e+00;6.066596933560418847e+00
1.128495937527761693e-02;5.292711121822361520e+01;5.292940008672037777e+01;5.899599551259758101e+01;5.899599702028079662e+01;6.068884294373965815e+00;6.066596933560418847e+00
1.135010815672314946e-02;5.287708472448372987e+01;5.287940008672038061e+01;5.894599549513944226e+01;5.894599702028079946e+01;6.068910770655712383e+00;6.066596933560418847e+00
1.141563304618845899e-02;5.282705792419609736e+01;5.282940008672036925e+01;5.889599547747913277e+01;5.889599702028079520e+01;6.068937553283035413e+00;6.066596933560425953e+00
1.148153621496882971e-02;5.277703081381653760e+01;5.277940008672037209e+01;5.884599545961434330e+01;5.884599702028079804e+01;6.068964645797805701e+00;6.066596933560425953e+00
1.154781984689458134e-02;5.272700338975995038e+01;5.272940008672037493e+01;5.879599544154267221e+01;5.879599702028080088e+01;6.068992051782721830e+00;6.066596933560425953e+00
1.161448613840342613e-02;5.267697564839987479e+01;5.267940008672037777e+01;5.874599542326174628e+01;5.874599702028079662e+01;6.069019774861871497e+00;6.066596933560418847e+00
1.168153729861324923e-02;5.262694758606794920e+01;5.262940008672038061e+01;5.869599540476914967e+01;5.869599702028079236e+01;6.069047818701200470e+00;6.066596933560411742e+00
1.174897554939529666e-02;5.257691919905353473e+01;5.257940008672037635e+01;5.864599538606240969e+01;5.864599702028079520e+01;6.069076187008874967e+00;6.066596933560418847e+00
1.181680312544783687e-02;5.252689048360308988e+01;5.252940008672037919e+01;5.859599536713904655e+01;5.859599702028079093e+01;6.069104883535956674e+00;6.066596933560411742e+00
1.188502227437018312e-02;5.247686143591981534e+01;5.247940008672038203e+01;5.854599534799657334e+01;5.854599702028079378e+01;6.069133912076758008e+00;6.066596933560411742e+00
1.195363525673718945e-02;5.242683205216305709e+01;5.242940008672037067e+01;5.849599532863243923e+01;5.849599702028079662e+01;6.069163276469382140e+00;6.066596933560425953e+00
1.202264434617413176e-02;5.237680232844785166e+01;5.237940008672037351e+01;5.844599530904407914e+01;5.844599702028079946e+01;6.069192980596227471e+00;6.066596933560425953e+00
1.209205182943208501e-02;5.232677226084440747e+01;5.232940008672037635e+01;5.839599528922889249e+01;5.839599702028080230e+01;6.069223028384485019e+00;6.066596933560425953e+00
1.216186000646367858e-02;5.227674184537755764e+01;5.227940008672037209e+01;5.834599526918425738e+01;5.834599702028079804e+01;6.069253423806699743e+00;6.066596933560425953e+00
1.223207119049932005e-02;5.222671107802631241e+01;5.222940008672037493e+01;5.829599524890752349e+01;5.829599702028079378e+01;6.069284170881211082e+00;6.066596933560418847e+00
1.230268770812381791e-02;5.217667995472322673e+01;5.217940008672037777e+01;5.824599522839599075e+01;5.824599702028079662e+01;6.069315273672764022e+00;6.066596933560418847e+00
1.237371189935352472e-02;5.212664847135398816e+01;5.212940008672038061e+01;5.819599520764694489e+01;5.819599702028079236e+01;6.069346736292956734e+00;6.066596933560411742e+00
1.244514611771384976e-02;5.207661662375674894e+01;5.207940008672038346e+01;5.814599518665764322e+01;5.814599702028079520e+01;6.069378562900894281e+00;6.066596933560411742e+00
1.251699273031724874e-02;5.202658440772169968e+01;5.202940008672037919e+01;5.809599516542529329e+01;5.809599702028079804e+01;6.069410757703593617e+00;6.066596933560418847e+00
1.258925411794167490e-02;5.197655181899043697e+01;5.197940008672037493e+01;5.804599514394708137e+01;5.804599702028079378e+01;6.069443324956644403e+00;6.066596933560418847e+00
1.266193267510944305e-02;5.192651885325543049e+01;5.192940008672037777e+01;5.799599512222015818e+01;5.799599702028079662e+01;6.069476268964727694e+00;6.066596933560418847e+00
1.273503081016661570e-02;5.187648550615947585e+01;5.187940008672037351e+01;5.794599510024166023e+01;5.794599702028079946e+01;6.069509594082184378e+00;6.066596933560425953e+00
1.280855094536278473e-02;5.182645177329508357e+01;5.182940008672037635e+01;5.789599507800866007e+01;5.789599702028080230e+01;6.069543304713576504e+00;6.066596933560425953e+00
1.288249551693134223e-02;5.177641765020393194e+01;5.177940008672037919e+01;5.784599505551820897e+01;5.784599702028079093e+01;6.069577405314277030e+00;6.066596933560411742e+00
1.295686697517019551e-02;5.172638313237630570e+01;5.172940008672037493e+01;5.779599503276733685e+01;5.779599702028079378e+01;6.069611900391031156e+00;6.066596933560418847e+00
1.303166778452299369e-02;5.167634821525044231e+01;5.167940008672037777e+01;5.774599500975302391e+01;5.774599702028079662e+01;6.069646794502581599e+00;6.066596933560418847e+00
1.310690042366076564e-02;5.162631289421196357e+01;5.162940008672038061e+01;5.769599498647220770e+01;5.769599702028079946e+01;6.069682092260244133e+00;6.066596933560418847e+00
1.318256738556407466e-02;5.157627716459329292e+01;5.157940008672036925e+01;5.764599496292181158e+01;5.764599702028079520e+01;6.069717798328518654e+00;6.066596933560425953e+00
1.325867117760559308e-02;5.152624102167302311e+01;5.152940008672037209e+01;5.759599493909873047e+01;5.759599702028079804e+01;6.069753917425707357e+00;6.066596933560425953e+00
1.333521432163324062e-02;5.147620446067531219e+01;5.147940008672037493e+01;5.754599491499978114e+01;5.754599702028080088e+01;6.069790454324468953e+00;6.066596933560425953e+00
1.341219935405370961e-02;5.142616747676922273e+01;5.142940008672037777e+01;5.749599489062178037e+01;5.749599702028079662e+01;6.069827413852557640e+00;6.066596933560418847e+00
1.348962882591654006e-02;5.137613006506813917e+01;5.137940008672038061e+01;5.744599486596149518e+01;5.744599702028079236e+01;6.069864800893356005e+00;6.066596933560411742e+00
1.356750530299861805e-02;5.132609222062909282e+01;5.132940008672037635e+01;5.739599484101566418e+01;5.739599702028079520e+01;6.069902620386571357e+00;6.066596933560418847e+00
1.364583136588924488e-02;5.127605393845211523e+01;5.127940008672037919e+01;5.734599481578096913e+01;5.734599702028079093e+01;6.069940877328853901e+00;6.066596933560411742e+00
1.372460961007561896e-02;5.122601521347960585e+01;5.122940008672038203e+01;5.729599479025407049e+01;5.729599702028079378e+01;6.069979576774464647e+00;6.066596933560411742e+00
1.380384264602885214e-02;5.117597604059567828e+01;5.117940008672037067e+01;5.724599476443158608e+01;5.724599702028079662e+01;6.070018723835907792e+00;6.066596933560425953e+00
1.388353309929045605e-02;5.112593641462542848e+01;5.112940008672037351e+01;5.719599473831009107e+01;5.719599702028079946e+01;6.070058323684662582e+00;6.066596933560425953e+00
1.396368361055937667e-02;5.107589633033435206e+01;5.107940008672037635e+01;5.714599471188611801e+01;5.714599702028080230e+01;6.070098381551765954e+00;6.066596933560425953e+00
1.404429683577947466e-02;5.102585578242756981e+01;5.102940008672037209e+01;5.709599468515617104e+01;5.709599702028079804e+01;6.070138902728601238e+00;6.066596933560425953e+00
1.412537544622754701e-02;5.097581476554918822e+01;5.097940008672037493e+01;5.704599465811671166e+01;5.704599702028079378e+01;6.070179892567523439e+00;6.066596933560418847e+00
1.420692212860182393e-02;5.092577327428159606e+01;5.092940008672037777e+01;5.699599463076413741e+01;5.699599702028079662e+01;6.070221356482541353e+00;6.066596933560418847e+00
1.428893958511102957e-02;5.087573130314473957e+01;5.087940008672038061e+01;5.694599460309484584e+01;5.694599702028079236e+01;6.070263299950106273e+00;6.066596933560411742e+00
1.437143053356390587e-02;5.082568884659539776e+01;5.082940008672038346e+01;5.689599457510517055e+01;5.689599702028079520e+01;6.070305728509772791e+00;6.066596933560411742e+00
1.445439770745927249e-02;5.077564589902650738e+01;5.077940008672037919e+01;5.684599454679137409e+01;5.684599702028079804e+01;6.070348647764866712e+00;6.066596933560418847e+00
1.453784385607662100e-02;5.072560245476637419e+01;5.072940008672037493e+01;5.679599451814971900e+01;5.679599702028079378e+01;6.070392063383344805e+00;6.066596933560418847e+00
1.462177174456718264e-02;5.067555850807796247e+01;5.067940008672037777e+01;5.674599448917641098e+01;5.674599702028079662e+01;6.070435981098448508e+00;6.066596933560418847e+00
1.470618415404560328e-02;5.062551405315812758e+01;5.062940008672037351e+01;5.669599445986762021e+01;5.669599702028079946e+01;6.070480406709492627e+00;6.066596933560425953e+00
1.479108388168207111e-02;5.057546908413690545e+01;5.057940008672037635e+01;5.664599443021943159e+01;5.664599702028080230e+01;6.070525346082526141e+00;6.066596933560425953e+00
1.487647374079502371e-02;5.052542359507665282e+01;5.052940008672037919e+01;5.659599440022794425e+01;5.659599702028079093e+01;6.070570805151291438e+00;6.066596933560411742e+00
1.496235656094433569e-02;5.047537757997137930e+01;5.047940008672037493e+01;5.654599436988917205e+01;5.654599702028079378e+01;6.070616789917792744e+00;6.066596933560418847e+00
1.504873518802513771e-02;5.042533103274589479e+01;5.042940008672037777e+01;5.649599433919909330e+01;5.649599702028079662e+01;6.070663306453198516e+00;6.066596933560418847e+00
1.513561248436207964e-02;5.037528394725502778e+01;5.037940008672038061e+01;5.644599430815362950e+01;5.644599702028079946e+01;6.070710360898601721e+00;6.066596933560418847e+00
1.522299132880420430e-02;5.032523631728285096e+01;5.032940008672036925e+01;5.639599427674869503e+01;5.639599702028079520e+01;6.070757959465844067e+00;6.066596933560425953e+00
1.531087461682030353e-02;5.027518813654186403e+01;5.027940008672037209e+01;5.634599424498009768e+01;5.634599702028079804e+01;6.070806108438233650e+00;6.066596933560425953e+00
1.539926526059491943e-02;5.022513939867210553e+01;5.022940008672037493e+01;5.629599421284363814e+01;5.629599702028080088e+01;6.070854814171532610e+00;6.066596933560425953e+00
1.548816618912481069e-02;5.017509009724044233e+01;5.017940008672037777e+01;5.624599418033506026e+01;5.624599702028079662e+01;6.070904083094617931e+00;6.066596933560418847e+00
1.557758034831602766e-02;5.012504022573963169e+01;5.012940008672038061e+01;5.619599414745004395e+01;5.619599702028079236e+01;6.070953921710412260e+00;6.066596933560411742e+00
1.566751070108149402e-02;5.007498977758753256e+01;5.007940008672037635e+01;5.614599411418424069e+01;5.614599702028079520e+01;6.071004336596708129e+00;6.066596933560418847e+00
1.575796022743924246e-02;5.002493874612621028e+01;5.002940008672037919e+01;5.609599408053323799e+01;5.609599702028079093e+01;6.071055334407027715e+00;6.066596933560411742e+00
1.584893192461113431e-02;4.997488712462108396e+01;4.997940008672037493e+01;5.604599404649257366e+01;5.604599702028079378e+01;6.071106921871489703e+00;6.066596933560418847e+00
1.594042880712218113e-02;4.992483490626006670e+01;4.992940008672037067e+01;5.599599401205773574e+01;5.599599702028079662e+01;6.071159105797669042e+00;6.066596933560425953e+00
1.603245390690041794e-02;4.987478208415265613e+01;4.987940008672037351e+01;5.594599397722417677e+01;5.594599702028079946e+01;6.071211893071520649e+00;6.066596933560425953e+00
1.612501027337741658e-02;4.982472865132904616e+01;4.982940008672037635e+01;5.589599394198724980e+01;5.589599702028080230e+01;6.071265290658203639e+00;6.066596933560425953e+00
1.621810097358929864e-02;4.977467460073918915e+01;4.977940008672037209e+01;5.584599390634230076e+01;5.584599702028079804e+01;6.071319305603111616e+00;6.066596933560425953e+00
1.631172909227838683e-02;4.972461992525195740e+01;4.972940008672037493e+01;5.579599387028459745e+01;5.579599702028079378e+01;6.071373945032640052e+00;6.066596933560418847e+00
1.640589773199539747e-02;4.967456461765411291e+01;4.967940008672037777e+01;5.574599383380937923e+01;5.574599702028079662e+01;6.071429216155266317e+00;6.066596933560418847e+00
1.650061001320227844e-02;4.962450867064946181e+01;4.962940008672038061e+01;5.569599379691177887e+01;5.569599702028079236e+01;6.071485126262317067e+00;6.066596933560411742e+00
1.659586907437560557e-02;4.957445207685785249e+01;4.957940008672038346e+01;5.564599375958694338e+01;5.564599702028079520e+01;6.071541682729090894e+00;6.066596933560411742e+00
1.669167807211057244e-02;4.952439482881422350e+01;4.952940008672037919e+01;5.559599372182990606e+01;5.559599702028079804e+01;6.071598893015682563e+00;6.066596933560418847e+00
1.678804018122560804e-02;4.947433691896761587e+01;4.947940008672037493e+01;5.554599368363565048e+01;5.554599702028079378e+01;6.071656764668034612e+00;6.066596933560418847e+00
1.688495859486753223e-02;4.942427833968026363e+01;4.942940008672037777e+01;5.549599364499913179e+01;5.549599702028079662e+01;6.071715305318868161e+00;6.066596933560418847e+00
1.698243652461744330e-02;4.937421908322652087e+01;4.937940008672037351e+01;5.544599360591523407e+01;5.544599702028079946e+01;6.071774522688713205e+00;6.066596933560425953e+00
1.708047720059707730e-02;4.932415914179189542e+01;4.932940008672037635e+01;5.539599356637875616e+01;5.539599702028080230e+01;6.071834424586860735e+00;6.066596933560425953e+00
1.717908387157588562e-02;4.927409850747201858e+01;4.927940008672037919e+01;5.534599352638446135e+01;5.534599702028079093e+01;6.071895018912442765e+00;6.066596933560411742e+00
1.727825980507863637e-02;4.922403717227165032e+01;4.922940008672037493e+01;5.529599348592707031e+01;5.529599702028079378e+01;6.071956313655419990e+00;6.066596933560418847e+00
1.737800828749375484e-02;4.917397512810359927e+01;4.917940008672037777e+01;5.524599344500119003e+01;5.524599702028079662e+01;6.072018316897590751e+00;6.066596933560418847e+00
1.747833262418218431e-02;4.912391236678770667e+01;4.912940008672037351e+01;5.519599340360142037e+01;5.519599702028079946e+01;6.072081036813713695e+00;6.066596933560425953e+00
1.757923613958693038e-02;4.907384888004975210e+01;4.907940008672036925e+01;5.514599336172226174e+01;5.514599702028079520e+01;6.072144481672509642e+00;6.066596933560425953e+00
1.768072217734319856e-02;4.902378465952043030e+01;4.902940008672037209e+01;5.509599331935816480e+01;5.509599702028079804e+01;6.072208659837734501e+00;6.066596933560425953e+00
1.778279410038922925e-02;4.897371969673420722e+01;4.897940008672037493e+01;5.504599327650352336e+01;5.504599702028080088e+01;6.072273579769316143e+00;6.066596933560425953e+00
1.788545529107771204e-02;4.892365398312826841e+01;4.892940008672037777e+01;5.499599323315263177e+01;5.499599702028079662e+01;6.072339250024363366e+00;6.066596933560418847e+00
1.798870915128788356e-02;4.887358751004138924e+01;4.887940008672038061e+01;5.494599318929977727e+01;5.494599702028079236e+01;6.072405679258388034e+00;6.066596933560411742e+00
1.809255910253821167e-02;4.882352026871280515e+01;4.882940008672037635e+01;5.489599314493911919e+01;5.489599702028079520e+01;6.072472876226314042e+00;6.066596933560418847e+00
1.819700858609983596e-02;4.877345225028111031e+01;4.877940008672037919e+01;5.484599310006479556e+01;5.484599702028079093e+01;6.072540849783685246e+00;6.066596933560411742e+00
1.830206106311055986e-02;4.872338344578306391e+01;4.872940008672037493e+01;5.479599305467085912e+01;5.479599702028079378e+01;6.072609608887795218e+00;6.066596933560418847e+00
1.840772001468956448e-02;4.867331384615245327e+01;4.867940008672037067e+01;5.474599300875127028e+01;5.474599702028079662e+01;6.072679162598817015e+00;6.066596933560425953e+00
1.851398894205272261e-02;4.862324344221892858e+01;4.862940008672037351e+01;5.469599296229996810e+01;5.469599702028079946e+01;6.072749520081039520e+00;6.066596933560425953e+00
1.862087136662867598e-02;4.857317222470680917e+01;4.857940008672037635e+01;5.464599291531078507e+01;5.464599702028080230e+01;6.072820690603975891e+00;6.066596933560425953e+00
1.872837083017548504e-02;4.852310018423388982e+01;4.852940008672037209e+01;5.459599286777748972e+01;5.459599702028079804e+01;6.072892683543599901e+00;6.066596933560425953e+00
1.883649089489801073e-02;4.847302731131017595e+01;4.847940008672037493e+01;5.454599281969378666e+01;5.454599702028079378e+01;6.072965508383610711e+00;6.066596933560418847e+00
1.894523514356592428e-02;4.842295359633676810e+01;4.842940008672037777e+01;5.449599277105329520e+01;5.449599702028079662e+01;6.073039174716527100e+00;6.066596933560418847e+00
1.905460717963247327e-02;4.837287902960449060e+01;4.837940008672038061e+01;5.444599272184959204e+01;5.444599702028079236e+01;6.073113692245101447e+00;6.066596933560411742e+00
1.916461062735386189e-02;4.832280360129275465e+01;4.832940008672038346e+01;5.439599267207612598e+01;5.439599702028079520e+01;6.073189070783371335e+00;6.066596933560411742e+00
1.927524913190935621e-02;4.827272730146817281e+01;4.827940008672037919e+01;5.434599262172631029e+01;5.434599702028079804e+01;6.073265320258137479e+00;6.066596933560418847e+00
1.938652635952207645e-02;4.822265012008340079e+01;4.822940008672037493e+01;5.429599257079346586e+01;5.429599702028079378e+01;6.073342450710065066e+00;6.066596933560418847e+00
1.949844599758045541e-02;4.817257204697573059e+01;4.817940008672037777e+01;5.424599251927085675e+01;5.424599702028079662e+01;6.073420472295126160e+00;6.066596933560418847e+00
1.961101175476047398e-02;4.812249307186586122e+01;4.812940008672037351e+01;5.419599246715164753e+01;5.419599702028079946e+01;6.073499395285786306e+00;6.066596933560425953e+00
1.972422736114853511e-02;4.807241318435651323e+01;4.807940008672037635e+01;5.414599241442891753e+01;5.414599702028080230e+01;6.073579230072404300e+00;6.066596933560425953e+00
1.983809656836506286e-02;4.802233237393112120e+01;4.802940008672037919e+01;5.409599236109568210e+01;5.409599702028079093e+01;6.073659987164560903e+00;6.066596933560411742e+00
1.995262314968879874e-02;4.797225062995248379e+01;4.797940008672037493e+01;5.404599230714489266e+01;5.404599702028079378e+01;6.073741677192408872e+00;6.066596933560418847e+00
2.006781090018188926e-02;4.792216794166134264e+01;4.792940008672037777e+01;5.399599225256937984e+01;5.399599702028079662e+01;6.073824310908037205e+00;6.066596933560418847e+00
2.018366363681560818e-02;4.787208429817506783e+01;4.787940008672038061e+01;5.394599219736190321e+01;5.394599702028079946e+01;6.073907899186835380e+00;6.066596933560418847e+00
2.030018519859684567e-02;4.782199968848620131e+01;4.782940008672036925e+01;5.389599214151515838e+01;5.389599702028079520e+01;6.073992453028957073e+00;6.066596933560425953e+00
2.041737944669529473e-02;4.777191410146105710e+01;4.777940008672037209e+01;5.384599208502174150e+01;5.384599702028079804e+01;6.074077983560684402e+00;6.066596933560425953e+00
2.053525026457145991e-02;4.772182752583829313e+01;4.772940008672037493e+01;5.379599202787417056e+01;5.379599702028080088e+01;6.074164502035877433e+00;6.066596933560425953e+00
2.065380155810529056e-02;4.767173995022745459e+01;4.767940008672037777e+01;5.374599197006485696e+01;5.374599702028079662e+01;6.074252019837402372e+00;6.066596933560418847e+00
2.077303725572563972e-02;4.762165136310752445e+01;4.762940008672038061e+01;5.369599191158613394e+01;5.369599702028079236e+01;6.074340548478609492e+00;6.066596933560411742e+00
2.089296130854039618e-02;4.757156175282540289e+01;4.757940008672037635e+01;5.364599185243027080e+01;5.364599702028079520e+01;6.074430099604867905e+00;6.066596933560418847e+00
2.101357769046747689e-02;4.752147110759447912e+01;4.752940008672037919e+01;5.359599179258941604e+01;5.359599702028079093e+01;6.074520684994936914e+00;6.066596933560411742e+00
2.113489039836646474e-02;4.747137941549303264e+01;4.747940008672038203e+01;5.354599173205563289e+01;5.354599702028079378e+01;6.074612316562600256e+00;6.066596933560411742e+00
2.125690345217107549e-02;4.742128666446275531e+01;4.742940008672037067e+01;5.349599167082089934e+01;5.349599702028079662e+01;6.074705006358144033e+00;6.066596933560425953e+00
2.137962089502232557e-02;4.737119284230719529e+01;4.737940008672037351e+01;5.344599160887710809e+01;5.344599702028079946e+01;6.074798766569912800e+00;6.066596933560425953e+00
2.150304679340256375e-02;4.732109793669020803e+01;4.732940008672037635e+01;5.339599154621603105e+01;5.339599702028080230e+01;6.074893609525823024e+00;6.066596933560425953e+00
2.162718523727020017e-02;4.727100193513430071e+01;4.727940008672037209e+01;5.334599148282939041e+01;5.334599702028079804e+01;6.074989547695089698e+00;6.066596933560425953e+00
2.175204034019523336e-02;4.722090482501912589e+01;4.722940008672037493e+01;5.329599141870875911e+01;5.329599702028079378e+01;6.075086593689633219e+00;6.066596933560418847e+00
2.187761623949553008e-02;4.717080659357982597e+01;4.717940008672037777e+01;5.324599135384565329e+01;5.324599702028079662e+01;6.075184760265827322e+00;6.066596933560418847e+00
2.200391709637398649e-02;4.712070722790536337e+01;4.712940008672038061e+01;5.319599128823146117e+01;5.319599702028079236e+01;6.075284060326097801e+00;6.066596933560411742e+00
2.213094709605637617e-02;4.707060671493691473e+01;4.707940008672038346e+01;5.314599122185749991e+01;5.314599702028079520e+01;6.075384506920585181e+00;6.066596933560411742e+00
2.225871044793004128e-02;4.702050504146617982e+01;4.702940008672037919e+01;5.309599115471495878e+01;5.309599702028079804e+01;6.075486113248778963e+00;6.066596933560418847e+00
2.238721138568339902e-02;4.697040219413366202e+01;4.697940008672037493e+01;5.304599108679494179e+01;5.304599702028079378e+01;6.075588892661279772e+00;6.066596933560418847e+00
2.251645416744618017e-02;4.692029815942703408e+01;4.692940008672037777e+01;5.299599101808845347e+01;5.299599702028079662e+01;6.075692858661419393e+00;6.066596933560418847e+00
2.264644307593059389e-02;4.687019292367935464e+01;4.687940008672037351e+01;5.294599094858639177e+01;5.294599702028079946e+01;6.075798024907037131e+00;6.066596933560425953e+00
2.277718241857321774e-02;4.682008647306729898e+01;4.682940008672037635e+01;5.289599087827951962e+01;5.289599702028080230e+01;6.075904405212220638e+00;6.066596933560425953e+00
2.290867652767773419e-02;4.676997879360943244e+01;4.677940008672037919e+01;5.284599080715853603e+01;5.284599702028079093e+01;6.076012013549103585e+00;6.066596933560411742e+00
2.304092976055845815e-02;4.671986987116444823e+01;4.672940008672037493e+01;5.279599073521401920e+01;5.279599702028079378e+01;6.076120864049570969e+00;6.066596933560418847e+00
2.317394649968478396e-02;4.666975969142930580e+01;4.667940008672037777e+01;5.274599066243641943e+01;5.274599702028079662e+01;6.076230971007113624e+00;6.066596933560418847e+00
2.330773115282637475e-02;4.661964823993741192e+01;4.662940008672038061e+01;5.269599058881610176e+01;5.269599702028079946e+01;6.076342348878689847e+00;6.066596933560418847e+00
2.344228815319922624e-02;4.656953550205681580e+01;4.657940008672036925e+01;5.264599051434329624e+01;5.264599702028079520e+01;6.076455012286480439e+00;6.066596933560425953e+00
2.357762195961254567e-02;4.651942146298832625e+01;4.652940008672037209e+01;5.259599043900813342e+01;5.259599702028079804e+01;6.076568976019807167e+00;6.066596933560425953e+00
2.371373705661655382e-02;4.646930610776360027e+01;4.647940008672037493e+01;5.254599036280063729e+01;5.254599702028080088e+01;6.076684255037037019e+00;6.066596933560425953e+00
2.385063795465105357e-02;4.641918942124326009e+01;4.642940008672037777e+01;5.249599028571070392e+01;5.249599702028079662e+01;6.076800864467443830e+00;6.066596933560418847e+00
2.398832919019491111e-02;4.636907138811494633e+01;4.637940008672038061e+01;5.244599020772810860e+01;5.244599702028079236e+01;6.076918819613162270e+00;6.066596933560411742e+00
2.412681532591633843e-02;4.631895199289141374e+01;4.632940008672037635e+01;5.239599012884252005e+01;5.239599702028079520e+01;6.077038135951106312e+00;6.066596933560418847e+00
2.426610095082415430e-02;4.626883121990851322e+01;4.627940008672037919e+01;5.234599004904347908e+01;5.234599702028079093e+01;6.077158829134965856e+00;6.066596933560411742e+00
2.440619068041980158e-02;4.621870905332320945e+01;4.622940008672038203e+01;5.229598996832041280e+01;5.229599702028079378e+01;6.077280914997203354e+00;6.066596933560411742e+00
2.454708915685031162e-02;4.616858547711157001e+01;4.617940008672037067e+01;5.224598988666261334e+01;5.224599702028079662e+01;6.077404409551043329e+00;6.066596933560425953e+00
2.468880104906209100e-02;4.611846047506675461e+01;4.612940008672037351e+01;5.219598980405926625e+01;5.219599702028079946e+01;6.077529328992511637e+00;6.066596933560425953e+00
2.483133105295570395e-02;4.606833403079694733e+01;4.607940008672037635e+01;5.214598972049942205e+01;5.214599702028080230e+01;6.077655689702474717e+00;6.066596933560425953e+00
2.497468389154143195e-02;4.601820612772321795e+01;4.602940008672037209e+01;5.209598963597200338e+01;5.209599702028079804e+01;6.077783508248785438e+00;6.066596933560425953e+00
2.511886431509580825e-02;4.596807674907749686e+01;4.597940008672037493e+01;5.204598955046579078e+01;5.204599702028079378e+01;6.077912801388293929e+00;6.066596933560418847e+00
2.526387710131896766e-02;4.591794587790043636e+01;4.592940008672037777e+01;5.199598946396947241e+01;5.199599702028079662e+01;6.078043586069036053e+00;6.066596933560418847e+00
2.540972705549305113e-02;4.586781349703920796e+01;4.587940008672038061e+01;5.194598937647158010e+01;5.194599702028079236e+01;6.078175879432372142e+00;6.066596933560411742e+00
2.555641901064138397e-02;4.581767958914539918e+01;4.582940008672038346e+01;5.189598928796051069e+01;5.189599702028079520e+01;6.078309698815111517e+00;6.066596933560411742e+00
2.570395782768863241e-02;4.576754413667275401e+01;4.577940008672037919e+01;5.184598919842453313e+01;5.184599702028079804e+01;6.078445061751779122e+00;6.066596933560418847e+00
2.585234839562191439e-02;4.571740712187501998e+01;4.572940008672037493e+01;5.179598910785177424e+01;5.179599702028079378e+01;6.078581985976754254e+00;6.066596933560418847e+00
2.600159563165272206e-02;4.566726852680363891e+01;4.567940008672037777e+01;5.174598901623022584e+01;5.174599702028079662e+01;6.078720489426586937e+00;6.066596933560418847e+00
2.615170448137997192e-02;4.561712833330552286e+01;4.562940008672037351e+01;5.169598892354777320e+01;5.169599702028079946e+01;6.078860590242250339e+00;6.066596933560425953e+00
2.630267991895381477e-02;4.556698652302073782e+01;4.557940008672037635e+01;5.164598882979209549e+01;5.164599702028080230e+01;6.079002306771357667e+00;6.066596933560425953e+00
2.645452694724050036e-02;4.551684307738020863e+01;4.552940008672037919e+01;5.159598873495077953e+01;5.159599702028079093e+01;6.079145657570570904e+00;6.066596933560411742e+00
2.660725059798809897e-02;4.546669797760336706e+01;4.547940008672037493e+01;5.154598863901125583e+01;5.154599702028079378e+01;6.079290661407888763e+00;6.066596933560418847e+00
2.676085593199331938e-02;4.541655120469575024e+01;4.542940008672037777e+01;5.149598854196081277e+01;5.149599702028079662e+01;6.079437337265062524e+00;6.066596933560418847e+00
2.691534803926915256e-02;4.536640273944668422e+01;4.537940008672038061e+01;5.144598844378657532e+01;5.144599702028079946e+01;6.079585704339891095e+00;6.066596933560418847e+00
2.707073203921357696e-02;4.531625256242675448e+01;4.532940008672036925e+01;5.139598834447554054e+01;5.139599702028079520e+01;6.079735782048786064e+00;6.066596933560425953e+00
2.722701308077912774e-02;4.526610065398547533e+01;4.527940008672037209e+01;5.134598824401453498e+01;5.134599702028079804e+01;6.079887590029059652e+00;6.066596933560425953e+00
2.738419634264361441e-02;4.521594699424875330e+01;4.522940008672037493e+01;5.129598814239025018e+01;5.129599702028080088e+01;6.080041148141496876e+00;6.066596933560425953e+00
2.754228703338166065e-02;4.516579156311641441e+01;4.517940008672037777e+01;5.124598803958921422e+01;5.124599702028079662e+01;6.080196476472799816e+00;6.066596933560418847e+00
2.770129039163734402e-02;4.511563434025960362e+01;4.512940008672038061e+01;5.119598793559779892e+01;5.119599702028079236e+01;6.080353595338195305e+00;6.066596933560411742e+00
2.786121168629770647e-02;4.506547530511839739e+01;4.507940008672037635e+01;5.114598783040221974e+01;5.114599702028079520e+01;6.080512525283822356e+00;6.066596933560418847e+00
2.802205621666746527e-02;4.501531443689904677e+01;4.502940008672037919e+01;5.109598772398854294e+01;5.109599702028079093e+01;6.080673287089496171e+00;6.066596933560411742e+00
2.818382931264453578e-02;4.496515171457146209e+01;4.497940008672038203e+01;5.104598761634264292e+01;5.104599702028079378e+01;6.080835901771180829e+00;6.066596933560411742e+00
2.834653633489668187e-02;4.491498711686655554e+01;4.492940008672037067e+01;5.099598750745027331e+01;5.099599702028079662e+01;6.081000390583717774e+00;6.066596933560425953e+00
2.851018267503909603e-02;4.486482062227362633e+01;4.487940008672037351e+01;5.094598739729698877e+01;5.094599702028079946e+01;6.081166775023362447e+00;6.066596933560425953e+00
2.867477375581315921e-02;4.481465220903756830e+01;4.482940008672037635e+01;5.089598728586820187e+01;5.089599702028080230e+01;6.081335076830633568e+00;6.066596933560425953e+00
2.884031503126605750e-02;4.476448185515623379e+01;4.477940008672037209e+01;5.084598717314911909e+01;5.084599702028079804e+01;6.081505317992885296e+00;6.066596933560425953e+00
2.900681198693154730e-02;4.471430953837766253e+01;4.472940008672037493e+01;5.079598705912481904e+01;5.079599702028079378e+01;6.081677520747156507e+00;6.066596933560418847e+00
2.917427014001167454e-02;4.466413523619729631e+01;4.467940008672037777e+01;5.074598694378018138e+01;5.074599702028079662e+01;6.081851707582885069e+00;6.066596933560418847e+00
2.934269503955968736e-02;4.461395892585515099e+01;4.462940008672038061e+01;5.069598682709992943e+01;5.069599702028079236e+01;6.082027901244778434e+00;6.066596933560411742e+00
2.951209226666385438e-02;4.456378058433303124e+01;4.457940008672038346e+01;5.064598670906857336e+01;5.064599702028079520e+01;6.082206124735542119e+00;6.066596933560411742e+00
2.968246743463241397e-02;4.451360018835158883e+01;4.452940008672037919e+01;5.059598658967048124e+01;5.059599702028079804e+01;6.082386401318892410e+00;6.066596933560418847e+00
2.985382618917960251e-02;4.446341771436749468e+01;4.447940008672037493e+01;5.054598646888982927e+01;5.054599702028079378e+01;6.082568754522334586e+00;6.066596933560418847e+00
3.002617420861267497e-02;4.441323313857049015e+01;4.442940008672037777e+01;5.049598634671060893e+01;5.049599702028079662e+01;6.082753208140118772e+00;6.066596933560418847e+00
3.019951720402016052e-02;4.436304643688038141e+01;4.437940008672037351e+01;5.044598622311661273e+01;5.044599702028079946e+01;6.082939786236231328e+00;6.066596933560425953e+00
3.037386091946104455e-02;4.431285758494407645e+01;4.432940008672037635e+01;5.039598609809148400e+01;5.039599702028080230e+01;6.083128513147407546e+00;6.066596933560425953e+00
3.054921113215513725e-02;4.426266655813259376e+01;4.427940008672037919e+01;5.034598597161863154e+01;5.034599702028079093e+01;6.083319413486037774e+00;6.066596933560411742e+00
3.072557365267446911e-02;4.421247333153799985e+01;4.422940008672037493e+01;5.029598584368129366e+01;5.029599702028079378e+01;6.083512512143293804e+00;6.066596933560418847e+00
3.090295432513590415e-02;4.416227787997022602e+01;4.417940008672037777e+01;5.024598571426251681e+01;5.024599702028079662e+01;6.083707834292290784e+00;6.066596933560418847e+00
3.108135902739474904e-02;4.411208017795408409e+01;4.412940008672038061e+01;5.019598558334514138e+01;5.019599702028079946e+01;6.083905405391057286e+00;6.066596933560418847e+00
3.126079367123955899e-02;4.406188019972602632e+01;4.407940008672036925e+01;5.014598545091181592e+01;5.014599702028079520e+01;6.084105251185789598e+00;6.066596933560425953e+00
3.144126420258795684e-02;4.401167791923100481e+01;4.402940008672037209e+01;5.009598531694499002e+01;5.009599702028079804e+01;6.084307397713985210e+00;6.066596933560425953e+00
3.162277660168379134e-02;4.396147331011921011e+01;4.397940008672037493e+01;5.004598518142690011e+01;5.004599702028080088e+01;6.084511871307690001e+00;6.066596933560425953e+00
3.180533688329520436e-02;4.391126634574283827e+01;4.392940008672037777e+01;4.999598504433959079e+01;4.999599702028079662e+01;6.084718698596752517e+00;6.066596933560418847e+00
3.198895109691398536e-02;4.386105699915280809e+01;4.387940008672038061e+01;4.994598490566489346e+01;4.994599702028079236e+01;6.084927906512085372e+00;6.066596933560411742e+00
3.217362532695599436e-02;4.381084524309546424e+01;4.382940008672036925e+01;4.989598476538442640e+01;4.989599702028079520e+01;6.085139522288962155e+00;6.066596933560425953e+00
3.235936569296282705e-02;4.376063105000915243e+01;4.377940008672037919e+01;4.984598462347958048e+01;4.984599702028079093e+01;6.085353573470428046e+00;6.066596933560411742e+00
3.254617834980458313e-02;4.371041439202087275e+01;4.372940008672038203e+01;4.979598447993156185e+01;4.979599702028079378e+01;6.085570087910689097e+00;6.066596933560411742e+00
3.273406948788382814e-02;4.366019524094285487e+01;4.367940008672037067e+01;4.974598433472134218e+01;4.974599702028079662e+01;6.085789093778487313e+00;6.066596933560425953e+00
3.292304533334065170e-02;4.360997356826911187e+01;4.362940008672037351e+01;4.969598418782966576e+01;4.969599702028079946e+01;6.086010619560553891e+00;6.066596933560425953e+00
3.311311214825911342e-02;4.355974934517188757e+01;4.357940008672037635e+01;4.964598403923707792e+01;4.964599702028080230e+01;6.086234694065190354e+00;6.066596933560425953e+00
3.330427623087463262e-02;4.350952254249815354e+01;4.352940008672037209e+01;4.959598388892387533e+01;4.959599702028079804e+01;6.086461346425721786e+00;6.066596933560425953e+00
3.349654391578277962e-02;4.345929313076604217e+01;4.347940008672037493e+01;4.954598373687012014e+01;4.954599702028079378e+01;6.086690606104077972e+00;6.066596933560418847e+00
3.368992157414908012e-02;4.340906108016124421e+01;4.342940008672037777e+01;4.949598358305567558e+01;4.949599702028079662e+01;6.086922502894431375e+00;6.066596933560418847e+00
3.388441561392025597e-02;4.335882636053334238e+01;4.337940008672038061e+01;4.944598342746014907e+01;4.944599702028079236e+01;6.087157066926806692e+00;6.066596933560411742e+00
3.408003248003649982e-02;4.330858894139213078e+01;4.332940008672038346e+01;4.939598327006291356e+01;4.939599702028079520e+01;6.087394328670782784e+00;6.066596933560411742e+00
3.427677865464504731e-02;4.325834879190392002e+01;4.327940008672037209e+01;4.934598311084310751e+01;4.934599702028079804e+01;6.087634318939187494e+00;6.066596933560425953e+00
3.447466065731494278e-02;4.320810588088774296e+01;4.322940008672037493e+01;4.929598294977963491e+01;4.929599702028079378e+01;6.087877068891891952e+00;6.066596933560418847e+00
3.467368504525316503e-02;4.315786017681156750e+01;4.317940008672037777e+01;4.924598278685113684e+01;4.924599702028079662e+01;6.088122610039569338e+00;6.066596933560418847e+00
3.487385841352183546e-02;4.310761164778850230e+01;4.312940008672037351e+01;4.919598262203602701e+01;4.919599702028079946e+01;6.088370974247524714e+00;6.066596933560425953e+00
3.507518739525679330e-02;4.305736026157283192e+01;4.307940008672037635e+01;4.914598245531244913e+01;4.914599702028080230e+01;6.088622193739617217e+00;6.066596933560425953e+00
3.527767866188739887e-02;4.300710598555617281e+01;4.302940008672037919e+01;4.909598228665829822e+01;4.909599702028079093e+01;6.088876301102125410e+00;6.066596933560411742e+00
3.548133892335755130e-02;4.295684878676352980e+01;4.297940008672037493e+01;4.904598211605123481e+01;4.904599702028079378e+01;6.089133329287705010e+00;6.066596933560418847e+00
3.568617492834811472e-02;4.290658863184922467e+01;4.292940008672037777e+01;4.899598194346864943e+01;4.899599702028079662e+01;6.089393311619424765e+00;6.066596933560418847e+00
3.589219346450051723e-02;4.285632548709291711e+01;4.287940008672038061e+01;4.894598176888764840e+01;4.894599702028079946e+01;6.089656281794731285e+00;6.066596933560418847e+00
3.609940135864166816e-02;4.280605931839553335e+01;4.282940008672036925e+01;4.889598159228511065e+01;4.889599702028079520e+01;6.089922273889577298e+00;6.066596933560425953e+00
3.630780547701013827e-02;4.275579009127508812e+01;4.277940008672037209e+01;4.884598141363760959e+01;4.884599702028079804e+01;6.090191322362521475e+00;6.066596933560425953e+00
3.651741272548376938e-02;4.270551777086260614e+01;4.272940008672037493e+01;4.879598123292147704e+01;4.879599702028080088e+01;6.090463462058870903e+00;6.066596933560425953e+00
3.672823004980846351e-02;4.265524232189783760e+01;4.267940008672037777e+01;4.874598105011276061e+01;4.874599702028079662e+01;6.090738728214923015e+00;6.066596933560418847e+00
3.694026443582835301e-02;4.260496370872508720e+01;4.262940008672038061e+01;4.869598086518721658e+01;4.869599702028079236e+01;6.091017156462129378e+00;6.066596933560411742e+00
3.715352290971726118e-02;4.255468189528885148e+01;4.257940008672037635e+01;4.864598067812035254e+01;4.864599702028079520e+01;6.091298782831501057e+00;6.066596933560418847e+00
3.736801253821157853e-02;4.250439684512957683e+01;4.252940008672037919e+01;4.859598048888735633e+01;4.859599702028079093e+01;6.091583643757779498e+00;6.066596933560411742e+00
3.758374042884441574e-02;4.245410852137919022e+01;4.247940008672038203e+01;4.854598029746316001e+01;4.854599702028079378e+01;6.091871776083969792e+00;6.066596933560411742e+00
3.780071373018112357e-02;4.240381688675675775e+01;4.242940008672037067e+01;4.849598010382237590e+01;4.849599702028079662e+01;6.092163217065618142e+00;6.066596933560425953e+00
3.801893963205612431e-02;4.235352190356397983e+01;4.237940008672037351e+01;4.844597990793934628e+01;4.844599702028079946e+01;6.092458004375366443e+00;6.066596933560425953e+00
3.823842536581126272e-02;4.230322353368070054e+01;4.232940008672037635e+01;4.839597970978810793e+01;4.839599702028080230e+01;6.092756176107407384e+00;6.066596933560425953e+00
3.845917820453535058e-02;4.225292173856036015e+01;4.227940008672037209e+01;4.834597950934239208e+01;4.834599702028079804e+01;6.093057770782031923e+00;6.066596933560425953e+00
3.868120546330523074e-02;4.220261647922536952e+01;4.222940008672037493e+01;4.829597930657563154e+01;4.829599702028079378e+01;6.093362827350262023e+00;6.066596933560418847e+00
3.890451449942806950e-02;4.215230771626249862e+01;4.217940008672037777e+01;4.824597910146095359e+01;4.824599702028079662e+01;6.093671385198454971e+00;6.066596933560418847e+00
3.912911271268530028e-02;4.210199540981819410e+01;4.212940008672038061e+01;4.819597889397115864e+01;4.819599702028079236e+01;6.093983484152964536e+00;6.066596933560411742e+00
3.935500754557774705e-02;4.205167951959381867e+01;4.207940008672038346e+01;4.814597868407876291e+01;4.814599702028079520e+01;6.094299164484944242e+00;6.066596933560411742e+00
3.958220648357226035e-02;4.200136000484086907e+01;4.202940008672037209e+01;4.809597847175592733e+01;4.809599702028079804e+01;6.094618466915058264e+00;6.066596933560425953e+00
3.981071705534973415e-02;4.195103682435617998e+01;4.197940008672037493e+01;4.804597825697452862e+01;4.804599702028079378e+01;6.094941432618348642e+00;6.066596933560418847e+00
4.004054683305463547e-02;4.190070993647700703e+01;4.192940008672037777e+01;4.799597803970608823e+01;4.799599702028079662e+01;6.095268103229081191e+00;6.066596933560418847e+00
4.027170343254590779e-02;4.185037929907613830e+01;4.187940008672037351e+01;4.794597781992180785e+01;4.794599702028079946e+01;6.095598520845669555e+00;6.066596933560425953e+00
4.050419451364931089e-02;4.180004486955689913e+01;4.182940008672037635e+01;4.789597759759254814e+01;4.789599702028080230e+01;6.095932728035649006e+00;6.066596933560425953e+00
4.073802778041128031e-02;4.174970660484816420e+01;4.177940008672037919e+01;4.784597737268884998e+01;4.784599702028079093e+01;6.096270767840685778e+00;6.066596933560411742e+00
4.097321098135415368e-02;4.169936446139922737e+01;4.172940008672037493e+01;4.779597714518089902e+01;4.779599702028079378e+01;6.096612683781671649e+00;6.066596933560418847e+00
4.120975190973302088e-02;4.164901839517476390e+01;4.167940008672037777e+01;4.774597691503853980e+01;4.774599702028079662e+01;6.096958519863775905e+00;6.066596933560418847e+00
4.144765840379390637e-02;4.159866836164959381e+01;4.162940008672038061e+01;4.769597668223126874e+01;4.769599702028079946e+01;6.097308320581674934e+00;6.066596933560418847e+00
4.168693834703354750e-02;4.154831431580349488e+01;4.157940008672036925e+01;4.764597644672822696e+01;4.764599702028079520e+01;6.097662130924732082e+00;6.066596933560425953e+00
4.192759966846054676e-02;4.149795621211595176e+01;4.152940008672037209e+01;4.759597620849820032e+01;4.759599702028079804e+01;6.098019996382248564e+00;6.066596933560425953e+00
4.216965034285822395e-02;4.144759400456080556e+01;4.147940008672037493e+01;4.754597596750961230e+01;4.754599702028080088e+01;6.098381962948806745e+00;6.066596933560425953e+00
4.241309839104881463e-02;4.139722764660088217e+01;4.142940008672037777e+01;4.749597572373051690e+01;4.749599702028079662e+01;6.098748077129634737e+00;6.066596933560418847e+00
4.265795188015927830e-02;4.134685709118259922e+01;4.137940008672038061e+01;4.744597547712860575e+01;4.744599702028079236e+01;6.099118385946006526e+00;6.066596933560411742e+00
4.290421892388854991e-02;4.129648229073049492e+01;4.132940008672037635e+01;4.739597522767119386e+01;4.739599702028079520e+01;6.099492936940698939e+00;6.066596933560418847e+00
4.315190768277652605e-02;4.124610319714167872e+01;4.127940008672037919e+01;4.734597497532520549e+01;4.734599702028079093e+01;6.099871778183526771e+00;6.066596933560411742e+00
4.340102636447437656e-02;4.119571976178025352e+01;4.122940008672038203e+01;4.729597472005720959e+01;4.729599702028079378e+01;6.100254958276956074e+00;6.066596933560411742e+00
4.365158322401661156e-02;4.114533193547170242e+01;4.117940008672037067e+01;4.724597446183335592e+01;4.724599702028079662e+01;6.100642526361653495e+00;6.066596933560425953e+00
4.390358656409447391e-02;4.109493966849720437e+01;4.112940008672037351e+01;4.719597420061943183e+01;4.719599702028079946e+01;6.101034532122227461e+00;6.066596933560425953e+00
4.415704473533125368e-02;4.104454291058790716e+01;4.107940008672037635e+01;4.714597393638079836e+01;4.714599702028080230e+01;6.101431025792891205e+00;6.066596933560425953e+00
4.441196613655888636e-02;4.099414161091910813e+01;4.102940008672037209e+01;4.709597366908244709e+01;4.709599702028079804e+01;6.101832058163338957e+00;6.066596933560425953e+00
4.466835921509632740e-02;4.094373571810440637e+01;4.097940008672037493e+01;4.704597339868893613e+01;4.704599702028079378e+01;6.102237680584529755e+00;6.066596933560418847e+00
4.492623246702934919e-02;4.089332518018986207e+01;4.092940008672037777e+01;4.699597312516442571e+01;4.699599702028079662e+01;6.102647944974563643e+00;6.066596933560418847e+00
4.518559443749223942e-02;4.084290994464798530e+01;4.087940008672038061e+01;4.694597284847267815e+01;4.694599702028079236e+01;6.103062903824692853e+00;6.066596933560411742e+00
4.544645372095086622e-02;4.079248995837174618e+01;4.082940008672038346e+01;4.689597256857699392e+01;4.689599702028079520e+01;6.103482610205247738e+00;6.066596933560411742e+00
4.570881896148751983e-02;4.074206516766847130e+01;4.077940008672037209e+01;4.684597228544028980e+01;4.684599702028079804e+01;6.103907117771818491e+00;6.066596933560425953e+00
4.597269885308722520e-02;4.069163551825382541e+01;4.072940008672037493e+01;4.679597199902504201e+01;4.679599702028079378e+01;6.104336480771216600e+00;6.066596933560418847e+00
4.623810213992603224e-02;4.064120095524553733e+01;4.067940008672037777e+01;4.674597170929327206e+01;4.674599702028079662e+01;6.104770754047734727e+00;6.066596933560418847e+00
4.650503761666063135e-02;4.059076142315717561e+01;4.062940008672037351e+01;4.669597141620657510e+01;4.669599702028079946e+01;6.105209993049399486e+00;6.066596933560425953e+00
4.677351412871981473e-02;4.054031686589190286e+01;4.057940008672037635e+01;4.664597111972611998e+01;4.664599702028080230e+01;6.105654253834217116e+00;6.066596933560425953e+00
4.704354057259762384e-02;4.048986722673610217e+01;4.052940008672037919e+01;4.659597081981260658e+01;4.659599702028079093e+01;6.106103593076504410e+00;6.066596933560411742e+00
4.731512589614805114e-02;4.043941244835296800e+01;4.047940008672037493e+01;4.654597051642625871e+01;4.654599702028079378e+01;6.106558068073290713e+00;6.066596933560418847e+00
4.758827909888168478e-02;4.038895247277605449e+01;4.042940008672037777e+01;4.649597020952690229e+01;4.649599702028079662e+01;6.107017736750847803e+00;6.066596933560418847e+00
4.786300923226382426e-02;4.033848724140273845e+01;4.037940008672038061e+01;4.644596989907383033e+01;4.644599702028079946e+01;6.107482657671091886e+00;6.066596933560418847e+00
4.813932540001448351e-02;4.028801669498763260e+01;4.032940008672036925e+01;4.639596958502588109e+01;4.639599702028079520e+01;6.107952890038248484e+00;6.066596933560425953e+00
4.841723675840994140e-02;4.023754077363599180e+01;4.027940008672037209e+01;4.634596926734146649e+01;4.634599702028079804e+01;6.108428493705474693e+00;6.066596933560425953e+00
4.869675251658631132e-02;4.018705941679695570e+01;4.022940008672037493e+01;4.629596894597845846e+01;4.629599702028080088e+01;6.108909529181502762e+00;6.066596933560425953e+00
4.897788193684461666e-02;4.013657256325682710e+01;4.017940008672037777e+01;4.624596862089425997e+01;4.624599702028079662e+01;6.109396057637432875e+00;6.066596933560418847e+00
4.926063433495773275e-02;4.008608015113224354e+01;4.012940008672038061e+01;4.619596829204578370e+01;4.619599702028079236e+01;6.109888140913540155e+00;6.066596933560411742e+00
4.954501908047902886e-02;4.003558211786329935e+01;4.007940008672037635e+01;4.614596795938943785e+01;4.614599702028079520e+01;6.110385841526138506e+00;6.066596933560418847e+00
4.983104559705295311e-02;3.998507840020658222e+01;4.002940008672037919e+01;4.609596762288114036e+01;4.609599702028079093e+01;6.110889222674558141e+00;6.066596933560411742e+00
5.011872336272722023e-02;3.993456893422823129e+01;3.997940008672037493e+01;4.604596728247629045e+01;4.604599702028079378e+01;6.111398348248059165e+00;6.066596933560418847e+00
5.040806191026695610e-02;3.988405365529682456e+01;3.992940008672037067e+01;4.599596693812975445e+01;4.599599702028079662e+01;6.111913282832929895e+00;6.066596933560425953e+00
5.069907082747044519e-02;3.983353249807627350e+01;3.987940008672037351e+01;4.594596658979590131e+01;4.594599702028079946e+01;6.112434091719627816e+00;6.066596933560425953e+00
5.099175975748701517e-02;3.978300539651863232e+01;3.982940008672037635e+01;4.589596623742855286e+01;4.589599702028080230e+01;6.112960840909920535e+00;6.066596933560425953e+00
5.128613839913648276e-02;3.973247228385687890e+01;3.977940008672037209e+01;4.584596588098100511e+01;4.584599702028079804e+01;6.113493597124126211e+00;6.066596933560425953e+00
5.158221650723058410e-02;3.968193309259756063e+01;3.972940008672037493e+01;4.579596552040601409e+01;4.579599702028079378e+01;6.114032427808453463e+00;6.066596933560418847e+00
5.188000389289611908e-02;3.963138775451347584e+01;3.967940008672037067e+01;4.574596515565578159e+01;4.574599702028079662e+01;6.114577401142305746e+00;6.066596933560425953e+00
5.217951042390023275e-02;3.958083620063619179e+01;3.962940008672037351e+01;4.569596478668198358e+01;4.569599702028079236e+01;6.115128586045791792e+00;6.066596933560418847e+00
5.248074602497725810e-02;3.953027836124859107e+01;3.957940008672037635e+01;4.564596441343568500e+01;4.564599702028079520e+01;6.115686052187093935e+00;6.066596933560418847e+00
5.278372067815769592e-02;3.947971416587727589e+01;3.952940008672037209e+01;4.559596403586742497e+01;4.559599702028079804e+01;6.116249869990149080e+00;6.066596933560425953e+00
5.308844442309884615e-02;3.942914354328497950e+01;3.947940008672037493e+01;4.554596365392717416e+01;4.554599702028079378e+01;6.116820110642194663e+00;6.066596933560418847e+00
5.339492735741766666e-02;3.937856642146284969e+01;3.942940008672037777e+01;4.549596326756427800e+01;4.549599702028079662e+01;6.117396846101428309e+00;6.066596933560418847e+00
5.370317963702526953e-02;3.932798272762271097e+01;3.937940008672037351e+01;4.544596287672754187e+01;4.544599702028079946e+01;6.117980149104830900e+00;6.066596933560425953e+00
5.401321147646347826e-02;3.927739238818926992e+01;3.932940008672037635e+01;4.539596248136516010e+01;4.539599702028080230e+01;6.118570093175890179e+00;6.066596933560425953e+00
5.432503314924333471e-02;3.922679532879217135e+01;3.927940008672037209e+01;4.534596208142473728e+01;4.534599702028079093e+01;6.119166752632565931e+00;6.066596933560418847e+00
5.463865498818542416e-02;3.917619147425816095e+01;3.922940008672037493e+01;4.529596167685323849e+01;4.529599702028079378e+01;6.119770202595077535e+00;6.066596933560418847e+00
5.495408738576245539e-02;3.912558074860296387e+01;3.917940008672037777e+01;4.524596126759706749e+01;4.524599702028079662e+01;6.120380518994103625e+00;6.066596933560418847e+00
5.527134079444348536e-02;3.907496307502329813e+01;3.912940008672037351e+01;4.519596085360197435e+01;4.519599702028079946e+01;6.120997778578676218e+00;6.066596933560425953e+00
5.559042572704037122e-02;3.902433837588868215e+01;3.907940008672036925e+01;4.514596043481305543e+01;4.514599702028079520e+01;6.121622058924373277e+00;6.066596933560425953e+00
5.591135275705601954e-02;3.897370657273326344e+01;3.902940008672037209e+01;4.509596001117483155e+01;4.509599702028079804e+01;6.122253438441568107e+00;6.066596933560425953e+00
5.623413251903491145e-02;3.892306758624754082e+01;3.897940008672037493e+01;4.504595958263115563e+01;4.504599702028080088e+01;6.122891996383614810e+00;6.066596933560425953e+00
5.655877570891539030e-02;3.887242133627000129e+01;3.892940008672037777e+01;4.499595914912519845e+01;4.499599702028079662e+01;6.123537812855197160e+00;6.066596933560418847e+00
5.688529308438416282e-02;3.882176774177877832e+01;3.887940008672037351e+01;4.494595871059952685e+01;4.494599702028079236e+01;6.124190968820748537e+00;6.066596933560418847e+00
5.721369546523264599e-02;3.877110672088314658e+01;3.882940008672037635e+01;4.489595826699599712e+01;4.489599702028079520e+01;6.124851546112850542e+00;6.066596933560418847e+00
5.754399373371569398e-02;3.872043819081497418e+01;3.877940008672037209e+01;4.484595781825583316e+01;4.484599702028079093e+01;6.125519627440858983e+00;6.066596933560418847e+00
5.787619883491205985e-02;3.866976206792016768e+01;3.872940008672037493e+01;4.479595736431954123e+01;4.479599702028079378e+01;6.126195296399373547e+00;6.066596933560418847e+00
5.821032177708716088e-02;3.861907826764997509e+01;3.867940008672037067e+01;4.474595690512693835e+01;4.474599702028079662e+01;6.126878637476963263e+00;6.066596933560425953e+00
5.854637363205773132e-02;3.856838670455228879e+01;3.862940008672037351e+01;4.469595644061719497e+01;4.469599702028079946e+01;6.127569736064906181e+00;6.066596933560425953e+00
5.888436553555889685e-02;3.851768729226279930e+01;3.857940008672037635e+01;4.464595597072872124e+01;4.464599702028080230e+01;6.128268678465921937e+00;6.066596933560425953e+00
5.922430868761306005e-02;3.846697994349617034e+01;3.852940008672037209e+01;4.459595549539923809e+01;4.459599702028079804e+01;6.128975551903067753e+00;6.066596933560425953e+00
5.956621435290106181e-02;3.841626457003710016e+01;3.847940008672037493e+01;4.454595501456574169e+01;4.454599702028079378e+01;6.129690444528641535e+00;6.066596933560418847e+00
5.991009386113539670e-02;3.836554108273131192e+01;3.842940008672037067e+01;4.449595452816449637e+01;4.449599702028079662e+01;6.130413445433184449e+00;6.066596933560425953e+00
6.025595860743578058e-02;3.831480939147653686e+01;3.837940008672037351e+01;4.444595403613105589e+01;4.444599702028079236e+01;6.131144644654519027e+00;6.066596933560418847e+00
6.060382005270662648e-02;3.826406940521329858e+01;3.832940008672037635e+01;4.439595353840016401e+01;4.439599702028079520e+01;6.131884133186865427e+00;6.066596933560418847e+00
6.095368972401693508e-02;3.821332103191578966e+01;3.827940008672037209e+01;4.434595303490588236e+01;4.434599702028079804e+01;6.132632002990092701e+00;6.066596933560425953e+00
6.130557921498208662e-02;3.816256417858261329e+01;3.822940008672037493e+01;4.429595252558145546e+01;4.429599702028079378e+01;6.133388346998842167e+00;6.066596933560418847e+00
6.165950018614822087e-02;3.811179875122738281e+01;3.817940008672037777e+01;4.424595201035938175e+01;4.424599702028079662e+01;6.134153259131998936e+00;6.066596933560418847e+00
6.201546436537853924e-02;3.806102465486941355e+01;3.812940008672037351e+01;4.419595148917137806e+01;4.419599702028079946e+01;6.134926834301964504e+00;6.066596933560425953e+00
6.237348354824191754e-02;3.801024179352418031e+01;3.807940008672037635e+01;4.414595096194834412e+01;4.414599702028080230e+01;6.135709168424163806e+00;6.066596933560425953e+00
6.273356959840382940e-02;3.795945007019384576e+01;3.802940008672037209e+01;4.409595042862041225e+01;4.409599702028079093e+01;6.136500358426566493e+00;6.066596933560418847e+00
6.309573444801933051e-02;3.790864938685765395e+01;3.797940008672037493e+01;4.404594988911689768e+01;4.404599702028079378e+01;6.137300502259243729e+00;6.066596933560418847e+00
6.345999009812867964e-02;3.785783964446225269e+01;3.792940008672037777e+01;4.399594934336627716e+01;4.399599702028079662e+01;6.138109698904024469e+00;6.066596933560418847e+00
6.382634861905485402e-02;3.780702074291197334e+01;3.787940008672037351e+01;4.394594879129623166e+01;4.394599702028079946e+01;6.138928048384258318e+00;6.066596933560425953e+00
6.419482215080359044e-02;3.775619258105903953e+01;3.782940008672037635e+01;4.389594823283356817e+01;4.389599702028079520e+01;6.139755651774528644e+00;6.066596933560418847e+00
6.456542290346556356e-02;3.770535505669372611e+01;3.777940008672037209e+01;4.384594766790427656e+01;4.384599702028079804e+01;6.140592611210550444e+00;6.066596933560425953e+00
6.493816315762113156e-02;3.765450806653441163e+01;3.772940008672037493e+01;4.379594709643347983e+01;4.379599702028080088e+01;6.141439029899068203e+00;6.066596933560425953e+00
6.531305526474723289e-02;3.760365150621757380e+01;3.767940008672037777e+01;4.374594651834541992e+01;4.374599702028079662e+01;6.142295012127846121e+00;6.066596933560418847e+00
6.569011164762665611e-02;3.755278527028777091e+01;3.762940008672037351e+01;4.369594593356347900e+01;4.369599702028079236e+01;6.143160663275708089e+00;6.066596933560418847e+00
6.606934480075961347e-02;3.750190925218753080e+01;3.757940008672037635e+01;4.364594534201016529e+01;4.364599702028079520e+01;6.144036089822634494e+00;6.066596933560418847e+00
6.645076729077795119e-02;3.745102334424710477e+01;3.752940008672037209e+01;4.359594474360704908e+01;4.359599702028079093e+01;6.144921399359944303e+00;6.066596933560418847e+00
6.683439175686145539e-02;3.740012743767428560e+01;3.747940008672037493e+01;4.354594413827481958e+01;4.354599702028079378e+01;6.145816700600533977e+00;6.066596933560418847e+00
6.722023091115669757e-02;3.734922142254404065e+01;3.742940008672037067e+01;4.349594352593324231e+01;4.349599702028079662e+01;6.146722103389201664e+00;6.066596933560425953e+00
6.760829753919818386e-02;3.729830518778819481e+01;3.737940008672037351e+01;4.344594290650115909e+01;4.344599702028079946e+01;6.147637718712964272e+00;6.066596933560425953e+00
6.799860450033223813e-02;3.724737862118490739e+01;3.732940008672037635e+01;4.339594227989647379e+01;4.339599702028080230e+01;6.148563658711566404e+00;6.066596933560425953e+00
6.839116472814292524e-02;3.719644160934825550e+01;3.727940008672037209e+01;4.334594164603612398e+01;4.334599702028079804e+01;6.149500036687868487e+00;6.066596933560425953e+00
6.878599123088077749e-02;3.714549403771761149e+01;3.722940008672037493e+01;4.329594100483610219e+01;4.329599702028079378e+01;6.150446967118490704e+00;6.066596933560418847e+00
6.918309709189365830e-02;3.709453579054703454e+01;3.717940008672037067e+01;4.324594035621140620e+01;4.324599702028079662e+01;6.151404565664371660e+00;6.066596933560425953e+00
6.958249547006052638e-02;3.704356675089456274e+01;3.712940008672037351e+01;4.319593970007608164e+01;4.319599702028079236e+01;6.152372949181518891e+00;6.066596933560418847e+00
6.998419960022735087e-02;3.699258680061149818e+01;3.707940008672037635e+01;4.314593903634315097e+01;4.314599702028079520e+01;6.153352235731652797e+00;6.066596933560418847e+00
7.038822279364570500e-02;3.694159582033154976e+01;3.702940008672037209e+01;4.309593836492463481e+01;4.309599702028079804e+01;6.154342544593085051e+00;6.066596933560425953e+00
7.079457843841380216e-02;3.689059368945998330e+01;3.697940008672037493e+01;4.304593768573155899e+01;4.304599702028079378e+01;6.155343996271575691e+00;6.066596933560418847e+00
7.120327999992026591e-02;3.683958028616266489e+01;3.692940008672037777e+01;4.299593699867388352e+01;4.299599702028078951e+01;6.156356712511218632e+00;6.066596933560411742e+00
7.161434102129020374e-02;3.678855548735511860e+01;3.687940008672037351e+01;4.294593630366055237e+01;4.294599702028079946e+01;6.157380816305433768e+00;6.066596933560425953e+00
7.202777512383407021e-02;3.673751916869140643e+01;3.682940008672037635e+01;4.289593560059944366e+01;4.289599702028080230e+01;6.158416431908037225e+00;6.066596933560425953e+00
7.244359600749902817e-02;3.668647120455306521e+01;3.677940008672037209e+01;4.284593488939735551e+01;4.284599702028079093e+01;6.159463684844290299e+00;6.066596933560418847e+00
7.286181745132278009e-02;3.663541146803792259e+01;3.672940008672037493e+01;4.279593416996004862e+01;4.279599702028079378e+01;6.160522701922126032e+00;6.066596933560418847e+00
7.328245331389041106e-02;3.658433983094884923e+01;3.667940008672037777e+01;4.274593344219216107e+01;4.274599702028079662e+01;6.161593611243311841e+00;6.066596933560418847e+00
7.370551753379342430e-02;3.653325616378252505e+01;3.662940008672038061e+01;4.269593270599720825e+01;4.269599702028079946e+01;6.162676542214683195e+00;6.066596933560418847e+00
7.413102413009177438e-02;3.648216033571804218e+01;3.657940008672036925e+01;4.264593196127763264e+01;4.264599702028079520e+01;6.163771625559590461e+00;6.066596933560425953e+00
7.455898720277816250e-02;3.643105221460557175e+01;3.652940008672037209e+01;4.259593120793471854e+01;4.259599702028079804e+01;6.164878993329146795e+00;6.066596933560425953e+00
7.498942093324557912e-02;3.637993166695486025e+01;3.647940008672038203e+01;4.254593044586862760e+01;4.254599702028080088e+01;6.165998778913767353e+00;6.066596933560418847e+00
7.542233958475706712e-02;3.632879855792376134e+01;3.642940008672037777e+01;4.249592967497833484e+01;4.249599702028079662e+01;6.167131117054573508e+00;6.066596933560418847e+00
7.585775750291839925e-02;3.627765275130666112e+01;3.637940008672037351e+01;4.244592889516166423e+01;4.244599702028079236e+01;6.168276143855003113e+00;6.066596933560418847e+00
7.629568911615332294e-02;3.622649410952292470e+01;3.632940008672037635e+01;4.239592810631527442e+01;4.239599702028079520e+01;6.169433996792349717e+00;6.066596933560418847e+00
7.673614893618189992e-02;3.617532249360515806e+01;3.627940008672037209e+01;4.234592730833458774e+01;4.234599702028079093e+01;6.170604814729429677e+00;6.066596933560418847e+00
7.717915155850123277e-02;3.612413776318755509e+01;3.622940008672037493e+01;4.229592650111386121e+01;4.229599702028079378e+01;6.171788737926306112e+00;6.066596933560418847e+00
7.762471166286918911e-02;3.607293977649411687e+01;3.617940008672037067e+01;4.224592568454607289e+01;4.224599702028079662e+01;6.172985908051956017e+00;6.066596933560425953e+00
7.807284401379069316e-02;3.602172839032689211e+01;3.612940008672037351e+01;4.219592485852301422e+01;4.219599702028079946e+01;6.174196468196122112e+00;6.066596933560425953e+00
7.852356346100718143e-02;3.597050346005404720e+01;3.607940008672037635e+01;4.214592402293519768e+01;4.214599702028080230e+01;6.175420562881150488e+00;6.066596933560425953e+00
7.897688493998855641e-02;3.591926483959804273e+01;3.602940008672037209e+01;4.209592317767186387e+01;4.209599702028079804e+01;6.176658338073821142e+00;6.066596933560425953e+00
7.943282347242817953e-02;3.586801238142365378e+01;3.597940008672037493e+01;4.204592232262098150e+01;4.204599702028079378e+01;6.177909941197327726e+00;6.066596933560418847e+00
7.989139416674044536e-02;3.581674593652599725e+01;3.592940008672037067e+01;4.199592145766922613e+01;4.199599702028079662e+01;6.179175521143228877e+00;6.066596933560425953e+00
8.035261221856172809e-02;3.576546535441848107e+01;3.587940008672037351e+01;4.194592058270195878e+01;4.194599702028079236e+01;6.180455228283477709e+00;6.066596933560418847e+00
8.081649291125371504e-02;3.571417048312076048e+01;3.582940008672037635e+01;4.189591969760319046e+01;4.189599702028079520e+01;6.181749214482429977e+00;6.066596933560418847e+00
8.128305161640994592e-02;3.566286116914660198e+01;3.577940008672037209e+01;4.184591880225561766e+01;4.184599702028079804e+01;6.183057633109015683e+00;6.066596933560425953e+00
8.175230379436501660e-02;3.561153725749176147e+01;3.572940008672037493e+01;4.179591789654055844e+01;4.179599702028079378e+01;6.184380639048796979e+00;6.066596933560418847e+00
8.222426499470712746e-02;3.556019859162176289e+01;3.567940008672037777e+01;4.174591698033799503e+01;4.174599702028079662e+01;6.185718388716232141e+00;6.066596933560418847e+00
8.269895085679317137e-02;3.550884501345969824e+01;3.562940008672037351e+01;4.169591605352646724e+01;4.169599702028079946e+01;6.187071040066769001e+00;6.066596933560425953e+00
8.317637711026708291e-02;3.545747636337395647e+01;3.557940008672037635e+01;4.164591511598313645e+01;4.164599702028080230e+01;6.188438752609179971e+00;6.066596933560425953e+00
8.365655957558103262e-02;3.540609248016592403e+01;3.552940008672037209e+01;4.159591416758373583e+01;4.159599702028079093e+01;6.189821687417811802e+00;6.066596933560418847e+00
8.413951416451952159e-02;3.535469320105767821e+01;3.547940008672037493e+01;4.154591320820256328e+01;4.154599702028079378e+01;6.191220007144885074e+00;6.066596933560418847e+00
8.462525688072693175e-02;3.530327836167960243e+01;3.542940008672037777e+01;4.149591223771246717e+01;4.149599702028079662e+01;6.192633876032864748e+00;6.066596933560418847e+00
8.511380382023762958e-02;3.525184779605801566e+01;3.537940008672037351e+01;4.144591125598481796e+01;4.144599702028079946e+01;6.194063459926802295e+00;6.066596933560425953e+00
8.560517117200948378e-02;3.520040133660275927e+01;3.532940008672036925e+01;4.139591026288948683e+01;4.139599702028079520e+01;6.195508926286727558e+00;6.066596933560425953e+00
8.609937521846007524e-02;3.514893881409475540e+01;3.527940008672037209e+01;4.134590925829485286e+01;4.134599702028079804e+01;6.196970444200097461e+00;6.066596933560425953e+00
8.659643233600652912e-02;3.509746005767352273e+01;3.522940008672037493e+01;4.129590824206775324e+01;4.129599702028080088e+01;6.198448184394230509e+00;6.066596933560425953e+00
8.709635899560805306e-02;3.504596489482472066e+01;3.517940008672037777e+01;4.124590721407351168e+01;4.124599702028079662e+01;6.199942319248791023e+00;6.066596933560418847e+00
8.759917176331175059e-02;3.499445315136759405e+01;3.512940008672037351e+01;4.119590617417586031e+01;4.119599702028079236e+01;6.201453022808266269e+00;6.066596933560418847e+00
8.810488730080141828e-02;3.494292465144251025e+01;3.507940008672037635e+01;4.114590512223698227e+01;4.114599702028079520e+01;6.202980470794472012e+00;6.066596933560418847e+00
8.861352236594997878e-02;3.489137921749833282e+01;3.502940008672037209e+01;4.109590405811744063e+01;4.109599702028079093e+01;6.204524840619107806e+00;6.066596933560418847e+00
8.912509381337455072e-02;3.483981667027991591e+01;3.497940008672037493e+01;4.104590298167620688e+01;4.104599702028079378e+01;6.206086311396290967e+00;6.066596933560418847e+00
8.963961859499501583e-02;3.478823682881551349e+01;3.492940008672037067e+01;4.099590189277059693e+01;4.099599702028079662e+01;6.207665063955083440e+00;6.066596933560425953e+00
9.015711376059570847e-02;3.473663951040417430e+01;3.487940008672037351e+01;4.094590079125629245e+01;4.094599702028079946e+01;6.209261280852118148e+00;6.066596933560425953e+00
9.067759645839049143e-02;3.468502453060316526e+01;3.482940008672037635e+01;4.089589967698729112e+01;4.089599702028080230e+01;6.210875146384125856e+00;6.066596933560425953e+00
9.120108393559096804e-02;3.463339170321533089e+01;3.477940008672037209e+01;4.084589854981590662e+01;4.084599702028079804e+01;6.212506846600575727e+00;6.066596933560425953e+00
9.172759353897798340e-02;3.458174084027652384e+01;3.472940008672037493e+01;4.079589740959274735e+01;4.079599702028079378e+01;6.214156569316223511e+00;6.066596933560418847e+00
9.225714271547633127e-02;3.453007175204293588e+01;3.467940008672037067e+01;4.074589625616668798e+01;4.074599702028079662e+01;6.215824504123752092e+00;6.066596933560425953e+00
9.278974901273312481e-02;3.447838424697854975e+01;3.462940008672037351e+01;4.069589508938484812e+01;4.069599702028079236e+01;6.217510842406298366e+00;6.066596933560418847e+00
9.332543007969909543e-02;3.442667813174242042e+01;3.457940008672037635e+01;4.064589390909258526e+01;4.064599702028079520e+01;6.219215777350164842e+00;6.066596933560418847e+00
9.386420366721355546e-02;3.437495321117616243e+01;3.452940008672037209e+01;4.059589271513345210e+01;4.059599702028079804e+01;6.220939503957289674e+00;6.066596933560425953e+00
9.440608762859235836e-02;3.432320928829126672e+01;3.447940008672037493e+01;4.054589150734920366e+01;4.054599702028079378e+01;6.222682219057936948e+00;6.066596933560418847e+00
9.495109992021982803e-02;3.427144616425650980e+01;3.442940008672037777e+01;4.049589028557977599e+01;4.049599702028079662e+01;6.224444121323266188e+00;6.066596933560418847e+00
9.549925860214358853e-02;3.421966363838538427e+01;3.437940008672037351e+01;4.044588904966321508e+01;4.044599702028079946e+01;6.226225411277830801e+00;6.066596933560425953e+00
9.605058183867309918e-02;3.416786150812348666e+01;3.432940008672036925e+01;4.039588779943571240e+01;4.039599702028078809e+01;6.228026291312225737e+00;6.066596933560418847e+00
9.660508789898135384e-02;3.411603956903596213e+01;3.427940008672037209e+01;4.034588653473156938e+01;4.034599702028079093e+01;6.229846965695607253e+00;6.066596933560418847e+00
9.716279515771063247e-02;3.406419761479493502e+01;3.422940008672037493e+01;4.029588525538316190e+01;4.029599702028079378e+01;6.231687640588226884e+00;6.066596933560418847e+00
9.772372209558106981e-02;3.401233543716701746e+01;3.417940008672037777e+01;4.024588396122092604e+01;4.024599702028079662e+01;6.233548524053908579e+00;6.066596933560418847e+00
9.828788730000320717e-02;3.396045282600071857e+01;3.412940008672037351e+01;4.019588265207332967e+01;4.019599702028079946e+01;6.235429826072611093e+00;6.066596933560425953e+00
9.885530946569390243e-02;3.390854956921405261e+01;3.407940008672036925e+01;4.014588132776686535e+01;4.014599702028079520e+01;6.237331758552812744e+00;6.066596933560425953e+00
9.942600739529568188e-02;3.385662545278199786e+01;3.402940008672037209e+01;4.009587998812599352e+01;4.009599702028079804e+01;6.239254535343995656e+00;6.066596933560425953e+00
1.000000000000000056e-01;3.380468026072412613e+01;3.397940008672037493e+01;4.004587863297317085e+01;4.004599702028080088e+01;6.241198372249044724e+00;6.066596933560425953e+00
1.005773063001738077e-01;3.375271377509215398e+01;3.392940008672037777e+01;3.999587726212878636e+01;3.999599702028079662e+01;6.243163487036632375e+00;6.066596933560418847e+00
1.011579454259898259e-01;3.370072577595759356e+01;3.387940008672038061e+01;3.994587587541114004e+01;3.994599702028079946e+01;6.245150099453546488e+00;6.066596933560418847e+00
1.017419366180604551e-01;3.364871604139948147e+01;3.382940008672037635e+01;3.989587447263644293e+01;3.989599702028079520e+01;6.247158431236961462e+00;6.066596933560418847e+00
1.023292992280754737e-01;3.359668434749198695e+01;3.377940008672037209e+01;3.984587305361876730e+01;3.984599702028079093e+01;6.249188706126780346e+00;6.066596933560418847e+00
1.029200527194428644e-01;3.354463046829230422e+01;3.372940008672037493e+01;3.979587161817004670e+01;3.979599702028079378e+01;6.251241149877742487e+00;6.066596933560418847e+00
1.035142166679344083e-01;3.349255417582833161e+01;3.367940008672037067e+01;3.974587016610002621e+01;3.974599702028078951e+01;6.253315990271694602e+00;6.066596933560418847e+00
1.041118107623339728e-01;3.344045524008659953e+01;3.362940008672037351e+01;3.969586869721623401e+01;3.969599702028079236e+01;6.255413457129634480e+00;6.066596933560418847e+00
1.047128548050899610e-01;3.338833342900016987e+01;3.357940008672037635e+01;3.964586721132400982e+01;3.964599702028079520e+01;6.257533782323839944e+00;6.066596933560418847e+00
1.053173687129715930e-01;3.333618850843659231e+01;3.352940008672037209e+01;3.959586570822639828e+01;3.959599702028079804e+01;6.259677199789805968e+00;6.066596933560425953e+00
1.059253725177288635e-01;3.328402024218591748e+01;3.347940008672037493e+01;3.954586418772419165e+01;3.954599702028079378e+01;6.261843945538274170e+00;6.066596933560418847e+00
1.065368863667562893e-01;3.323182839194880955e+01;3.342940008672037777e+01;3.949586264961585869e+01;3.949599702028079662e+01;6.264034257667049133e+00;6.066596933560418847e+00
1.071519305237607078e-01;3.317961271732465178e+01;3.337940008672036640e+01;3.944586109369752336e+01;3.944599702028079236e+01;6.266248376372871576e+00;6.066596933560425953e+00
1.077705253694322407e-01;3.312737297579985096e+01;3.332940008672036925e+01;3.939585951976299327e+01;3.939599702028078809e+01;6.268486543963142310e+00;6.066596933560418847e+00
1.083926914021203919e-01;3.307510892273600689e+01;3.327940008672037209e+01;3.934585792760365308e+01;3.934599702028079093e+01;6.270749004867646192e+00;6.066596933560418847e+00
1.090184492385127824e-01;3.302282031135838025e+01;3.322940008672037493e+01;3.929585631700848580e+01;3.929599702028079378e+01;6.273036005650105551e+00;6.066596933560418847e+00
1.096478196143185063e-01;3.297050689274428237e+01;3.317940008672037777e+01;3.924585468776401598e+01;3.924599702028079662e+01;6.275347795019733610e+00;6.066596933560418847e+00
1.102808233849551928e-01;3.291816841581160702e+01;3.312940008672037351e+01;3.919585303965431677e+01;3.919599702028079236e+01;6.277684623842709755e+00;6.066596933560418847e+00
1.109174815262400915e-01;3.286580462730746177e+01;3.307940008672037635e+01;3.914585137246093893e+01;3.914599702028079520e+01;6.280046745153477161e+00;6.066596933560418847e+00
1.115578151350851976e-01;3.281341527179685613e+01;3.302940008672037919e+01;3.909584968596293209e+01;3.909599702028079804e+01;6.282434414166075953e+00;6.066596933560418847e+00
1.122018454301963036e-01;3.276100009165145366e+01;3.297940008672037493e+01;3.904584797993675949e+01;3.904599702028080088e+01;6.284847888285305828e+00;6.066596933560425953e+00
1.128495937527762144e-01;3.270855882703851591e+01;3.292940008672037067e+01;3.899584625415629802e+01;3.899599702028078951e+01;6.287287427117782102e+00;6.066596933560418847e+00
1.135010815672315432e-01;3.265609121590986774e+01;3.287940008672037351e+01;3.894584450839285239e+01;3.894599702028079236e+01;6.289753292482984648e+00;6.066596933560418847e+00
1.141563304618845864e-01;3.260359699399094779e+01;3.282940008672036925e+01;3.889584274241501305e+01;3.889599702028079520e+01;6.292245748424065255e+00;6.066596933560425953e+00
1.148153621496882937e-01;3.255107589477002961e+01;3.277940008672037209e+01;3.884584095598874143e+01;3.884599702028079093e+01;6.294765061218711821e+00;6.066596933560418847e+00
1.154781984689458169e-01;3.249852764948752792e+01;3.272940008672037493e+01;3.879583914887725626e+01;3.879599702028079378e+01;6.297311499389728340e+00;6.066596933560418847e+00
1.161448613840342647e-01;3.244595198712538320e+01;3.267940008672037777e+01;3.874583732084106202e+01;3.874599702028079662e+01;6.299885333715678826e+00;6.066596933560418847e+00
1.168153729861324264e-01;3.239334863439663081e+01;3.262940008672038061e+01;3.869583547163786363e+01;3.869599702028079946e+01;6.302486837241232820e+00;6.066596933560418847e+00
1.174897554939529076e-01;3.234071731573499164e+01;3.257940008672037635e+01;3.864583360102258780e+01;3.864599702028080230e+01;6.305116285287596156e+00;6.066596933560425953e+00
1.181680312544784311e-01;3.228805775328470418e+01;3.252940008672037209e+01;3.859583170874729063e+01;3.859599702028079093e+01;6.307773955462586457e+00;6.066596933560418847e+00
1.188502227437018971e-01;3.223536966689039218e+01;3.247940008672037493e+01;3.854582979456119318e+01;3.854599702028079378e+01;6.310460127670801000e+00;6.066596933560418847e+00
1.195363525673718980e-01;3.218265277408710290e+01;3.242940008672037067e+01;3.849582785821059616e+01;3.849599702028078951e+01;6.313175084123493264e+00;6.066596933560418847e+00
1.202264434617413141e-01;3.212990679009044470e+01;3.237940008672037351e+01;3.844582589943886575e+01;3.844599702028079236e+01;6.315919109348421046e+00;6.066596933560418847e+00
1.209205182943208501e-01;3.207713142778693083e+01;3.232940008672037635e+01;3.839582391798639094e+01;3.839599702028079520e+01;6.318692490199460110e+00;6.066596933560418847e+00
1.216186000646367893e-01;3.202432639772440837e+01;3.227940008672037209e+01;3.834582191359054804e+01;3.834599702028079804e+01;6.321495515866139669e+00;6.066596933560425953e+00
1.223207119049931346e-01;3.197149140810262224e+01;3.222940008672037493e+01;3.829581988598570064e+01;3.829599702028079378e+01;6.324328477883078392e+00;6.066596933560418847e+00
1.230268770812381063e-01;3.191862616476398529e+01;3.217940008672037777e+01;3.824581783490310727e+01;3.824599702028079662e+01;6.327191670139121982e+00;6.066596933560418847e+00
1.237371189935353166e-01;3.186573037118443352e+01;3.212940008672036640e+01;3.819581576007092849e+01;3.819599702028079236e+01;6.330085388886494968e+00;6.066596933560425953e+00
1.244514611771385670e-01;3.181280372846453730e+01;3.207940008672036925e+01;3.814581366121418426e+01;3.814599702028078809e+01;6.333009932749646964e+00;6.066596933560418847e+00
1.251699273031725568e-01;3.175984593532062661e+01;3.202940008672037209e+01;3.809581153805470422e+01;3.809599702028079093e+01;6.335965602734077606e+00;6.066596933560418847e+00
1.258925411794167559e-01;3.170685668807618640e+01;3.197940008672037493e+01;3.804580939031109210e+01;3.804599702028079378e+01;6.338952702234905701e+00;6.066596933560418847e+00
1.266193267510944409e-01;3.165383568065344377e+01;3.192940008672037422e+01;3.799580721769869029e+01;3.799599702028079662e+01;6.341971537045246521e+00;6.066596933560422400e+00
1.273503081016661709e-01;3.160078260456498001e+01;3.187940008672037351e+01;3.794580501992956556e+01;3.794599702028079236e+01;6.345022415364585555e+00;6.066596933560418847e+00
1.280855094536278438e-01;3.154769714890569787e+01;3.182940008672037635e+01;3.789580279671243090e+01;3.789599702028079520e+01;6.348105647806733032e+00;6.066596933560418847e+00
1.288249551693133599e-01;3.149457900034482805e+01;3.177940008672037919e+01;3.784580054775263847e+01;3.784599702028079804e+01;6.351221547407810419e+00;6.066596933560418847e+00
1.295686697517018926e-01;3.144142784311818062e+01;3.172940008672037848e+01;3.779579827275212267e+01;3.779599702028080088e+01;6.354370429633942052e+00;6.066596933560422400e+00
1.303166778452299890e-01;3.138824335902056006e+01;3.167940008672037067e+01;3.774579597140936471e+01;3.774599702028079662e+01;6.357552612388804647e+00;6.066596933560425953e+00
1.310690042366077224e-01;3.133502522739840757e+01;3.162940008672037351e+01;3.769579364341937122e+01;3.769599702028079236e+01;6.360768416020963656e+00;6.066596933560418847e+00
1.318256738556407293e-01;3.128177312514255348e+01;3.157940008672037280e+01;3.764579128847360323e+01;3.764599702028079520e+01;6.364018163331049749e+00;6.066596933560422400e+00
1.325867117760559377e-01;3.122848672668124692e+01;3.152940008672037209e+01;3.759578890625994774e+01;3.759599702028079093e+01;6.367302179578700816e+00;6.066596933560418847e+00
1.333521432163324028e-01;3.117516570397333453e+01;3.147940008672037493e+01;3.754578649646268218e+01;3.754599702028079378e+01;6.370620792489347650e+00;6.066596933560418847e+00
1.341219935405370822e-01;3.112180972650165955e+01;3.142940008672038132e+01;3.749578405876243892e+01;3.749599702028079662e+01;6.373974332260779363e+00;6.066596933560415295e+00
1.348962882591653312e-01;3.106841846126666695e+01;3.137940008672037706e+01;3.744578159283613417e+01;3.744599702028079946e+01;6.377363131569467214e+00;6.066596933560422400e+00
1.356750530299861146e-01;3.101499157278018970e+01;3.132940008672037635e+01;3.739577909835696090e+01;3.739599702028080230e+01;6.380787525576771202e+00;6.066596933560425953e+00
1.364583136588925216e-01;3.096152872305946957e+01;3.127940008672037209e+01;3.734577657499430359e+01;3.734599702028079093e+01;6.384247851934834017e+00;6.066596933560418847e+00
1.372460961007562485e-01;3.090802957162141951e+01;3.122940008672037138e+01;3.729577402241375239e+01;3.729599702028079378e+01;6.387744450792332884e+00;6.066596933560422400e+00
1.380384264602885214e-01;3.085449377547703165e+01;3.117940008672037067e+01;3.724577144027701081e+01;3.724599702028078951e+01;6.391277664799979163e+00;6.066596933560418847e+00
1.388353309929045709e-01;3.080092098912602694e+01;3.112940008672037351e+01;3.719576882824186015e+01;3.719599702028079236e+01;6.394847839115833210e+00;6.066596933560418847e+00
1.396368361055937701e-01;3.074731086455178897e+01;3.107940008672037635e+01;3.714576618596212398e+01;3.714599702028079520e+01;6.398455321410335017e+00;6.066596933560418847e+00
1.404429683577947396e-01;3.069366305121644345e+01;3.102940008672037564e+01;3.709576351308761133e+01;3.709599702028079804e+01;6.402100461871167880e+00;6.066596933560422400e+00
1.412537544622753938e-01;3.063997719605619707e+01;3.097940008672037493e+01;3.704576080926409531e+01;3.704599702028080088e+01;6.405783613207898242e+00;6.066596933560425953e+00
1.420692212860181769e-01;3.058625294347691437e+01;3.092940008672037777e+01;3.699575807413323503e+01;3.699599702028079662e+01;6.409505130656320659e+00;6.066596933560418847e+00
1.428893958511103790e-01;3.053248993534988998e+01;3.087940008672036996e+01;3.694575530733251867e+01;3.694599702028079236e+01;6.413265371982628693e+00;6.066596933560422400e+00
1.437143053356391142e-01;3.047868781100793711e+01;3.082940008672036925e+01;3.689575250849529908e+01;3.689599702028079520e+01;6.417064697487361968e+00;6.066596933560425953e+00
1.445439770745927943e-01;3.042484620724157907e+01;3.077940008672037209e+01;3.684574967725061612e+01;3.684599702028079093e+01;6.420903470009037051e+00;6.066596933560418847e+00
1.453784385607662100e-01;3.037096475829561015e+01;3.072940008672037493e+01;3.679574681322327478e+01;3.679599702028079378e+01;6.424782054927664632e+00;6.066596933560418847e+00
1.462177174456718298e-01;3.031704309586582013e+01;3.067940008672037422e+01;3.674574391603367474e+01;3.674599702028079662e+01;6.428700820167854602e+00;6.066596933560422400e+00
1.470618415404560397e-01;3.026308084909599572e+01;3.062940008672037351e+01;3.669574098529786710e+01;3.669599702028079236e+01;6.432660136201871381e+00;6.066596933560418847e+00
1.479108388168207111e-01;3.020907764457512457e+01;3.057940008672037635e+01;3.664573802062744790e+01;3.664599702028079520e+01;6.436660376052323329e+00;6.066596933560418847e+00
1.487647374079501539e-01;3.015503310633491552e+01;3.052940008672037919e+01;3.659573502162950831e+01;3.659599702028079804e+01;6.440701915294592794e+00;6.066596933560418847e+00
1.496235656094434263e-01;3.010094685584746799e+01;3.047940008672036782e+01;3.654573198790659205e+01;3.654599702028079378e+01;6.444785132059124066e+00;6.066596933560425953e+00
1.504873518802514465e-01;3.004681851202330023e+01;3.042940008672037067e+01;3.649572891905665273e+01;3.649599702028078951e+01;6.448910407033352499e+00;6.066596933560418847e+00
1.513561248436208762e-01;2.999264769120952323e+01;3.037940008672037351e+01;3.644572581467297567e+01;3.644599702028079236e+01;6.453078123463452442e+00;6.066596933560418847e+00
1.522299132880420292e-01;2.993843400718830949e+01;3.032940008672037280e+01;3.639572267434414954e+01;3.639599702028079520e+01;6.457288667155840045e+00;6.066596933560422400e+00
1.531087461682030249e-01;2.988417707117564959e+01;3.027940008672037209e+01;3.634571949765398102e+01;3.634599702028079093e+01;6.461542426478331436e+00;6.066596933560418847e+00
1.539926526059491874e-01;2.982987649182028989e+01;3.022940008672037493e+01;3.629571628418148777e+01;3.629599702028079378e+01;6.465839792361197880e+00;6.066596933560418847e+00
1.548816618912481069e-01;2.977553187520295097e+01;3.017940008672037777e+01;3.624571303350077756e+01;3.624599702028079662e+01;6.470181158297826585e+00;6.066596933560418847e+00
1.557758034831601968e-01;2.972114282483583025e+01;3.012940008672037706e+01;3.619570974518106254e+01;3.619599702028079946e+01;6.474566920345232290e+00;6.066596933560422400e+00
1.566751070108148569e-01;2.966670894166227868e+01;3.007940008672037635e+01;3.614570641878654556e+01;3.614599702028079520e+01;6.478997477124266879e+00;6.066596933560418847e+00
1.575796022743925218e-01;2.961222982405681137e+01;3.002940008672037209e+01;3.609570305387638456e+01;3.609599702028079093e+01;6.483473229819573191e+00;6.066596933560418847e+00
1.584893192461114264e-01;2.955770506782533857e+01;2.997940008672037138e+01;3.604569965000465714e+01;3.604599702028079378e+01;6.487994582179318570e+00;6.066596933560422400e+00
1.594042880712218113e-01;2.950313426620560264e+01;2.992940008672037067e+01;3.599569620672026105e+01;3.599599702028078951e+01;6.492561940514658403e+00;6.066596933560418847e+00
1.603245390690041794e-01;2.944851700986792764e+01;2.987940008672037351e+01;3.594569272356685730e+01;3.594599702028079236e+01;6.497175713698929655e+00;6.066596933560418847e+00
1.612501027337741588e-01;2.939385288691619280e+01;2.982940008672037635e+01;3.589568920008285602e+01;3.589599702028079520e+01;6.501836313166663217e+00;6.066596933560418847e+00
1.621810097358929725e-01;2.933914148288904400e+01;2.977940008672037564e+01;3.584568563580128853e+01;3.584599702028079804e+01;6.506544152912244527e+00;6.066596933560422400e+00
1.631172909227837919e-01;2.928438238076135036e+01;2.972940008672037493e+01;3.579568203024982154e+01;3.579599702028079378e+01;6.511299649488471175e+00;6.066596933560418847e+00
1.640589773199538637e-01;2.922957516094594155e+01;2.967940008672037777e+01;3.574567838295061506e+01;3.574599702028079662e+01;6.516103222004673512e+00;6.066596933560418847e+00
1.650061001320228538e-01;2.917471940129552621e+01;2.962940008672036996e+01;3.569567469342030108e+01;3.569599702028079236e+01;6.520955292124774871e+00;6.066596933560422400e+00
1.659586907437561321e-01;2.911981467710491245e+01;2.957940008672036925e+01;3.564567096116995515e+01;3.564599702028078809e+01;6.525856284065042701e+00;6.066596933560418847e+00
1.669167807211058285e-01;2.906486056111339877e+01;2.952940008672037209e+01;3.559566718570495425e+01;3.559599702028079093e+01;6.530806624591555476e+00;6.066596933560418847e+00
1.678804018122560526e-01;2.900985662350744931e+01;2.947940008672037493e+01;3.554566336652496261e+01;3.554599702028079378e+01;6.535806743017513298e+00;6.066596933560418847e+00
1.688495859486753292e-01;2.895480243192361414e+01;2.942940008672037422e+01;3.549565950312384643e+01;3.549599702028079662e+01;6.540857071200232298e+00;6.066596933560422400e+00
1.698243652461744191e-01;2.889969755145158814e+01;2.937940008672037351e+01;3.544565559498961704e+01;3.544599702028079236e+01;6.545958043538028903e+00;6.066596933560418847e+00
1.708047720059707730e-01;2.884454154463760744e+01;2.932940008672037635e+01;3.539565164160435984e+01;3.539599702028080230e+01;6.551110096966752394e+00;6.066596933560425953e+00
1.717908387157587591e-01;2.878933397148799855e+01;2.927940008672037919e+01;3.534564764244416324e+01;3.534599702028079804e+01;6.556313670956164685e+00;6.066596933560418847e+00
1.727825980507864401e-01;2.873407438947293002e+01;2.922940008672036782e+01;3.529564359697904763e+01;3.529599702028078667e+01;6.561569207506117607e+00;6.066596933560418847e+00
1.737800828749376247e-01;2.867876235353044834e+01;2.917940008672037067e+01;3.524563950467290852e+01;3.524599702028078951e+01;6.566877151142460178e+00;6.066596933560418847e+00
1.747833262418219125e-01;2.862339741607064525e+01;2.912940008672037351e+01;3.519563536498343126e+01;3.519599702028079236e+01;6.572237948912786010e+00;6.066596933560418847e+00
1.757923613958693176e-01;2.856797912698005959e+01;2.907940008672037280e+01;3.514563117736200581e+01;3.514599702028079520e+01;6.577652050381946225e+00;6.066596933560422400e+00
1.768072217734319718e-01;2.851250703362627092e+01;2.902940008672037209e+01;3.509562694125369120e+01;3.509599702028079093e+01;6.583119907627420275e+00;6.066596933560418847e+00
1.778279410038922925e-01;2.845698068086269927e+01;2.897940008672037493e+01;3.504562265609712313e+01;3.504599702028079378e+01;6.588641975234423853e+00;6.066596933560418847e+00
1.788545529107771204e-01;2.840139961103356825e+01;2.892940008672037777e+01;3.499561832132442163e+01;3.499599702028079662e+01;6.594218710290853380e+00;6.066596933560418847e+00
1.798870915128787384e-01;2.834576336397903162e+01;2.887940008672037706e+01;3.494561393636115554e+01;3.494599702028079946e+01;6.599850572382123914e+00;6.066596933560422400e+00
1.809255910253820265e-01;2.829007147704053438e+01;2.882940008672037635e+01;3.489560950062623590e+01;3.489599702028079520e+01;6.605538023585701524e+00;6.066596933560418847e+00
1.819700858609984429e-01;2.823432348506623413e+01;2.877940008672037209e+01;3.484560501353180939e+01;3.484599702028079093e+01;6.611281528465575263e+00;6.066596933560418847e+00
1.830206106311056680e-01;2.817851892041673523e+01;2.872940008672037138e+01;3.479560047448329385e+01;3.479599702028079378e+01;6.617081554066558624e+00;6.066596933560422400e+00
1.840772001468956309e-01;2.812265731297077664e+01;2.867940008672037067e+01;3.474559588287916512e+01;3.474599702028078951e+01;6.622938569908388473e+00;6.066596933560418847e+00
1.851398894205272261e-01;2.806673819013120053e+01;2.862940008672037351e+01;3.469559123811095702e+01;3.469599702028079236e+01;6.628853047979756496e+00;6.066596933560418847e+00
1.862087136662867459e-01;2.801076107683103800e+01;2.857940008672037635e+01;3.464558653956315482e+01;3.464599702028079520e+01;6.634825462732116819e+00;6.066596933560418847e+00
1.872837083017548365e-01;2.795472549553966601e+01;2.852940008672037564e+01;3.459558178661310990e+01;3.459599702028079804e+01;6.640856291073443884e+00;6.066596933560422400e+00
1.883649089489800033e-01;2.789863096626910277e+01;2.847940008672037493e+01;3.454557697863099008e+01;3.454599702028080088e+01;6.646946012361887313e+00;6.066596933560425953e+00
1.894523514356591387e-01;2.784247700658043811e+01;2.842940008672037777e+01;3.449557211497965170e+01;3.449599702028079662e+01;6.653095108399213586e+00;6.066596933560418847e+00
1.905460717963248229e-01;2.778626313159029593e+01;2.837940008672036996e+01;3.444556719501457565e+01;3.444599702028079236e+01;6.659304063424279718e+00;6.066596933560422400e+00
1.916461062735387300e-01;2.772998885397745639e+01;2.832940008672036925e+01;3.439556221808380343e+01;3.439599702028078809e+01;6.665573364106347043e+00;6.066596933560418847e+00
1.927524913190936662e-01;2.767365368398948888e+01;2.827940008672037209e+01;3.434555718352781639e+01;3.434599702028079093e+01;6.671903499538327509e+00;6.066596933560418847e+00
1.938652635952207715e-01;2.761725712944948086e+01;2.822940008672037493e+01;3.429555209067944332e+01;3.429599702028079378e+01;6.678294961229962468e+00;6.066596933560418847e+00
1.949844599758045471e-01;2.756079869576279151e+01;2.817940008672037422e+01;3.424554693886382495e+01;3.424599702028079662e+01;6.684748243101033438e+00;6.066596933560422400e+00
1.961101175476047398e-01;2.750427788592388012e+01;2.812940008672037351e+01;3.419554172739826470e+01;3.419599702028079946e+01;6.691263841474384577e+00;6.066596933560425953e+00
1.972422736114853303e-01;2.744769420052315922e+01;2.807940008672037635e+01;3.414553645559216477e+01;3.414599702028079520e+01;6.697842255069005546e+00;6.066596933560418847e+00
1.983809656836505175e-01;2.739104713775380873e+01;2.802940008672037919e+01;3.409553112274694797e+01;3.409599702028079804e+01;6.704483984993139245e+00;6.066596933560418847e+00
1.995262314968880846e-01;2.733433619341866105e+01;2.797940008672036782e+01;3.404552572815594402e+01;3.404599702028078667e+01;6.711189534737282969e+00;6.066596933560418847e+00
2.006781090018190106e-01;2.727756086093706145e+01;2.792940008672037067e+01;3.399552027110430430e+01;3.399599702028078951e+01;6.717959410167242851e+00;6.066596933560418847e+00
2.018366363681561859e-01;2.722072063135164655e+01;2.787940008672037351e+01;3.394551475086889525e+01;3.394599702028079236e+01;6.724794119517248703e+00;6.066596933560418847e+00
2.030018519859684567e-01;2.716381499333513716e+01;2.782940008672037280e+01;3.389550916671823444e+01;3.389599702028079520e+01;6.731694173383097279e+00;6.066596933560422400e+00
2.041737944669529681e-01;2.710684343319710976e+01;2.777940008672037209e+01;3.384550351791234135e+01;3.384599702028079093e+01;6.738660084715231591e+00;6.066596933560418847e+00
2.053525026457146130e-01;2.704980543489058675e+01;2.772940008672037493e+01;3.379549780370270184e+01;3.379599702028079378e+01;6.745692368812115092e+00;6.066596933560418847e+00
2.065380155810529195e-01;2.699270048001868005e+01;2.767940008672037777e+01;3.374549202333212605e+01;3.374599702028079662e+01;6.752791543313445999e+00;6.066596933560418847e+00
2.077303725572562931e-01;2.693552804784104637e+01;2.762940008672037706e+01;3.369548617603464180e+01;3.369599702028079946e+01;6.759958128193595428e+00;6.066596933560422400e+00
2.089296130854038647e-01;2.687828761528022881e+01;2.757940008672037635e+01;3.364548026103543066e+01;3.364599702028079520e+01;6.767192645755201852e+00;6.066596933560418847e+00
2.101357769046748869e-01;2.682097865692794514e+01;2.752940008672037209e+01;3.359547427755070714e+01;3.359599702028079093e+01;6.774495620622762004e+00;6.066596933560418847e+00
2.113489039836647654e-01;2.676360064505114167e+01;2.747940008672037138e+01;3.354546822478761214e+01;3.354599702028079378e+01;6.781867579736470475e+00;6.066596933560422400e+00
2.125690345217107757e-01;2.670615304959794045e+01;2.742940008672037067e+01;3.349546210194409923e+01;3.349599702028078951e+01;6.789309052346158779e+00;6.066596933560418847e+00
2.137962089502232488e-01;2.664863533820335562e+01;2.737940008672037351e+01;3.344545590820884939e+01;3.344599702028079236e+01;6.796820570005493778e+00;6.066596933560418847e+00
2.150304679340256375e-01;2.659104697619488888e+01;2.732940008672037635e+01;3.339544964276114314e+01;3.339599702028079520e+01;6.804402666566254254e+00;6.066596933560418847e+00
2.162718523727020226e-01;2.653338742659782667e+01;2.727940008672037564e+01;3.334544330477076812e+01;3.334599702028079804e+01;6.812055878172941448e+00;6.066596933560422400e+00
2.175204034019522226e-01;2.647565615014035956e+01;2.722940008672037493e+01;3.329543689339790546e+01;3.329599702028079378e+01;6.819780743257545907e+00;6.066596933560418847e+00
2.187761623949551759e-01;2.641785260525842816e+01;2.717940008672037777e+01;3.324543040779300895e+01;3.324599702028079662e+01;6.827577802534580798e+00;6.066596933560418847e+00
2.200391709637399829e-01;2.635997624810028128e+01;2.712940008672036996e+01;3.319542384709669847e+01;3.319599702028079236e+01;6.835447598996417184e+00;6.066596933560422400e+00
2.213094709605638588e-01;2.630202653253083867e+01;2.707940008672036925e+01;3.314541721043965339e+01;3.314599702028079520e+01;6.843390677908814723e+00;6.066596933560425953e+00
2.225871044793005515e-01;2.624400291013556341e+01;2.702940008672037209e+01;3.309541049694249182e+01;3.309599702028079093e+01;6.851407586806928407e+00;6.066596933560418847e+00
2.238721138568340041e-01;2.618590483022422433e+01;2.697940008672037493e+01;3.304540370571565688e+01;3.304599702028079378e+01;6.859498875491432557e+00;6.066596933560418847e+00
2.251645416744617878e-01;2.612773173983410402e+01;2.692940008672037422e+01;3.299539683585927463e+01;3.299599702028079662e+01;6.867665096025170612e+00;6.066596933560422400e+00
2.264644307593059458e-01;2.606948308373302936e+01;2.687940008672037351e+01;3.294538988646308297e+01;3.294599702028079946e+01;6.875906802730053613e+00;6.066596933560425953e+00
2.277718241857321912e-01;2.601115830442186549e+01;2.682940008672037635e+01;3.289538285660626826e+01;3.289599702028079520e+01;6.884224552184402768e+00;6.066596933560418847e+00
2.290867652767772378e-01;2.595275684213668299e+01;2.677940008672037919e+01;3.284537574535736582e+01;3.284599702028079804e+01;6.892618903220682824e+00;6.066596933560418847e+00
2.304092976055847064e-01;2.589427813485047025e+01;2.672940008672036782e+01;3.279536855177411070e+01;3.279599702028078667e+01;6.901090416923640447e+00;6.066596933560418847e+00
2.317394649968479714e-01;2.583572161827443381e+01;2.667940008672037067e+01;3.274536127490338799e+01;3.274599702028078951e+01;6.909639656628954185e+00;6.066596933560418847e+00
2.330773115282638586e-01;2.577708672585874439e+01;2.662940008672037351e+01;3.269535391378098410e+01;3.269599702028079236e+01;6.918267187922239714e+00;6.066596933560418847e+00
2.344228815319922832e-01;2.571837288879289218e+01;2.657940008672037280e+01;3.264534646743155832e+01;3.264599702028079520e+01;6.926973578638666140e+00;6.066596933560422400e+00
2.357762195961254637e-01;2.565957953600546659e+01;2.652940008672037209e+01;3.259533893486848655e+01;3.259599702028079093e+01;6.935759398863019953e+00;6.066596933560418847e+00
2.371373705661655173e-01;2.560070609416344212e+01;2.647940008672037493e+01;3.254533131509371913e+01;3.254599702028079378e+01;6.944625220930277010e+00;6.066596933560418847e+00
2.385063795465105219e-01;2.554175198767087096e+01;2.642940008672037777e+01;3.249532360709764589e+01;3.249599702028079662e+01;6.953571619426774930e+00;6.066596933560418847e+00
2.398832919019489862e-01;2.548271663866704984e+01;2.637940008672037706e+01;3.244531580985898955e+01;3.244599702028079946e+01;6.962599171191939718e+00;6.066596933560422400e+00
2.412681532591632871e-01;2.542359946702405438e+01;2.632940008672037635e+01;3.239530792234464229e+01;3.239599702028079520e+01;6.971708455320587916e+00;6.066596933560418847e+00
2.426610095082416818e-01;2.536439989034365539e+01;2.627940008672037209e+01;3.234529994350953075e+01;3.234599702028079093e+01;6.980900053165875363e+00;6.066596933560418847e+00
2.440619068041981199e-01;2.530511732395365954e+01;2.622940008672037138e+01;3.229529187229651654e+01;3.229599702028079378e+01;6.990174548342857008e+00;6.066596933560422400e+00
2.454708915685031023e-01;2.524575118090346493e+01;2.617940008672037067e+01;3.224528370763619733e+01;3.224599702028078951e+01;6.999532526732732407e+00;6.066596933560418847e+00
2.468880104906208961e-01;2.518630087195908729e+01;2.612940008672037351e+01;3.219527544844681444e+01;3.219599702028079236e+01;7.008974576487727148e+00;6.066596933560418847e+00
2.483133105295570464e-01;2.512676580559736195e+01;2.607940008672037635e+01;3.214526709363406809e+01;3.214599702028079520e+01;7.018501288036706143e+00;6.066596933560418847e+00
2.497468389154143265e-01;2.506714538799950276e+01;2.602940008672037564e+01;3.209525864209102508e+01;3.209599702028079804e+01;7.028113254091522322e+00;6.066596933560422400e+00
2.511886431509579576e-01;2.500743902304387234e+01;2.597940008672037493e+01;3.204525009269789848e+01;3.204599702028080088e+01;7.037811069654026142e+00;6.066596933560425953e+00
2.526387710131895448e-01;2.494764611229801332e+01;2.592940008672037777e+01;3.199524144432199790e+01;3.199599702028079662e+01;7.047595332023984582e+00;6.066596933560418847e+00
2.540972705549306432e-01;2.488776605500987316e+01;2.587940008672036996e+01;3.194523269581746661e+01;3.194599702028078880e+01;7.057466640807593450e+00;6.066596933560418847e+00
2.555641901064139576e-01;2.482779824809826863e+01;2.582940008672036925e+01;3.189522384602523175e+01;3.189599702028079165e+01;7.067425597926963121e+00;6.066596933560422400e+00
2.570395782768864490e-01;2.476774208614245154e+01;2.577940008672037209e+01;3.184521489377279835e+01;3.184599702028079804e+01;7.077472807630346807e+00;6.066596933560425953e+00
2.585234839562191023e-01;2.470759696137091055e+01;2.572940008672037493e+01;3.179520583787408228e+01;3.179599702028079733e+01;7.087608876503171729e+00;6.066596933560422400e+00
2.600159563165271859e-01;2.464736226364923866e+01;2.567940008672037422e+01;3.174519667712928950e+01;3.174599702028079662e+01;7.097834413480050841e+00;6.066596933560422400e+00
2.615170448137997261e-01;2.458703738046718357e+01;2.562940008672037351e+01;3.169518741032474196e+01;3.169599702028079591e+01;7.108150029857558394e+00;6.066596933560422400e+00
2.630267991895381408e-01;2.452662169692473526e+01;2.557940008672037635e+01;3.164517803623271064e+01;3.164599702028079520e+01;7.118556339307975378e+00;6.066596933560418847e+00
2.645452694724048648e-01;2.446611459571734670e+01;2.552940008672037919e+01;3.159516855361126630e+01;3.159599702028079804e+01;7.129053957893919602e+00;6.066596933560418847e+00
2.660725059798811354e-01;2.440551545712015979e+01;2.547940008672036782e+01;3.154515896120408769e+01;3.154599702028079022e+01;7.139643504083927894e+00;6.066596933560422400e+00
2.676085593199333257e-01;2.434482365897135736e+01;2.542940008672037067e+01;3.149514925774035845e+01;3.149599702028078951e+01;7.150325598769001090e+00;6.066596933560418847e+00
2.691534803926916575e-01;2.428403857665442445e+01;2.537940008672037351e+01;3.144513944193451849e+01;3.144599702028079236e+01;7.161100865280094041e+00;6.066596933560418847e+00
2.707073203921357418e-01;2.422315958307951789e+01;2.532940008672037280e+01;3.139512951248614314e+01;3.139599702028079165e+01;7.171969929406625255e+00;6.066596933560418847e+00
2.722701308077912774e-01;2.416218604866380559e+01;2.527940008672037209e+01;3.134511946807975491e+01;3.134599702028079449e+01;7.182933419415949317e+00;6.066596933560422400e+00
2.738419634264361302e-01;2.410111734131076844e+01;2.522940008672037493e+01;3.129510930738466001e+01;3.129599702028079378e+01;7.193991966073891575e+00;6.066596933560418847e+00
2.754228703338166273e-01;2.403995282638847542e+01;2.517940008672037777e+01;3.124509902905476721e+01;3.124599702028079662e+01;7.205146202666291799e+00;6.066596933560418847e+00
2.770129039163732876e-01;2.397869186670678232e+01;2.512940008672037706e+01;3.119508863172841373e+01;3.119599702028079591e+01;7.216396765021631410e+00;6.066596933560418847e+00
2.786121168629769329e-01;2.391733382249352502e+01;2.507940008672037635e+01;3.114507811402816628e+01;3.114599702028080230e+01;7.227744291534641263e+00;6.066596933560425953e+00
2.802205621666747914e-01;2.385587805136956518e+01;2.502940008672037564e+01;3.109506747456065057e+01;3.109599702028079449e+01;7.239189423191085382e+00;6.066596933560418847e+00
2.818382931264454827e-01;2.379432390832283417e+01;2.497940008672037138e+01;3.104505671191640204e+01;3.104599702028079378e+01;7.250732803593567866e+00;6.066596933560422400e+00
2.834653633489668256e-01;2.373267074568114765e+01;2.492940008672037067e+01;3.099504582466961367e+01;3.099599702028079307e+01;7.262375078988466015e+00;6.066596933560422400e+00
2.851018267503909742e-01;2.367091791308402549e+01;2.487940008672037351e+01;3.094503481137799383e+01;3.094599702028079236e+01;7.274116898293968347e+00;6.066596933560418847e+00
2.867477375581315990e-01;2.360906475745334987e+01;2.482940008672037635e+01;3.089502367058256027e+01;3.089599702028079875e+01;7.285958913129210401e+00;6.066596933560422400e+00
2.884031503126605611e-01;2.354711062296287238e+01;2.477940008672037564e+01;3.084501240080744822e+01;3.084599702028079449e+01;7.297901777844575832e+00;6.066596933560418847e+00
2.900681198693152996e-01;2.348505485100660195e+01;2.472940008672037493e+01;3.079500100055972212e+01;3.079599702028080088e+01;7.309946149553120165e+00;6.066596933560425953e+00
2.917427014001165997e-01;2.342289678016604881e+01;2.467940008672037777e+01;3.074498946832915891e+01;3.074599702028079662e+01;7.322092688163110097e+00;6.066596933560418847e+00
2.934269503955970193e-01;2.336063574617628547e+01;2.462940008672036996e+01;3.069497780258806685e+01;3.069599702028078880e+01;7.334342056411781385e+00;6.066596933560418847e+00
2.951209226666386964e-01;2.329827108189093110e+01;2.457940008672036925e+01;3.064496600179110075e+01;3.064599702028079165e+01;7.346694919900169651e+00;6.066596933560422400e+00
2.968246743463243131e-01;2.323580211724585709e+01;2.452940008672037209e+01;3.059495406437500264e+01;3.059599702028079093e+01;7.359151947129145555e+00;6.066596933560418847e+00
2.985382618917959974e-01;2.317322817922179468e+01;2.447940008672037493e+01;3.054494198875845257e+01;3.054599702028079378e+01;7.371713809536657891e+00;6.066596933560418847e+00
3.002617420861267705e-01;2.311054859180579868e+01;2.442940008672037422e+01;3.049492977334180921e+01;3.049599702028079307e+01;7.384381181536010530e+00;6.066596933560418847e+00
3.019951720402015982e-01;2.304776267595148198e+01;2.437940008672037351e+01;3.044491741650695005e+01;3.044599702028079591e+01;7.397154740555468067e+00;6.066596933560422400e+00
3.037386091946104316e-01;2.298486974953811313e+01;2.432940008672037635e+01;3.039490491661702265e+01;3.039599702028079520e+01;7.410035167078909524e+00;6.066596933560418847e+00
3.054921113215512407e-01;2.292186912732855930e+01;2.427940008672037919e+01;3.034489227201621731e+01;3.034599702028079804e+01;7.423023144687658004e+00;6.066596933560418847e+00
3.072557365267448715e-01;2.285876012092600718e+01;2.422940008672036782e+01;3.029487948102958228e+01;3.029599702028079022e+01;7.436119360103575104e+00;6.066596933560422400e+00
3.090295432513592289e-01;2.279554203872963569e+01;2.417940008672037067e+01;3.024486654196281421e+01;3.024599702028078951e+01;7.449324503233178518e+00;6.066596933560418847e+00
3.108135902739476708e-01;2.273221418588896725e+01;2.412940008672037351e+01;3.019485345310197388e+01;3.019599702028079236e+01;7.462639267213006633e+00;6.066596933560418847e+00
3.126079367123955621e-01;2.266877586425722768e+01;2.407940008672037280e+01;3.014484021271328729e+01;3.014599702028079165e+01;7.476064348456059605e+00;6.066596933560418847e+00
3.144126420258795962e-01;2.260522637234345567e+01;2.402940008672037209e+01;3.009482681904295021e+01;3.009599702028079449e+01;7.489600446699494540e+00;6.066596933560422400e+00
3.162277660168379412e-01;2.254156500526354989e+01;2.397940008672037493e+01;3.004481327031685112e+01;3.004599702028079378e+01;7.503248265053301225e+00;6.066596933560418847e+00
3.180533688329520436e-01;2.247779105469012251e+01;2.392940008672037777e+01;2.999479956474036157e+01;2.999599702028079662e+01;7.517008510050239067e+00;6.066596933560418847e+00
3.198895109691397010e-01;2.241390380880130095e+01;2.387940008672037706e+01;2.994478570049808042e+01;2.994599702028079591e+01;7.530881891696779462e+00;6.066596933560418847e+00
3.217362532695597910e-01;2.234990255222839650e+01;2.382940008672037635e+01;2.989477167575362415e+01;2.989599702028079875e+01;7.544869123525227650e+00;6.066596933560422400e+00
3.235936569296284371e-01;2.228578656600247143e+01;2.377940008672037209e+01;2.984475748864934275e+01;2.984599702028079093e+01;7.558970922646871315e+00;6.066596933560418847e+00
3.254617834980459978e-01;2.222155512749993278e+01;2.372940008672037138e+01;2.979474313730612423e+01;2.979599702028079022e+01;7.573188009806191445e+00;6.066596933560418847e+00
3.273406948788382675e-01;2.215720751038688618e+01;2.367940008672037067e+01;2.974472861982309269e+01;2.974599702028079662e+01;7.587521109436206501e+00;6.066596933560425953e+00
3.292304533334065586e-01;2.209274298456264773e+01;2.362940008672037351e+01;2.969471393427738448e+01;2.969599702028079236e+01;7.601970949714736747e+00;6.066596933560418847e+00
3.311311214825911065e-01;2.202816081610212962e+01;2.357940008672037635e+01;2.964469907872391730e+01;2.964599702028079520e+01;7.616538262621787680e+00;6.066596933560418847e+00
3.330427623087462985e-01;2.196346026719727007e+01;2.352940008672037564e+01;2.959468405119507395e+01;2.959599702028079449e+01;7.631223783997803878e+00;6.066596933560418847e+00
3.349654391578276158e-01;2.189864059609747216e+01;2.347940008672037493e+01;2.954466884970050700e+01;2.954599702028079733e+01;7.646028253603034841e+00;6.066596933560422400e+00
3.368992157414906208e-01;2.183370105704912589e+01;2.342940008672037777e+01;2.949465347222682965e+01;2.949599702028079662e+01;7.660952415177703756e+00;6.066596933560418847e+00
3.388441561392027679e-01;2.176864090023413922e+01;2.337940008672036996e+01;2.944463791673736353e+01;2.944599702028078880e+01;7.675997016503224302e+00;6.066596933560418847e+00
3.408003248003651509e-01;2.170345937170773709e+01;2.332940008672036925e+01;2.939462218117188286e+01;2.939599702028079165e+01;7.691162809464145766e+00;6.066596933560422400e+00
3.427677865464504592e-01;2.163815571333515209e+01;2.327940008672037209e+01;2.934460626344632317e+01;2.934599702028079093e+01;7.706450550111171083e+00;6.066596933560418847e+00
3.447466065731494278e-01;2.157272916272770757e+01;2.322940008672037848e+01;2.929459016145251837e+01;2.929599702028079378e+01;7.721860998724810798e+00;6.066596933560415295e+00
3.467368504525316641e-01;2.150717895317797357e+01;2.317940008672037422e+01;2.924457387305790945e+01;2.924599702028079307e+01;7.737394919879935884e+00;6.066596933560418847e+00
3.487385841352183546e-01;2.144150431359419429e+01;2.312940008672037351e+01;2.919455739610527445e+01;2.919599702028079946e+01;7.753053082511080163e+00;6.066596933560425953e+00
3.507518739525679607e-01;2.137570446843396610e+01;2.307940008672037635e+01;2.914454072841245136e+01;2.914599702028079520e+01;7.768836259978485259e+00;6.066596933560418847e+00
3.527767866188738499e-01;2.130977863763724400e+01;2.302940008672037919e+01;2.909452386777202193e+01;2.909599702028079804e+01;7.784745230134777927e+00;6.066596933560418847e+00
3.548133892335756934e-01;2.124372603655864111e+01;2.297940008672036782e+01;2.904450681195102746e+01;2.904599702028079022e+01;7.800780775392386346e+00;6.066596933560422400e+00
3.568617492834813554e-01;2.117754587589920945e+01;2.292940008672037067e+01;2.899448955869073075e+01;2.899599702028078951e+01;7.816943682791521297e+00;6.066596933560418847e+00
3.589219346450053250e-01;2.111123736163747466e+01;2.287940008672037706e+01;2.894447210570622175e+01;2.894599702028079236e+01;7.833234744068747091e+00;6.066596933560415295e+00
3.609940135864166955e-01;2.104479969496012259e+01;2.282940008672037280e+01;2.889445445068617246e+01;2.889599702028079165e+01;7.849654755726049871e+00;6.066596933560418847e+00
3.630780547701014105e-01;2.097823207219203923e+01;2.277940008672037209e+01;2.884443659129254200e+01;2.884599702028079449e+01;7.866204519100502779e+00;6.066596933560422400e+00
3.651741272548377215e-01;2.091153368472603447e+01;2.272940008672037493e+01;2.879441852516023559e+01;2.879599702028079378e+01;7.882884840434201124e+00;6.066596933560418847e+00
3.672823004980846351e-01;2.084470371895203655e+01;2.267940008672037777e+01;2.874440024989679898e+01;2.874599702028079662e+01;7.899696530944762429e+00;6.066596933560418847e+00
3.694026443582833497e-01;2.077774135618604134e+01;2.262940008672037706e+01;2.869438176308212718e+01;2.869599702028079591e+01;7.916640406896085835e+00;6.066596933560418847e+00
3.715352290971724036e-01;2.071064577259873118e+01;2.257940008672037635e+01;2.864436306226810913e+01;2.864599702028079875e+01;7.933717289669377948e+00;6.066596933560422400e+00
3.736801253821159796e-01;2.064341613914378115e+01;2.252940008672037209e+01;2.859434414497832933e+01;2.859599702028079093e+01;7.950928005834548173e+00;6.066596933560418847e+00
3.758374042884443100e-01;2.057605162148611200e+01;2.247940008672037138e+01;2.854432500870774447e+01;2.854599702028079022e+01;7.968273387221632476e+00;6.066596933560418847e+00
3.780071373018112357e-01;2.050855137992979493e+01;2.242940008672037067e+01;2.849430565092232470e+01;2.849599702028079307e+01;7.985754270992529769e+00;6.066596933560422400e+00
3.801893963205612570e-01;2.044091456934606299e+01;2.237940008672037351e+01;2.844428606905874091e+01;2.844599702028079236e+01;8.003371499712677917e+00;6.066596933560418847e+00
3.823842536581126272e-01;2.037314033910118383e+01;2.232940008672037635e+01;2.839426626052403435e+01;2.839599702028079520e+01;8.021125921422850524e+00;6.066596933560418847e+00
3.845917820453535474e-01;2.030522783298437872e+01;2.227940008672037564e+01;2.834424622269523297e+01;2.834599702028079449e+01;8.039018389710854251e+00;6.066596933560418847e+00
3.868120546330520715e-01;2.023717618913584815e+01;2.222940008672037493e+01;2.829422595291906006e+01;2.829599702028080088e+01;8.057049763783211915e+00;6.066596933560425953e+00
3.890451449942805007e-01;2.016898453997489682e+01;2.217940008672037777e+01;2.824420544851155057e+01;2.824599702028079662e+01;8.075220908536653752e+00;6.066596933560418847e+00
3.912911271268532110e-01;2.010065201212832164e+01;2.212940008672036996e+01;2.819418470675769584e+01;2.819599702028078880e+01;8.093532694629374191e+00;6.066596933560418847e+00
3.935500754557776371e-01;2.003217772635906968e+01;2.207940008672036925e+01;2.814416372491110252e+01;2.814599702028079165e+01;8.111985998552032839e+00;6.066596933560422400e+00
3.958220648357226312e-01;1.996356079749511281e+01;2.202940008672037209e+01;2.809414250019362314e+01;2.809599702028079093e+01;8.130581702698510327e+00;6.066596933560418847e+00
3.981071705534973137e-01;1.989480033435889439e+01;2.197940008672037493e+01;2.804412102979497945e+01;2.804599702028079733e+01;8.149320695436085060e+00;6.066596933560422400e+00
4.000000000000000222e-01;1.983803345310580113e+01;2.193820026016112834e+01;2.800290332506645541e+01;2.800479719372155074e+01;8.164869871960654280e+00;6.066596933560422400e+00
4.004054683305463547e-01;1.982589543969709567e+01;2.192059991327962010e+01;2.799409931087239656e+01;2.799599702028079662e+01;8.168203871175300890e+00;6.075397107001176522e+00
4.027170343254590779e-01;1.975684521011104167e+01;2.182059991327962223e+01;2.794407734055022985e+01;2.794599702028079591e+01;8.187232130439188182e+00;6.125397107001173680e+00
4.050419451364931089e-01;1.968764873598758314e+01;2.172059991327962436e+01;2.789405511591959907e+01;2.789599702028079520e+01;8.206406379932015938e+00;6.175397107001170838e+00
4.073802778041126227e-01;1.961830510143077788e+01;2.162059991327963004e+01;2.784403263403797979e+01;2.784599702028079804e+01;8.225727532607201908e+00;6.225397107001167996e+00
4.097321098135417450e-01;1.954881338419418668e+01;2.152059991327961086e+01;2.779400989192883031e+01;2.779599702028079022e+01;8.245196507734643632e+00;6.275397107001179364e+00
4.120975190973303892e-01;1.947917265561407874e+01;2.142059991327961299e+01;2.774398688658119738e+01;2.774599702028078951e+01;8.264814230967118647e+00;6.325397107001176522e+00
4.144765840379392996e-01;1.940938198054338315e+01;2.132059991327961868e+01;2.769396361494931114e+01;2.769599702028079236e+01;8.284581634405927986e+00;6.375397107001173680e+00
4.168693834703355305e-01;1.933944041728673824e+01;2.122059991327961725e+01;2.764394007395220143e+01;2.764599702028079165e+01;8.304499656665463192e+00;6.425397107001174390e+00
4.192759966846054676e-01;1.926934701753642898e+01;2.112059991327961939e+01;2.759391626047326795e+01;2.759599702028079449e+01;8.324569242936838975e+00;6.475397107001175101e+00
4.216965034285822256e-01;1.919910082630948622e+01;2.102059991327962152e+01;2.754389217135987167e+01;2.754599702028079378e+01;8.344791345050385445e+00;6.525397107001172259e+00
4.241309839104881463e-01;1.912870088188592632e+01;2.092059991327962720e+01;2.749386780342294756e+01;2.749599702028079662e+01;8.365166921537021238e+00;6.575397107001169417e+00
4.265795188015925610e-01;1.905814621574823775e+01;2.082059991327962933e+01;2.744384315343655345e+01;2.744599702028079591e+01;8.385696937688315700e+00;6.625397107001166574e+00
4.290421892388852632e-01;1.898743585252215382e+01;2.072059991327962791e+01;2.739381821813745788e+01;2.739599702028079875e+01;8.406382365615304053e+00;6.675397107001170838e+00
4.315190768277654687e-01;1.891656880991880385e+01;2.062059991327961583e+01;2.734379299422469245e+01;2.734599702028079093e+01;8.427224184305888599e+00;6.725397107001175101e+00
4.340102636447439877e-01;1.884554409867842395e+01;2.052059991327961797e+01;2.729376747835916461e+01;2.729599702028079022e+01;8.448223379680740663e+00;6.775397107001172259e+00
4.365158322401661017e-01;1.877436072251540367e+01;2.042059991327961654e+01;2.724374166716315671e+01;2.724599702028079307e+01;8.469380944647753040e+00;6.825397107001176522e+00
4.390358656409447113e-01;1.870301767806512672e+01;2.032059991327962223e+01;2.719371555721990319e+01;2.719599702028079236e+01;8.490697879154776473e+00;6.875397107001170127e+00
4.415704473533125229e-01;1.863151395483238915e+01;2.022059991327962436e+01;2.714368914507316433e+01;2.714599702028079520e+01;8.512175190240775180e+00;6.925397107001170838e+00
4.441196613655888914e-01;1.855984853514160449e+01;2.012059991327962649e+01;2.709366242722673945e+01;2.709599702028079449e+01;8.533813892085134967e+00;6.975397107001167996e+00
4.466835921509630380e-01;1.848802039408883857e+01;2.002059991327962507e+01;2.704363540014401579e+01;2.704599702028079733e+01;8.555615006055177219e+00;7.025397107001172259e+00
4.492623246702932560e-01;1.841602849949573084e+01;1.992059991327962720e+01;2.699360806024751014e+01;2.699599702028079662e+01;8.577579560751779297e+00;7.075397107001169417e+00
4.518559443749226023e-01;1.834387181186541937e+01;1.982059991327961512e+01;2.694358040391837505e+01;2.694599702028079236e+01;8.599708592052955680e+00;7.125397107001177233e+00
4.544645372095089120e-01;1.827154928434050163e+01;1.972059991327961370e+01;2.689355242749597252e+01;2.689599702028079520e+01;8.622003143155470894e+00;7.175397107001181496e+00
4.570881896148751844e-01;1.819905986266309483e+01;1.962059991327961583e+01;2.684352412727731618e+01;2.684599702028079093e+01;8.644464264614221349e+00;7.225397107001175101e+00
4.597269885308722936e-01;1.812640248513715591e+01;1.952059991327962152e+01;2.679349549951664855e+01;2.679599702028079378e+01;8.667093014379492644e+00;7.275397107001172259e+00
4.623810213992603502e-01;1.805357608259300406e+01;1.942059991327962010e+01;2.674346654042491878e+01;2.674599702028079307e+01;8.689890457831914716e+00;7.325397107001172969e+00
4.650503761666062719e-01;1.798057957835423082e+01;1.932059991327962223e+01;2.669343724616927815e+01;2.669599702028079591e+01;8.712857667815047336e+00;7.375397107001173680e+00
4.677351412871981196e-01;1.790741188820700103e+01;1.922059991327962791e+01;2.664340761287258275e+01;2.664599702028079520e+01;8.735995724665581719e+00;7.425397107001167285e+00
4.704354057259759747e-01;1.783407192037184430e+01;1.912059991327963004e+01;2.659337763661290666e+01;2.659599702028079804e+01;8.759305716241062356e+00;7.475397107001167996e+00
4.731512589614807474e-01;1.776055857547798666e+01;1.902059991327961086e+01;2.654334731342295939e+01;2.654599702028079022e+01;8.782788737944972723e+00;7.525397107001179364e+00
4.758827909888170837e-01;1.768687074654037161e+01;1.892059991327961299e+01;2.649331663928966663e+01;2.649599702028079662e+01;8.806445892749295012e+00;7.575397107001183628e+00
4.786300923226385340e-01;1.761300731893921068e+01;1.882059991327961868e+01;2.644328561015352363e+01;2.644599702028079236e+01;8.830278291214312958e+00;7.625397107001173680e+00
4.813932540001448213e-01;1.753896717040249342e+01;1.872059991327961725e+01;2.639325422190815118e+01;2.639599702028079165e+01;8.854287051505657757e+00;7.675397107001174390e+00
4.841723675840994279e-01;1.746474917099116908e+01;1.862059991327961939e+01;2.634322247039970932e+01;2.634599702028079449e+01;8.878473299408540242e+00;7.725397107001175101e+00
4.869675251658631132e-01;1.739035218308728048e+01;1.852059991327962507e+01;2.629319035142636451e+01;2.629599702028080088e+01;8.902838168339084035e+00;7.775397107001175812e+00
4.897788193684461389e-01;1.731577506138505385e+01;1.842059991327962720e+01;2.624315786073773893e+01;2.624599702028079662e+01;8.927382799352685083e+00;7.825397107001169417e+00
4.926063433495770916e-01;1.724101665288496221e+01;1.832059991327962578e+01;2.619312499403434202e+01;2.619599702028079591e+01;8.952108341149379811e+00;7.875397107001170127e+00
4.954501908047900249e-01;1.716607579689091168e+01;1.822059991327962791e+01;2.614309174696699856e+01;2.614599702028079875e+01;8.977015950076086881e+00;7.925397107001170838e+00
4.983104559705297532e-01;1.709095132501050784e+01;1.812059991327961583e+01;2.609305811513629436e+01;2.609599702028079449e+01;9.002106790125786517e+00;7.975397107001178654e+00
5.000000000000000000e-01;1.704669180642846271e+01;1.806179973983887166e+01;2.606363807141494604e+01;2.606659693356041885e+01;9.016946264986483328e+00;8.004797193721547188e+00
5.011872336272724660e-01;1.701564206115862987e+01;1.804119982655924659e+01;2.604302409409201857e+01;2.604599702028079022e+01;9.027382032933388700e+00;8.004797193721543636e+00
5.040806191026695471e-01;1.694014682156406337e+01;1.799119982655924588e+01;2.599298967933249216e+01;2.599599702028079307e+01;9.052842857768428786e+00;8.004797193721547188e+00
5.069907082747044935e-01;1.686446441477962210e+01;1.794119982655924517e+01;2.594295486630407410e+01;2.594599702028079236e+01;9.078490451524451998e+00;8.004797193721547188e+00
5.099175975748700962e-01;1.678859364169554524e+01;1.789119982655924801e+01;2.589291965040050059e+01;2.589599702028079875e+01;9.104326008704955342e+00;8.004797193721550741e+00
5.128613839913648276e-01;1.671253329555631595e+01;1.784119982655924730e+01;2.584288402696228815e+01;2.584599702028079449e+01;9.130350731405972198e+00;8.004797193721547188e+00
5.158221650723056051e-01;1.663628216198095799e+01;1.779119982655924659e+01;2.579284799127615457e+01;2.579599702028079733e+01;9.156565829295196579e+00;8.004797193721550741e+00
5.188000389289609826e-01;1.655983901898680699e+01;1.774119982655924943e+01;2.574281153857435811e+01;2.574599702028079662e+01;9.182972519587551119e+00;8.004797193721547188e+00
5.217951042390025496e-01;1.648320263701689115e+01;1.769119982655924517e+01;2.569277466403408283e+01;2.569599702028078880e+01;9.209572027017191687e+00;8.004797193721543636e+00
5.248074602497728725e-01;1.640637177897091092e+01;1.764119982655923735e+01;2.564273736277682048e+01;2.564599702028079165e+01;9.236365583805909552e+00;8.004797193721554294e+00
5.278372067815769730e-01;1.632934520023978564e+01;1.759119982655924375e+01;2.559269962986770963e+01;2.559599702028079093e+01;9.263354429627923992e+00;8.004797193721547188e+00
5.308844442309884615e-01;1.625212164874399079e+01;1.754119982655924659e+01;2.554266146031488205e+01;2.554599702028079378e+01;9.290539811570891260e+00;8.004797193721547188e+00
5.339492735741766527e-01;1.617469986497557954e+01;1.749119982655925298e+01;2.549262284906883025e+01;2.549599702028079307e+01;9.317922984093250705e+00;8.004797193721540083e+00
5.370317963702526676e-01;1.609707858204394881e+01;1.744119982655924872e+01;2.544258379102171475e+01;2.544599702028079946e+01;9.345505208977765932e+00;8.004797193721550741e+00
5.401321147646347409e-01;1.601925652572544578e+01;1.739119982655925156e+01;2.539254428100672456e+01;2.539599702028079520e+01;9.373287755281278777e+00;8.004797193721543636e+00
5.432503314924330695e-01;1.594123241451676165e+01;1.734119982655925085e+01;2.534250431379736312e+01;2.534599702028079804e+01;9.401271899280601474e+00;8.004797193721547188e+00
5.463865498818545330e-01;1.586300495969222268e+01;1.729119982655924304e+01;2.529246388410678748e+01;2.529599702028079378e+01;9.429458924414564791e+00;8.004797193721550741e+00
5.495408738576248453e-01;1.578457286536498572e+01;1.724119982655924233e+01;2.524242298658710837e+01;2.524599702028078951e+01;9.457850121222122652e+00;8.004797193721547188e+00
5.527134079444351311e-01;1.570593482855206879e+01;1.719119982655924161e+01;2.519238161582866198e+01;2.519599702028079236e+01;9.486446787276593184e+00;8.004797193721550741e+00
5.559042572704037122e-01;1.562708953924341948e+01;1.714119982655925156e+01;2.514233976635935974e+01;2.514599702028079165e+01;9.515250227115940262e+00;8.004797193721540083e+00
5.591135275705602092e-01;1.554803568047488938e+01;1.709119982655924375e+01;2.509229743264387835e+01;2.509599702028079449e+01;9.544261752168988977e+00;8.004797193721550741e+00
5.623413251903490728e-01;1.546877192840522319e+01;1.704119982655925014e+01;2.504225460908301670e+01;2.504599702028079378e+01;9.573482680677793510e+00;8.004797193721543636e+00
5.655877570891538753e-01;1.538929695239700379e+01;1.699119982655924943e+01;2.499221129001291430e+01;2.499599702028079662e+01;9.602914337615910512e+00;8.004797193721547188e+00
5.688529308438413645e-01;1.530960941510165085e+01;1.694119982655924872e+01;2.494216746970432297e+01;2.494599702028079591e+01;9.632558054602672115e+00;8.004797193721547188e+00
5.721369546523261684e-01;1.522970797254843234e+01;1.689119982655925156e+01;2.489212314236185364e+01;2.489599702028079875e+01;9.662415169813421301e+00;8.004797193721547188e+00
5.754399373371572590e-01;1.514959127423747098e+01;1.684119982655924019e+01;2.484207830212319124e+01;2.484599702028079093e+01;9.692487027885720252e+00;8.004797193721550741e+00
5.787619883491208483e-01;1.506925796323689681e+01;1.679119982655924304e+01;2.479203294305838057e+01;2.479599702028079022e+01;9.722774979821483754e+00;8.004797193721547188e+00
5.821032177708715949e-01;1.498870667628389164e+01;1.674119982655924588e+01;2.474198705916898433e+01;2.474599702028079307e+01;9.753280382885092692e+00;8.004797193721547188e+00
5.854637363205773548e-01;1.490793604388991334e+01;1.669119982655924517e+01;2.469194064438732283e+01;2.469599702028079236e+01;9.784004600497409498e+00;8.004797193721547188e+00
5.888436553555890240e-01;1.482694469044990804e+01;1.664119982655924446e+01;2.464189369257569950e+01;2.464599702028079520e+01;9.814949002125791466e+00;8.004797193721550741e+00
5.922430868761305867e-01;1.474573123435555999e+01;1.659119982655925085e+01;2.459184619752554823e+01;2.459599702028079449e+01;9.846114963169988243e+00;8.004797193721543636e+00
5.956621435290103683e-01;1.466429428811261637e+01;1.654119982655925014e+01;2.454179815295665179e+01;2.454599702028079733e+01;9.877503864844035419e+00;8.004797193721547188e+00
5.991009386113537172e-01;1.458263245846220535e+01;1.649119982655924943e+01;2.449174955251631047e+01;2.449599702028079662e+01;9.909117094054105124e+00;8.004797193721547188e+00
6.025595860743581111e-01;1.450074434650617583e+01;1.644119982655924161e+01;2.444170038977850012e+01;2.444599702028078880e+01;9.940956043272324294e+00;8.004797193721547188e+00
6.060382005270665839e-01;1.441862854783650860e+01;1.639119982655924446e+01;2.439165065824305856e+01;2.439599702028079520e+01;9.973022110406549956e+00;8.004797193721550741e+00
6.095368972401693508e-01;1.433628365266858928e+01;1.634119982655924730e+01;2.434160035133477251e+01;2.434599702028079093e+01;1.000531669866618323e+01;8.004797193721543636e+00
6.130557921498208662e-01;1.425370824597855801e+01;1.629119982655924304e+01;2.429154946240257829e+01;2.429599702028079378e+01;1.003784121642402027e+01;8.004797193721550741e+00
6.165950018614821948e-01;1.417090090764459021e+01;1.624119982655924588e+01;2.424149798471865580e+01;2.424599702028079662e+01;1.007059707707406560e+01;8.004797193721550741e+00
6.201546436537853646e-01;1.408786021259207644e+01;1.619119982655924872e+01;2.419144591147754042e+01;2.419599702028079591e+01;1.010358569888546398e+01;8.004797193721547188e+00
6.237348354824191476e-01;1.400458473094271561e+01;1.614119982655925156e+01;2.414139323579525964e+01;2.414599702028080230e+01;1.013680850485254403e+01;8.004797193721550741e+00
6.273356959840379332e-01;1.392107302816749481e+01;1.609119982655925085e+01;2.409133995070839518e+01;2.409599702028079804e+01;1.017026692254090037e+01;8.004797193721547188e+00
6.309573444801935826e-01;1.383732366524346169e+01;1.604119982655924304e+01;2.404128604917321255e+01;2.404599702028079022e+01;1.020396238392975086e+01;8.004797193721547188e+00
6.345999009812871572e-01;1.375333519881440481e+01;1.599119982655924765e+01;2.399123152406469117e+01;2.399599702028078951e+01;1.023789632525028637e+01;8.004797193721541859e+00
6.382634861905489565e-01;1.366910618135517552e+01;1.594119982655924517e+01;2.394117636817562200e+01;2.394599702028079236e+01;1.027207018682044648e+01;8.004797193721547188e+00
6.419482215080359877e-01;1.358463516133982196e+01;1.589119982655924446e+01;2.389112057421565183e+01;2.389599702028079165e+01;1.030648541287582987e+01;8.004797193721547188e+00
6.456542290346556356e-01;1.349992068341341955e+01;1.584119982655924375e+01;2.384106413481031694e+01;2.384599702028079449e+01;1.034114345139689739e+01;8.004797193721550741e+00
6.493816315762113156e-01;1.341496128856751113e+01;1.579119982655924836e+01;2.379100704250010878e+01;2.379599702028079378e+01;1.037604575393259765e+01;8.004797193721545412e+00
6.531305526474723289e-01;1.332975551431915662e+01;1.574119982655924943e+01;2.374094928973946139e+01;2.374599702028079662e+01;1.041119377542030477e+01;8.004797193721547188e+00
6.569011164762661448e-01;1.324430189489357268e+01;1.569119982655925227e+01;2.369089086889578510e+01;2.369599702028079591e+01;1.044658897400221242e+01;8.004797193721543636e+00
6.606934480075957739e-01;1.315859896141023100e+01;1.564119982655924801e+01;2.364083177224844690e+01;2.364599702028079875e+01;1.048223281083821590e+01;8.004797193721550741e+00
6.645076729077799005e-01;1.307264524207240264e+01;1.559119982655924375e+01;2.359077199198777919e+01;2.359599702028079093e+01;1.051812674991537655e+01;8.004797193721547188e+00
6.683439175686148870e-01;1.298643926236021251e+01;1.554119982655924304e+01;2.354071152021406732e+01;2.354599702028079022e+01;1.055427225785385481e+01;8.004797193721547188e+00
6.722023091115669757e-01;1.289997954522680601e+01;1.549119982655924233e+01;2.349065034893647663e+01;2.349599702028079307e+01;1.059067080370967062e+01;8.004797193721550741e+00
6.760829753919819218e-01;1.281326461129802574e+01;1.544119982655924872e+01;2.344058847007202218e+01;2.344599702028079236e+01;1.062732385877399643e+01;8.004797193721543636e+00
6.799860450033223813e-01;1.272629297907517198e+01;1.539119982655924801e+01;2.339052587544453843e+01;2.339599702028079520e+01;1.066423289636936644e+01;8.004797193721547188e+00
6.839116472814292802e-01;1.263906316514096240e+01;1.534119982655924730e+01;2.334046255678355308e+01;2.334599702028079449e+01;1.070139939164259069e+01;8.004797193721547188e+00
6.878599123088074974e-01;1.255157368436854881e+01;1.529119982655924481e+01;2.329039850572327097e+01;2.329599702028079733e+01;1.073882482135472216e+01;8.004797193721552517e+00
6.918309709189363055e-01;1.246382305013360892e+01;1.524119982655924943e+01;2.324033371380144075e+01;2.324599702028079662e+01;1.077651066366783184e+01;8.004797193721547188e+00
6.958249547006056801e-01;1.237580977452929076e+01;1.519119982655924161e+01;2.319026817245821093e+01;2.319599702028078880e+01;1.081445839792892016e+01;8.004797193721547188e+00
6.998419960022738140e-01;1.228753236858420195e+01;1.514119982655924090e+01;2.314020187303513154e+01;2.314599702028079165e+01;1.085266950445092959e+01;8.004797193721550741e+00
7.038822279364570500e-01;1.219898934248296918e+01;1.509119982655924552e+01;2.309013480677387875e+01;2.309599702028079804e+01;1.089114546429090957e+01;8.004797193721552517e+00
7.079457843841380216e-01;1.211017920578971463e+01;1.504119982655924659e+01;2.304006696481519256e+01;2.304599702028079378e+01;1.092988775902547793e+01;8.004797193721547188e+00
7.120327999992025481e-01;1.202110046767415064e+01;1.499119982655924765e+01;2.298999833819770089e+01;2.299599702028079307e+01;1.096889787052355025e+01;8.004797193721545412e+00
7.161434102129019541e-01;1.193175163714015774e+01;1.494119982655924872e+01;2.293992891785674360e+01;2.294599702028079591e+01;1.100817728071658586e+01;8.004797193721547188e+00
7.202777512383407021e-01;1.184213122325695089e+01;1.489119982655924801e+01;2.288985869462320721e+01;2.289599702028079520e+01;1.104772747136625632e+01;8.004797193721547188e+00
7.244359600749898931e-01;1.175223773539261529e+01;1.484119982655924908e+01;2.283978765922228860e+01;2.284599702028079804e+01;1.108754992382967330e+01;8.004797193721548965e+00
7.286181745132281895e-01;1.166206968344992667e+01;1.479119982655923771e+01;2.278971580227231186e+01;2.279599702028079022e+01;1.112764611882238519e+01;8.004797193721552517e+00
7.328245331389044992e-01;1.157162557810454473e+01;1.474119982655924233e+01;2.273964311428350626e+01;2.274599702028078951e+01;1.116801753617896154e+01;8.004797193721547188e+00
7.370551753379346316e-01;1.148090393104516593e+01;1.469119982655924517e+01;2.268956958565674853e+01;2.269599702028079236e+01;1.120866565461158260e+01;8.004797193721547188e+00
7.413102413009177161e-01;1.138990325521589142e+01;1.464119982655924801e+01;2.263949520668231230e+01;2.264599702028079165e+01;1.124959195146642088e+01;8.004797193721543636e+00
7.455898720277815972e-01;1.129862206506050626e+01;1.459119982655924375e+01;2.258941996753862114e+01;2.259599702028079449e+01;1.129079790247811488e+01;8.004797193721550741e+00
7.498942093324558744e-01;1.120705887676866475e+01;1.454119982655924836e+01;2.253934385829093401e+01;2.254599702028079378e+01;1.133228498152226926e+01;8.004797193721545412e+00
7.542233958475706990e-01;1.111521220852388225e+01;1.449119982655924943e+01;2.248926686889006632e+01;2.249599702028079662e+01;1.137405466036618407e+01;8.004797193721547188e+00
7.585775750291835484e-01;1.102308058075312047e+01;1.444119982655925050e+01;2.243918898917108962e+01;2.244599702028079591e+01;1.141610840841796914e+01;8.004797193721545412e+00
7.629568911615327576e-01;1.093066251637814013e+01;1.439119982655925156e+01;2.238911020885198155e+01;2.239599702028080230e+01;1.145844769247384143e+01;8.004797193721550741e+00
7.673614893618193600e-01;1.083795654106821615e+01;1.434119982655924375e+01;2.233903051753229008e+01;2.234599702028079093e+01;1.150107397646407392e+01;8.004797193721547188e+00
7.717915155850126885e-01;1.074496118349442142e+01;1.429119982655924481e+01;2.228894990469182247e+01;2.229599702028079022e+01;1.154398872119740105e+01;8.004797193721545412e+00
7.762471166286919466e-01;1.065167497558498866e+01;1.424119982655924233e+01;2.223886835968917808e+01;2.224599702028079307e+01;1.158719338410418942e+01;8.004797193721550741e+00
7.807284401379069871e-01;1.055809645278213793e+01;1.419119982655924694e+01;2.218878587176045158e+01;2.219599702028079236e+01;1.163068941897831365e+01;8.004797193721545412e+00
7.852356346100718421e-01;1.046422415429988995e+01;1.414119982655924801e+01;2.213870243001779059e+01;2.214599702028079520e+01;1.167447827571790064e+01;8.004797193721547188e+00
7.897688493998855641e-01;1.037005662338289724e+01;1.409119982655925263e+01;2.208861802344797098e+01;2.209599702028079449e+01;1.171856140006507374e+01;8.004797193721541859e+00
7.943282347242813790e-01;1.027559240756624526e+01;1.404119982655924836e+01;2.203853264091097941e+01;2.204599702028079733e+01;1.176294023334473415e+01;8.004797193721548965e+00
7.989139416674040373e-01;1.018083005893604209e+01;1.399119982655924943e+01;2.198844627113854955e+01;2.199599702028079662e+01;1.180761621220250746e+01;8.004797193721547188e+00
8.035261221856176972e-01;1.008576813439069575e+01;1.394119982655924517e+01;2.193835890273269840e+01;2.194599702028078880e+01;1.185259076834200265e+01;8.004797193721543636e+00
8.081649291125375667e-01;9.990405195902919644e+00;1.389119982655924446e+01;2.188827052416425545e+01;2.189599702028079165e+01;1.189786532826133580e+01;8.004797193721547188e+00
8.128305161640995147e-01;9.894739810782059664e+00;1.384119982655924552e+01;2.183818112377134923e+01;2.184599702028079093e+01;1.194344131298928957e+01;8.004797193721545412e+00
8.175230379436502215e-01;9.798770551937009188e+00;1.379119982655924481e+01;2.178809068975785834e+01;2.179599702028079378e+01;1.198932013782084915e+01;8.004797193721548965e+00
8.222426499470711914e-01;9.702495998139355038e+00;1.374119982655924765e+01;2.173799921019195125e+01;2.174599702028079662e+01;1.203550321205259621e+01;8.004797193721548965e+00
8.269895085679317415e-01;9.605914734286729484e+00;1.369119982655924872e+01;2.168790667300445563e+01;2.169599702028079946e+01;1.208199193871772614e+01;8.004797193721550741e+00
8.317637711026708569e-01;9.509025351666267056e+00;1.364119982655924979e+01;2.163781306598733067e+01;2.164599702028080230e+01;1.212878771432106362e+01;8.004797193721552517e+00
8.365655957558099098e-01;9.411826448218109320e+00;1.359119982655925085e+01;2.158771837679208971e+01;2.159599702028079804e+01;1.217589192857398039e+01;8.004797193721547188e+00
8.413951416451955767e-01;9.314316628798705366e+00;1.354119982655924304e+01;2.153762259292813752e+01;2.154599702028079378e+01;1.222330596412943216e+01;8.004797193721550741e+00
8.462525688072697339e-01;9.216494505444043028e+00;1.349119982655924410e+01;2.148752570176123555e+01;2.149599702028078951e+01;1.227103119631719252e+01;8.004797193721545412e+00
8.511380382023767677e-01;9.118358697632432452e+00;1.344119982655924517e+01;2.143742769051176467e+01;2.144599702028079236e+01;1.231906899287933221e+01;8.004797193721547188e+00
8.560517117200948656e-01;9.019907832546975257e+00;1.339119982655924623e+01;2.138732854625313706e+01;2.139599702028079165e+01;1.236742071370616181e+01;8.004797193721545412e+00
8.609937521846007247e-01;8.921140545337511440e+00;1.334119982655924730e+01;2.133722825591006966e+01;2.134599702028079804e+01;1.241608771057255822e+01;8.004797193721550741e+00
8.659643233600653467e-01;8.822055479381919696e+00;1.329119982655924659e+01;2.128712680625691078e+01;2.129599702028079378e+01;1.246507132687499109e+01;8.004797193721547188e+00
8.709635899560805861e-01;8.722651286546721394e+00;1.324119982655924943e+01;2.123702418391592772e+01;2.124599702028079662e+01;1.251437289736920633e+01;8.004797193721547188e+00
8.759917176331170063e-01;8.622926627446908299e+00;1.319119982655925050e+01;2.118692037535554462e+01;2.119599702028079591e+01;1.256399374790863632e+01;8.004797193721545412e+00
8.810488730080137110e-01;8.522880171704768415e+00;1.314119982655925156e+01;2.113681536688861584e+01;2.114599702028079875e+01;1.261393519518384743e+01;8.004797193721547188e+00
8.861352236595002596e-01;8.422510598207779253e+00;1.309119982655924375e+01;2.108670914467061408e+01;2.109599702028079093e+01;1.266419854646283483e+01;8.004797193721547188e+00
8.912509381337458958e-01;8.321816595365433500e+00;1.304119982655924304e+01;2.103660169469787533e+01;2.104599702028079022e+01;1.271478509933244183e+01;8.004797193721547188e+00
8.963961859499501861e-01;8.220796861364657815e+00;1.299119982655924588e+01;2.098649300280576568e+01;2.099599702028079307e+01;1.276569614144110787e+01;8.004797193721547188e+00
9.015711376059570847e-01;8.119450104424151604e+00;1.294119982655924694e+01;2.093638305466682681e+01;2.094599702028079236e+01;1.281693295024267520e+01;8.004797193721545412e+00
9.067759645839049698e-01;8.017775043047208783e+00;1.289119982655924623e+01;2.088627183578893209e+01;2.089599702028079520e+01;1.286849679274172331e+01;8.004797193721548965e+00
9.120108393559096527e-01;7.915770406273052728e+00;1.284119982655924908e+01;2.083615933151342858e+01;2.084599702028079449e+01;1.292038892524037585e+01;8.004797193721545412e+00
9.172759353897793622e-01;7.813434933926600934e+00;1.279119982655925014e+01;2.078604552701320785e+01;2.079599702028080088e+01;1.297261059308660691e+01;8.004797193721550741e+00
9.225714271547628131e-01;7.710767376866552780e+00;1.274119982655925121e+01;2.073593040729079107e+01;2.074599702028080372e+01;1.302516303042423829e+01;8.004797193721552517e+00
9.278974901273316922e-01;7.607766497231637004e+00;1.269119982655924339e+01;2.068581395717639637e+01;2.069599702028078880e+01;1.307804745994475937e+01;8.004797193721545412e+00
9.332543007969914539e-01;7.504431068685144979e+00;1.264119982655924446e+01;2.063569616132600260e+01;2.064599702028079165e+01;1.313126509264085762e+01;8.004797193721547188e+00
9.386420366721355268e-01;7.400759876657289738e+00;1.259119982655924552e+01;2.058557700421928160e+01;2.059599702028079093e+01;1.318481712756199187e+01;8.004797193721545412e+00
9.440608762859236114e-01;7.296751718585698043e+00;1.254119982655924481e+01;2.053545647015768338e+01;2.054599702028079378e+01;1.323870475157198534e+01;8.004797193721548965e+00
9.495109992021982803e-01;7.192405404153706883e+00;1.249119982655924943e+01;2.048533454326234349e+01;2.049599702028079662e+01;1.329292913910863660e+01;8.004797193721547188e+00
9.549925860214358853e-01;7.087719755526452836e+00;1.244119982655924872e+01;2.043521120747205089e+01;2.044599702028079591e+01;1.334749145194559716e+01;8.004797193721547188e+00
9.605058183867304367e-01;6.982693607584632645e+00;1.239119982655924979e+01;2.038508644654118385e+01;2.039599702028080230e+01;1.340239283895655120e+01;8.004797193721552517e+00
9.660508789898131221e-01;6.877325808155907438e+00;1.234119982655925085e+01;2.033496024403757119e+01;2.034599702028079804e+01;1.345763443588166375e+01;8.004797193721547188e+00
9.716279515771067965e-01;6.771615218243836942e+00;1.229119982655924126e+01;2.028483258334042105e+01;2.029599702028079022e+01;1.351321736509658322e+01;8.004797193721548965e+00
9.772372209558111145e-01;6.665560712254317011e+00;1.224119982655924588e+01;2.023470344763815021e+01;2.024599702028079662e+01;1.356914273538383320e+01;8.004797193721550741e+00
9.828788730000325158e-01;6.559161178219234500e+00;1.219119982655924517e+01;2.018457281992619556e+01;2.019599702028079236e+01;1.362541164170696106e+01;8.004797193721547188e+00
9.885530946569390798e-01;6.452415518017616591e+00;1.214119982655924623e+01;2.013444068300485057e+01;2.014599702028079165e+01;1.368202516498723398e+01;8.004797193721545412e+00
9.942600739529567910e-01;6.345322647593874876e+00;1.209119982655924730e+01;2.008430701947700925e+01;2.009599702028079449e+01;1.373898437188313437e+01;8.004797193721547188e+00
1.000000000000000000e+00;6.237881497173272116e+00;1.204119982655924836e+01;2.003417181174597061e+01;2.004599702028079378e+01;1.379629031457269761e+01;8.004797193721545412e+00
1.005773063001738077e+00;6.130091011474403828e+00;1.194119982655925050e+01;1.998403504201312586e+01;1.999599702028079662e+01;1.385394403053872203e+01;8.054797193721546122e+00
1.011579454259898370e+00;6.021950149918734674e+00;1.184119982655925085e+01;1.993389669227568461e+01;1.994599702028079591e+01;1.391194654235695083e+01;8.104797193721545057e+00
1.017419366180605467e+00;5.913457886837068855e+00;1.174119982655923877e+01;1.988375674432434437e+01;1.989599702028079165e+01;1.397029885748727551e+01;8.154797193721552873e+00
1.023292992280754765e+00;5.804613211672911000e+00;1.164119982655923735e+01;1.983361517974098120e+01;1.984599702028079093e+01;1.402900196806806932e+01;8.204797193721553583e+00
1.029200527194428672e+00;5.695415129182549663e+00;1.154119982655923948e+01;1.978347197989620554e+01;1.979599702028079378e+01;1.408805685071365588e+01;8.254797193721554294e+00
1.035142166679344111e+00;5.585862659631994909e+00;1.144119982655924161e+01;1.973332712594703509e+01;1.974599702028079307e+01;1.414746446631503929e+01;8.304797193721551452e+00
1.041118107623339561e+00;5.475954838990531925e+00;1.134119982655924730e+01;1.968318059883443283e+01;1.969599702028079591e+01;1.420722575984390090e+01;8.354797193721548609e+00
1.047128548050899610e+00;5.365690719120953744e+00;1.124119982655924765e+01;1.963303237928085210e+01;1.964599702028079520e+01;1.426734166015989835e+01;8.404797193721547544e+00
1.053173687129715930e+00;5.255069367966305194e+00;1.114119982655924979e+01;1.958288244778778520e+01;1.959599702028079804e+01;1.432781307982148000e+01;8.454797193721548254e+00
1.059253725177288663e+00;5.144089869733178055e+00;1.104119982655925192e+01;1.953273078463323742e+01;1.954599702028079733e+01;1.438864091490005848e+01;8.504797193721545412e+00
1.065368863667562893e+00;5.032751325071451731e+00;1.094119982655925405e+01;1.948257736986917621e+01;1.949599702028080017e+01;1.444982604479772448e+01;8.554797193721546122e+00
1.071519305237607078e+00;4.921052851250423466e+00;1.084119982655923842e+01;1.943242218331899451e+01;1.944599702028078880e+01;1.451136933206857194e+01;8.604797193721550386e+00
1.077705253694322352e+00;4.808993582331405392e+00;1.074119982655924055e+01;1.938226520457494217e+01;1.939599702028079165e+01;1.457327162224353678e+01;8.654797193721551096e+00
1.083926914021203780e+00;4.696572669336410932e+00;1.064119982655924446e+01;1.933210641299542942e+01;1.934599702028079449e+01;1.463553374365901760e+01;8.704797193721550030e+00
1.090184492385127824e+00;4.583789280413326672e+00;1.054119982655924481e+01;1.928194578770245116e+01;1.929599702028079378e+01;1.469815650728912360e+01;8.754797193721548965e+00
1.096478196143185091e+00;4.470642600997214444e+00;1.044119982655924694e+01;1.923178330757887267e+01;1.924599702028079662e+01;1.476114070658165822e+01;8.804797193721549675e+00
1.102808233849551955e+00;4.357131833967767598e+00;1.034119982655924908e+01;1.918161895126572958e+01;1.919599702028079591e+01;1.482448711729796287e+01;8.854797193721546833e+00
1.109174815262400804e+00;4.243256199802963202e+00;1.024119982655925121e+01;1.913145269715949581e+01;1.914599702028079875e+01;1.488819649735653172e+01;8.904797193721547544e+00
1.115578151350852032e+00;4.129014936728766294e+00;1.014119982655925156e+01;1.908128452340931247e+01;1.909599702028079804e+01;1.495226958668054706e+01;8.954797193721546478e+00
1.122018454301964230e+00;4.014407300864928807e+00;1.004119982655923593e+01;1.903111440791416342e+01;1.904599702028079022e+01;1.501670710704923550e+01;9.004797193721554294e+00
1.128495937527762116e+00;3.899432566366875630e+00;9.941199826559239838e+00;1.898094232832012196e+01;1.899599702028079307e+01;1.508150976195324589e+01;9.054797193721553228e+00
1.135010815672315543e+00;3.784090025563418891e+00;9.841199826559240194e+00;1.893076826201738427e+01;1.894599702028079236e+01;1.514667823645396538e+01;9.104797193721552162e+00
1.141563304618846031e+00;3.668378989090629538e+00;9.741199826559242325e+00;1.888059218613745571e+01;1.889599702028079165e+01;1.521221319704682529e+01;9.154797193721549320e+00
1.148153621496882826e+00;3.552298786021574450e+00;9.641199826559246233e+00;1.883041407755019137e+01;1.884599702028079449e+01;1.527811529152861780e+01;9.204797193721548254e+00
1.154781984689458252e+00;3.435848763991940835e+00;9.541199826559246588e+00;1.878023391286085797e+01;1.879599702028079733e+01;1.534438514886891625e+01;9.254797193721550741e+00
1.161448613840342592e+00;3.319028289321626080e+00;9.441199826559250496e+00;1.873005166840713187e+01;1.874599702028079662e+01;1.541102337908550624e+01;9.304797193721546122e+00
1.168153729861324264e+00;3.201836747132110972e+00;9.341199826559252628e+00;1.867986732025608276e+01;1.869599702028079946e+01;1.547803057312397179e+01;9.354797193721546833e+00
1.174897554939530409e+00;3.084273541459741086e+00;9.241199826559235220e+00;1.862968084420110415e+01;1.864599702028078809e+01;1.554540730274136351e+01;9.404797193721552873e+00
1.181680312544784339e+00;2.966338095364910998e+00;9.141199826559237351e+00;1.857949221575887222e+01;1.859599702028079093e+01;1.561315412039396122e+01;9.454797193721553583e+00
1.188502227437018943e+00;2.848029851036834703e+00;9.041199826559239483e+00;1.852930141016615551e+01;1.854599702028079378e+01;1.568127155912932125e+01;9.504797193721554294e+00
1.195363525673718952e+00;2.729348269894351642e+00;8.941199826559241615e+00;1.847910840237669916e+01;1.849599702028079307e+01;1.574976013248234707e+01;9.554797193721551452e+00
1.202264434617413169e+00;2.610292832682433062e+00;8.841199826559243746e+00;1.842891316705802396e+01;1.844599702028079591e+01;1.581862033437559134e+01;9.604797193721552162e+00
1.209205182943208445e+00;2.490863039564441550e+00;8.741199826559247654e+00;1.837871567858821820e+01;1.839599702028079520e+01;1.588785263902377665e+01;9.654797193721547544e+00
1.216186000646367837e+00;2.371058410210187262e+00;8.641199826559249786e+00;1.832851591105263012e+01;1.834599702028079804e+01;1.595745750084244285e+01;9.704797193721548254e+00
1.223207119049931402e+00;2.250878483879739989e+00;8.541199826559250141e+00;1.827831383824062428e+01;1.829599702028079733e+01;1.602743535436088251e+01;9.754797193721547188e+00
1.230268770812381174e+00;2.130322819503010834e+00;8.441199826559252273e+00;1.822810943364220648e+01;1.824599702028080017e+01;1.609778661413919565e+01;9.804797193721547899e+00
1.237371189935353222e+00;2.009390995755023113e+00;8.341199826559238417e+00;1.817790267044467711e+01;1.819599702028079236e+01;1.616851167468965400e+01;9.854797193721553938e+00
1.244514611771385670e+00;1.888082611127095189e+00;8.241199826559238772e+00;1.812769352152922053e+01;1.814599702028079165e+01;1.623961091040212423e+01;9.904797193721552873e+00
1.250000000000000000e+00;1.795148389143621959e+00;8.164799306236991683e+00;1.808933184586413034e+01;1.810779676011966899e+01;1.629418345672050705e+01;9.942997453882677306e+00
1.251699273031725568e+00;1.766397283993506484e+00;8.129400086720368179e+00;1.807748195946745540e+01;1.809599702028079093e+01;1.631108467547394980e+01;9.966596933560422755e+00
1.258925411794167504e+00;1.644334652674153574e+00;7.979400086720370489e+00;1.802726795651794589e+01;1.804599702028079378e+01;1.638293330384379232e+01;1.006659693356042240e+01
1.266193267510944409e+00;1.521894375492873541e+00;7.829400086720372798e+00;1.797705148462269875e+01;1.799599702028079307e+01;1.645515710912982499e+01;1.016659693356042027e+01
1.273503081016661653e+00;1.399076130831493181e+00;7.679400086720376883e+00;1.792683251540359990e+01;1.794599702028079591e+01;1.652775638457210761e+01;1.026659693356041814e+01
1.280855094536278438e+00;1.275879617179685788e+00;7.529400086720380969e+00;1.787661102015881198e+01;1.789599702028079875e+01;1.660073140297912531e+01;1.036659693356041778e+01
1.288249551693133599e+00;1.152304553180587998e+00;7.379400086720384166e+00;1.782638696985913995e+01;1.784599702028079804e+01;1.667408241667855151e+01;1.046659693356041387e+01
1.295686697517020258e+00;1.028350677672172031e+00;7.229400086720360719e+00;1.777616033514435401e+01;1.779599702028079022e+01;1.674780965747218175e+01;1.056659693356042951e+01
1.303166778452300001e+00;9.040177497245078797e-01;7.079400086720363028e+00;1.772593108631950543e+01;1.774599702028079307e+01;1.682191333659499577e+01;1.066659693356043093e+01
1.310690042366077224e+00;7.793055486726351289e-01;6.929400086720367113e+00;1.767569919335111450e+01;1.769599702028079236e+01;1.689639364467847926e+01;1.076659693356042524e+01
1.318256738556407459e+00;6.542138741454552875e-01;6.779400086720369423e+00;1.762546462586341178e+01;1.764599702028079520e+01;1.697125075171795672e+01;1.086659693356042666e+01
1.325867117760559433e+00;5.287425460903395491e-01;6.629400086720373508e+00;1.757522735313449758e+01;1.759599702028079449e+01;1.704648480704415903e+01;1.096659693356042098e+01
1.333521432163323972e+00;4.028914047936277831e-01;6.479400086720376706e+00;1.752498734409246239e+01;1.754599702028079733e+01;1.712209593929883411e+01;1.106659693356042062e+01
1.341219935405370878e+00;2.766603108969650227e-01;6.329400086720380791e+00;1.747474456731144699e+01;1.749599702028079662e+01;1.719808425641448224e+01;1.116659693356041672e+01
1.348962882591653312e+00;1.500491454095457533e-01;6.179400086720383101e+00;1.742449899100770594e+01;1.744599702028079946e+01;1.727444984559815921e+01;1.126659693356041636e+01
1.356750530299862589e+00;2.305780971623697800e-02;6.029400086720359653e+00;1.737425058303557890e+01;1.739599702028079165e+01;1.735119277331934029e+01;1.136659693356043199e+01
1.364583136588925161e+00;-1.043137744182831422e-01;5.879400086720362850e+00;1.732399931088348310e+01;1.734599702028079093e+01;1.742831308530176671e+01;1.146659693356042808e+01
1.372460961007562430e+00;-2.320656648496410568e-01;5.729400086720366048e+00;1.727374514166975672e+01;1.729599702028079378e+01;1.750581080651939914e+01;1.156659693356042773e+01
1.380384264602885214e+00;-3.601978990576716333e-01;5.579400086720369245e+00;1.722348804213855900e+01;1.724599702028079307e+01;1.758368594119622941e+01;1.166659693356042382e+01
1.388353309929045709e+00;-4.887104941544969661e-01;5.429400086720372443e+00;1.717322797865570294e+01;1.719599702028079591e+01;1.766193847281019913e+01;1.176659693356042347e+01
1.396368361055937646e+00;-6.176034468964812785e-01;5.279400086720375640e+00;1.712296491720439917e+01;1.714599702028079520e+01;1.774056836410088067e+01;1.186659693356041956e+01
1.404429683577947285e+00;-7.468767337002180096e-01;5.129400086720378837e+00;1.707269882338099265e+01;1.709599702028079804e+01;1.781957555708121177e+01;1.196659693356041920e+01
1.412537544622753938e+00;-8.765303106623820728e-01;4.979400086720382035e+00;1.702242966239065680e+01;1.704599702028079733e+01;1.789895997305303865e+01;1.206659693356041529e+01
1.420692212860181547e+00;-1.006564113583480857e+00;4.829400086720386120e+00;1.697215739904302012e+01;1.699599702028080017e+01;1.797872151262649965e+01;1.216659693356041316e+01
1.428893958511103568e+00;-1.136978057995532199e+00;4.679400086720362673e+00;1.692188199774773594e+01;1.694599702028079236e+01;1.805886005574326703e+01;1.226659693356042879e+01
1.437143053356391142e+00;-1.267772039193419742e+00;4.529400086720365870e+00;1.687160342251008771e+01;1.689599702028079165e+01;1.813937546170350856e+01;1.236659693356042666e+01
1.445439770745927888e+00;-1.398945932270303727e+00;4.379400086720368179e+00;1.682132163692640958e+01;1.684599702028079449e+01;1.822026756919671442e+01;1.246659693356042631e+01
1.453784385607662211e+00;-1.530499592156557842e+00;4.229400086720369600e+00;1.677103660417956377e+01;1.679599702028079378e+01;1.830153619633612294e+01;1.256659693356042418e+01
1.462177174456718243e+00;-1.662432853662564325e+00;4.079400086720374574e+00;1.672074828703436111e+01;1.674599702028079662e+01;1.838318114069692655e+01;1.266659693356042204e+01
1.470618415404560286e+00;-1.794745531525204107e+00;3.929400086720377772e+00;1.667045664783285730e+01;1.669599702028079591e+01;1.846520217935806230e+01;1.276659693356041814e+01
1.479108388168207222e+00;-1.927437420457972284e+00;3.779400086720379637e+00;1.662016164848970945e+01;1.664599702028079875e+01;1.854759906894768307e+01;1.286659693356041956e+01
1.487647374079501539e+00;-2.060508295204773521e+00;3.629400086720384166e+00;1.656986325048738706e+01;1.659599702028079804e+01;1.863037154569216014e+01;1.296659693356041387e+01
1.496235656094434319e+00;-2.193957910597306604e+00;3.479400086720361163e+00;1.651956141487137231e+01;1.654599702028079022e+01;1.871351932546867758e+01;1.306659693356042951e+01
1.504873518802514409e+00;-2.327786001615905320e+00;3.329400086720363916e+00;1.646925610224534609e+01;1.649599702028079307e+01;1.879704210386125141e+01;1.316659693356042915e+01
1.513561248436208651e+00;-2.461992283454125019e+00;3.179400086720367113e+00;1.641894727276622845e+01;1.644599702028079236e+01;1.888093955622035480e+01;1.326659693356042524e+01
1.522299132880420292e+00;-2.596576451586587009e+00;3.029400086720370755e+00;1.636863488613926876e+01;1.639599702028079520e+01;1.896521133772585443e+01;1.336659693356042489e+01
1.531087461682030249e+00;-2.731538181840387214e+00;2.879400086720373952e+00;1.631831890161301146e+01;1.634599702028079449e+01;1.904985708345340001e+01;1.346659693356042098e+01
1.539926526059492096e+00;-2.866877130469874135e+00;2.729400086720375818e+00;1.626799927797424061e+01;1.629599702028079378e+01;1.913487640844411430e+01;1.356659693356041885e+01
1.548816618912481236e+00;-3.002592934234798339e+00;2.579400086720379015e+00;1.621767597354288171e+01;1.624599702028079662e+01;1.922026890777767960e+01;1.366659693356041672e+01
1.557758034831602023e+00;-3.138685210481799714e+00;2.429400086720381324e+00;1.616734894616680762e+01;1.619599702028079591e+01;1.930603415664860734e+01;1.376659693356041458e+01
1.566751070108150179e+00;-3.275153557229192991e+00;2.279400086720359209e+00;1.611701815321663034e+01;1.614599702028079165e+01;1.939217171044582244e+01;1.386659693356043199e+01
1.575796022743925162e+00;-3.411997553254872972e+00;2.129400086720361962e+00;1.606668355158043937e+01;1.609599702028079093e+01;1.947868110483531368e+01;1.396659693356042808e+01
1.584893192461114042e+00;-3.549216758187672571e+00;1.979400086720366048e+00;1.601634509765843717e+01;1.604599702028079378e+01;1.956556185584610930e+01;1.406659693356042773e+01
1.594042880712218002e+00;-3.686810712601627404e+00;1.829400086720368357e+00;1.596600274735756386e+01;1.599599702028079484e+01;1.965281345995919082e+01;1.416659693356042737e+01
1.603245390690041683e+00;-3.824778938113502225e+00;1.679400086720373331e+00;1.591565645608605983e+01;1.594599702028079591e+01;1.974043539419956161e+01;1.426659693356042169e+01
1.612501027337741588e+00;-3.963120937483335826e+00;1.529400086720375640e+00;1.586530617874795546e+01;1.589599702028079697e+01;1.982842711623129262e+01;1.436659693356042133e+01
1.621810097358929781e+00;-4.101836194718047501e+00;1.379400086720378837e+00;1.581495186973750933e+01;1.584599702028079804e+01;1.991678806445555594e+01;1.446659693356041920e+01
1.631172909227837975e+00;-4.240924175178012234e+00;1.229400086720380703e+00;1.576459348293360208e+01;1.579599702028079911e+01;2.000551765811161431e+01;1.456659693356041885e+01
1.640589773199538692e+00;-4.380384325686591751e+00;1.079400086720384344e+00;1.571423097169403960e+01;1.574599702028080017e+01;2.009461529738063135e+01;1.466659693356041672e+01
1.650061001320228593e+00;-4.520216074642599224e+00;9.294000867203608962e-01;1.566386428884983140e+01;1.569599702028079236e+01;2.018408036349243062e+01;1.476659693356043235e+01
1.659586907437561321e+00;-4.660418832135450273e+00;7.794000867203663141e-01;1.561349338669941744e+01;1.564599702028079342e+01;2.027391221883486594e+01;1.486659693356042666e+01
1.669167807211058063e+00;-4.800991990063455006e+00;6.294000867203681793e-01;1.556311821700276710e+01;1.559599702028079449e+01;2.036411020706622210e+01;1.496659693356042631e+01
1.678804018122560748e+00;-4.941934922254555218e+00;4.794000867203696004e-01;1.551273873097548162e+01;1.554599702028079555e+01;2.045467365323003861e+01;1.506659693356042595e+01
1.688495859486753403e+00;-5.083246984589920636e+00;3.294000867203723537e-01;1.546235487928283803e+01;1.549599702028079662e+01;2.054560186387275778e+01;1.516659693356042382e+01
1.698243652461744357e+00;-5.224927515130245226e+00;1.794000867203759952e-01;1.541196661203372287e+01;1.544599702028079768e+01;2.063689412716396987e+01;1.526659693356042169e+01
1.708047720059707730e+00;-5.366975834244634314e+00;2.940008672038230131e-02;1.536157387877454816e+01;1.539599702028079875e+01;2.072854971301918425e+01;1.536659693356041601e+01
1.717908387157587535e+00;-5.509391244742064764e+00;-1.205999132796145012e-01;1.531117662848306793e+01;1.534599702028079982e+01;2.082056787322513358e+01;1.546659693356041387e+01
1.727825980507864401e+00;-5.652173032005460840e+00;-2.705999132796379492e-01;1.526077480956216981e+01;1.529599702028079200e+01;2.091294784156762887e+01;1.556659693356042951e+01
1.737800828749376247e+00;-5.795320464128076665e+00;-4.205999132796347517e-01;1.521036836983359564e+01;1.524599702028079307e+01;2.100568883396167053e+01;1.566659693356042737e+01
1.747833262418219125e+00;-5.938832792052625820e+00;-5.705999132796315543e-01;1.515995725653153769e+01;1.519599702028079413e+01;2.109879004858416351e+01;1.576659693356042524e+01
1.757923613958693121e+00;-6.082709249712553223e+00;-7.205999132796314655e-01;1.510954141629625980e+01;1.514599702028079520e+01;2.119225066600881391e+01;1.586659693356042666e+01
1.768072217734319773e+00;-6.226949054175769049e+00;-8.705999132796278239e-01;1.505912079516759050e+01;1.509599702028079626e+01;2.128606984934335955e+01;1.596659693356042453e+01
1.778279410038922759e+00;-6.371551405790677691e+00;-1.020599913279624182e+00;1.500869533857838789e+01;1.504599702028079733e+01;2.138024674436906736e+01;1.606659693356042240e+01
1.788545529107771204e+00;-6.516515488334481354e+00;-1.170599913279620097e+00;1.495826499134789245e+01;1.499599702028079840e+01;2.147478047968237291e+01;1.616659693356042027e+01
1.798870915128787384e+00;-6.661840469163660572e+00;-1.320599913279616899e+00;1.490782969767506572e+01;1.494599702028079946e+01;2.156967016683872629e+01;1.626659693356041458e+01
1.809255910253822153e+00;-6.807525499366715138e+00;-1.470599913279641235e+00;1.485738940113180639e+01;1.489599702028078809e+01;2.166491490049852331e+01;1.636659693356043022e+01
1.819700858609984317e+00;-6.953569713918811068e+00;-1.620599913279637150e+00;1.480694404465617886e+01;1.484599702028079271e+01;2.176051375857499082e+01;1.646659693356043164e+01
1.830206106311056846e+00;-7.099972231838865611e+00;-1.770599913279634841e+00;1.475649357054545519e+01;1.479599702028079378e+01;2.185646580238432080e+01;1.656659693356042951e+01
1.840772001468956365e+00;-7.246732156348285159e+00;-1.920599913279632087e+00;1.470603792044919089e+01;1.474599702028079484e+01;2.195277007679747783e+01;1.666659693356042737e+01
1.851398894205272150e+00;-7.393848575031918280e+00;-2.070599913279627557e+00;1.465557703536218170e+01;1.469599702028079591e+01;2.204942561039409910e+01;1.676659693356042169e+01
1.862087136662867515e+00;-7.541320560000840167e+00;-2.220599913279625248e+00;1.460511085561736166e+01;1.464599702028079520e+01;2.214643141561820272e+01;1.686659693356041956e+01
1.872837083017548476e+00;-7.689147168057081316e+00;-2.370599913279622495e+00;1.455463932087862844e+01;1.459599702028079449e+01;2.224378648893571153e+01;1.696659693356041743e+01
1.883649089489800144e+00;-7.837327440860138772e+00;-2.520599913279618853e+00;1.450416237013359222e+01;1.454599702028079911e+01;2.234148981099373188e+01;1.706659693356041885e+01
1.894523514356591498e+00;-7.985860405095333903e+00;-2.670599913279617876e+00;1.445367994168626069e+01;1.449599702028080017e+01;2.243954034678159459e+01;1.716659693356041672e+01
1.905460717963248340e+00;-8.134745072643895014e+00;-2.820599913279639548e+00;1.440319197314964050e+01;1.444599702028078880e+01;2.253793704579353374e+01;1.726659693356042879e+01
1.916461062735387300e+00;-8.283980440754628916e+00;-2.970599913279635018e+00;1.435269840143828191e+01;1.439599702028079342e+01;2.263667884219291082e+01;1.736659693356043022e+01
1.927524913190936662e+00;-8.433565492217516280e+00;-3.120599913279631821e+00;1.430219916276072034e+01;1.434599702028079449e+01;2.273576465497823662e+01;1.746659693356042453e+01
1.938652635952207604e+00;-8.583499195538605520e+00;-3.270599913279628623e+00;1.425169419261186299e+01;1.429599702028079555e+01;2.283519338815046851e+01;1.756659693356042595e+01
1.949844599758045582e+00;-8.733780505116639503e+00;-3.420599913279626758e+00;1.420118342576531489e+01;1.424599702028079307e+01;2.293496393088195617e+01;1.766659693356042027e+01
1.961101175476047453e+00;-8.884408361421108680e+00;-3.570599913279623117e+00;1.415066679626558610e+01;1.419599702028079768e+01;2.303507515768669478e+01;1.776659693356042169e+01
1.972422736114853414e+00;-9.035381691171833651e+00;-3.720599913279619919e+00;1.410014423742025613e+01;1.414599702028079875e+01;2.313552592859208801e+01;1.786659693356041956e+01
1.983809656836505120e+00;-9.186699407519881788e+00;-3.870599913279615834e+00;1.404961568179207099e+01;1.409599702028079982e+01;2.323631508931195100e+01;1.796659693356041743e+01
1.995262314968880846e+00;-9.338360410229933350e+00;-4.020599913279639281e+00;1.399908106119090334e+01;1.404599702028079200e+01;2.333744147142083847e+01;1.806659693356043306e+01
2.000000000000000000e+00;-9.400944072213437863e+00;-4.082399653118496730e+00;1.397825910493111223e+01;1.402539710700117226e+01;2.337920317714455010e+01;1.810779676011966899e+01
2.006781090018189939e+00;-9.490363585863795137e+00;-4.200000000000016165e+00;1.394854030666572164e+01;1.399599702028079307e+01;2.343890389252951678e+01;1.819599702028081012e+01
2.018366363681561637e+00;-9.642707807965468447e+00;-4.400000000000012790e+00;1.389799334849638512e+01;1.394599702028079413e+01;2.354070115646185357e+01;1.834599702028080515e+01
2.030018519859684289e+00;-9.795391937247154956e+00;-4.600000000000004974e+00;1.384744011618543169e+01;1.389599702028079520e+01;2.364283205343258487e+01;1.849599702028080017e+01
2.041737944669529625e+00;-9.948414821776594863e+00;-4.800000000000004263e+00;1.379688053844975570e+01;1.384599702028079626e+01;2.374529536022635057e+01;1.864599702028080230e+01
2.053525026457146296e+00;-1.010177529716546374e+01;-5.000000000000002665e+00;1.374631454321221646e+01;1.379599702028079733e+01;2.384808984037768198e+01;1.879599702028080088e+01
2.065380155810529139e+00;-1.025547218675886008e+01;-5.199999999999994849e+00;1.369574205759313834e+01;1.374599702028079840e+01;2.395121424435199842e+01;1.894599702028079236e+01
2.077303725572563042e+00;-1.040950430182587816e+01;-5.399999999999992362e+00;1.364516300790176473e+01;1.369599702028079946e+01;2.405466730972764111e+01;1.909599702028079093e+01
2.089296130854040978e+00;-1.056387044175109047e+01;-5.600000000000024514e+00;1.359457731962759475e+01;1.364599702028078809e+01;2.415844776137868521e+01;1.924599702028081083e+01
2.101357769046749091e+00;-1.071856939422690758e+01;-5.800000000000023803e+00;1.354398491743169508e+01;1.359599702028079093e+01;2.426255431165860443e+01;1.939599702028081651e+01
2.113489039836647709e+00;-1.087359993544705006e+01;-6.000000000000015987e+00;1.349338572513783596e+01;1.354599702028079378e+01;2.436698566058488780e+01;1.954599702028080799e+01
2.125690345217107424e+00;-1.102896083030063146e+01;-6.200000000000007283e+00;1.344277966572361471e+01;1.349599702028079484e+01;2.447174049602424617e+01;1.969599702028080301e+01
2.137962089502232654e+00;-1.118465083256712056e+01;-6.400000000000010125e+00;1.339216666131147981e+01;1.344599702028079591e+01;2.457681749387860037e+01;1.984599702028080515e+01
2.150304679340256708e+00;-1.134066868511204973e+01;-6.600000000000007638e+00;1.334154663315965550e+01;1.339599702028079697e+01;2.468221531827170523e+01;1.999599702028080372e+01
2.162718523727019893e+00;-1.149701312008341603e+01;-6.799999999999993605e+00;1.329091950165300062e+01;1.334599702028079804e+01;2.478793262173641665e+01;2.014599702028079165e+01
2.175204034019522226e+00;-1.165368285910874491e+01;-6.999999999999992006e+00;1.324028518629372897e+01;1.329599702028079911e+01;2.489396804540247388e+01;2.029599702028079022e+01
2.187761623949551648e+00;-1.181067661349269038e+01;-7.199999999999986855e+00;1.318964360569213312e+01;1.324599702028080017e+01;2.500032021918482172e+01;2.044599702028078525e+01
2.200391709637399718e+00;-1.196799308441531906e+01;-7.400000000000019007e+00;1.313899467755712180e+01;1.319599702028079236e+01;2.510698776197244086e+01;2.059599702028081225e+01
2.213094709605638588e+00;-1.212563096313067845e+01;-7.600000000000014744e+00;1.308833831868675190e+01;1.314599702028079342e+01;2.521396928181743036e+01;2.074599702028080728e+01
2.225871044793005460e+00;-1.228358893116615214e+01;-7.800000000000011369e+00;1.303767444495859706e+01;1.309599702028079449e+01;2.532126337612474742e+01;2.089599702028080586e+01
2.238721138568339875e+00;-1.244186566052191623e+01;-8.000000000000005329e+00;1.298700297132009140e+01;1.304599702028079555e+01;2.542886863184200763e+01;2.104599702028080088e+01
2.251645416744617823e+00;-1.260045981387093939e+01;-8.199999999999999289e+00;1.293632381177873469e+01;1.299599702028079662e+01;2.553678362564967586e+01;2.119599702028079591e+01
2.264644307593059569e+00;-1.275937004475922443e+01;-8.399999999999998579e+00;1.288563687939223534e+01;1.294599702028079591e+01;2.564500692415145977e+01;2.134599702028079449e+01
2.277718241857321857e+00;-1.291859499780637144e+01;-8.599999999999994316e+00;1.283494208625855393e+01;1.289599702028079875e+01;2.575353708406492359e+01;2.149599702028079307e+01
2.290867652767772267e+00;-1.307813330890634340e+01;-8.799999999999988276e+00;1.278423934350586144e+01;1.284599702028079982e+01;2.586237265241220484e+01;2.164599702028078809e+01
2.304092976055847064e+00;-1.323798360542844499e+01;-9.000000000000021316e+00;1.273352856128235011e+01;1.279599702028079200e+01;2.597151216671079510e+01;2.179599702028081509e+01
2.317394649968479658e+00;-1.339814450641827648e+01;-9.200000000000017053e+00;1.268280964874609573e+01;1.274599702028079307e+01;2.608095415516437043e+01;2.194599702028081012e+01
2.330773115282638752e+00;-1.355861462279909802e+01;-9.400000000000016342e+00;1.263208251405460381e+01;1.269599702028079236e+01;2.619069713685370004e+01;2.209599702028080870e+01
2.344228815319922887e+00;-1.371939255757291320e+01;-9.600000000000010303e+00;1.258134706435448713e+01;1.264599702028079165e+01;2.630073962192739856e+01;2.224599702028080372e+01
2.357762195961254470e+00;-1.388047690602171258e+01;-9.800000000000004263e+00;1.253060320577088760e+01;1.259599702028079626e+01;2.641108011179260018e+01;2.239599702028080230e+01
2.371373705661655062e+00;-1.404186625590861937e+01;-9.999999999999996447e+00;1.247985084339688733e+01;1.254599702028079733e+01;2.652171709930550492e+01;2.254599702028079378e+01
2.385063795465105052e+00;-1.420355918767898729e+01;-1.019999999999999396e+01;1.242908988128279724e+01;1.249599702028079840e+01;2.663264906896178275e+01;2.269599702028079236e+01
2.398832919019489918e+00;-1.436555427466127632e+01;-1.039999999999999325e+01;1.237832022242534258e+01;1.244599702028079946e+01;2.674387449708661890e+01;2.284599702028079093e+01
2.412681532591635314e+00;-1.452785008326785388e+01;-1.060000000000002274e+01;1.232754176875675611e+01;1.239599702028078809e+01;2.685539185202460999e+01;2.299599702028081083e+01
2.426610095082416763e+00;-1.469044517319539978e+01;-1.080000000000001847e+01;1.227675442113380200e+01;1.234599702028079271e+01;2.696719959432920177e+01;2.314599702028080941e+01
2.440619068041981254e+00;-1.485333809762527757e+01;-1.100000000000001421e+01;1.222595807932665046e+01;1.229599702028079378e+01;2.707929617695192803e+01;2.329599702028080799e+01
2.454708915685031023e+00;-1.501652740342338355e+01;-1.120000000000000995e+01;1.217515264200767788e+01;1.224599702028079484e+01;2.719168004543106321e+01;2.344599702028080657e+01
2.468880104906209016e+00;-1.518001163133970088e+01;-1.140000000000000746e+01;1.212433800674018691e+01;1.219599702028079236e+01;2.730434963807988780e+01;2.359599702028079804e+01
2.483133105295570520e+00;-1.534378931620746656e+01;-1.160000000000000320e+01;1.207351406996701115e+01;1.214599702028079697e+01;2.741730338617447771e+01;2.374599702028080017e+01
2.497468389154143154e+00;-1.550785898714187283e+01;-1.179999999999999361e+01;1.202268072699899726e+01;1.209599702028079804e+01;2.753053971414087187e+01;2.389599702028079165e+01
2.511886431509579687e+00;-1.567221916773831225e+01;-1.199999999999999289e+01;1.197183787200343374e+01;1.204599702028079911e+01;2.764405703974174600e+01;2.404599702028079378e+01
2.526387710131895670e+00;-1.583686837627000088e+01;-1.219999999999999218e+01;1.192098539799234125e+01;1.199599702028080017e+01;2.775785377426234390e+01;2.419599702028079236e+01
2.540972705549306543e+00;-1.600180512588516990e+01;-1.240000000000002167e+01;1.187012319681065620e+01;1.194599702028078880e+01;2.787192832269582610e+01;2.434599702028081225e+01
2.555641901064139798e+00;-1.616702792480340634e+01;-1.260000000000002274e+01;1.181925115912438606e+01;1.189599702028079342e+01;2.798627908392779062e+01;2.449599702028081794e+01
2.570395782768864823e+00;-1.633253527651168469e+01;-1.280000000000001670e+01;1.176836917440853547e+01;1.184599702028079093e+01;2.810090445092021838e+01;2.464599702028080941e+01
2.585234839562191134e+00;-1.649832567995935761e+01;-1.300000000000000711e+01;1.171747713093504117e+01;1.179599702028079555e+01;2.821580281089439879e+01;2.479599702028080088e+01
2.600159563165272303e+00;-1.666439762975260308e+01;-1.320000000000000817e+01;1.166657491576056138e+01;1.174599702028079662e+01;2.833097254551316269e+01;2.494599702028080657e+01
2.615170448137996928e+00;-1.683074961634800815e+01;-1.339999999999999503e+01;1.161566241471415850e+01;1.169599702028079768e+01;2.844641203106216665e+01;2.509599702028079093e+01
2.630267991895381297e+00;-1.699738012624539607e+01;-1.359999999999999254e+01;1.156473951238487174e+01;1.164599702028079875e+01;2.856211963863026781e+01;2.524599702028078951e+01
2.645452694724048648e+00;-1.716428764217974035e+01;-1.379999999999999005e+01;1.151380609210922223e+01;1.159599702028079982e+01;2.867809373428896436e+01;2.539599702028078809e+01
2.660725059798811465e+00;-1.733147064331223675e+01;-1.400000000000002309e+01;1.146286203595854758e+01;1.154599702028079022e+01;2.879433267927078433e+01;2.554599702028081509e+01
2.676085593199333257e+00;-1.749892760542027048e+01;-1.420000000000001705e+01;1.141190722472634356e+01;1.149599702028079307e+01;2.891083483014661226e+01;2.569599702028081012e+01
2.691534803926916908e+00;-1.766665700108676873e+01;-1.440000000000001634e+01;1.136094153791534289e+01;1.144599702028079236e+01;2.902759853900211340e+01;2.584599702028080870e+01
2.707073203921357862e+00;-1.783465729988814275e+01;-1.460000000000001386e+01;1.130996485372462068e+01;1.139599702028079520e+01;2.914462215361276520e+01;2.599599702028081083e+01
2.722701308077912774e+00;-1.800292696858142705e+01;-1.480000000000000426e+01;1.125897704903655772e+01;1.134599702028079626e+01;2.926190401761798654e+01;2.614599702028080230e+01
2.738419634264361413e+00;-1.817146447129024267e+01;-1.500000000000000178e+01;1.120797799940364925e+01;1.129599702028079378e+01;2.937944247069389192e+01;2.629599702028079378e+01
2.754228703338166273e+00;-1.834026826968969814e+01;-1.519999999999999574e+01;1.115696757903528180e+01;1.124599702028079662e+01;2.949723584872497995e+01;2.644599702028079236e+01
2.770129039163732987e+00;-1.850933682319005769e+01;-1.539999999999999325e+01;1.110594566078434653e+01;1.119599702028079946e+01;2.961528248397440422e+01;2.659599702028079093e+01
2.786121168629771994e+00;-1.867866858911932582e+01;-1.560000000000002096e+01;1.105491211613376379e+01;1.114599702028079165e+01;2.973358070525308960e+01;2.674599702028081083e+01
2.802205621666748137e+00;-1.884826202290443931e+01;-1.580000000000001847e+01;1.100386681518292775e+01;1.109599702028079271e+01;2.985212883808736706e+01;2.689599702028080941e+01
2.818382931264455049e+00;-1.901811557825145371e+01;-1.600000000000001776e+01;1.095280962663398761e+01;1.104599702028079378e+01;2.997092520488543954e+01;2.704599702028081154e+01
2.834653633489668145e+00;-1.918822770732422001e+01;-1.620000000000000995e+01;1.090174041777805414e+01;1.099599702028079307e+01;3.008996812510227414e+01;2.719599702028080301e+01
2.851018267503909964e+00;-1.935859686092184972e+01;-1.640000000000001279e+01;1.085065905448132462e+01;1.094599702028079591e+01;3.020925591540317612e+01;2.734599702028080870e+01
2.867477375581315879e+00;-1.952922148865476260e+01;-1.659999999999999787e+01;1.079956540117103359e+01;1.089599702028079697e+01;3.032878688982579618e+01;2.749599702028079662e+01
2.884031503126605500e+00;-1.970010003911945162e+01;-1.679999999999999716e+01;1.074845932082136102e+01;1.084599702028079804e+01;3.044855935994081264e+01;2.764599702028079520e+01
2.900681198693153107e+00;-1.987123096007172052e+01;-1.699999999999999289e+01;1.069734067493917706e+01;1.079599702028079911e+01;3.056857163501089758e+01;2.779599702028079378e+01
2.917427014001165997e+00;-2.004261269859857464e+01;-1.719999999999998863e+01;1.064620932354974414e+01;1.074599702028080017e+01;3.068882202214831878e+01;2.794599702028078880e+01
2.934269503955970304e+00;-2.021424370128859493e+01;-1.740000000000001990e+01;1.059506512518222365e+01;1.069599702028079236e+01;3.080930882647081859e+01;2.809599702028081225e+01
2.951209226666386964e+00;-2.038612241440073092e+01;-1.760000000000001563e+01;1.054390793685516670e+01;1.064599702028079342e+01;3.093003035125589761e+01;2.824599702028081083e+01
2.968246743463243131e+00;-2.055824728403180757e+01;-1.780000000000001492e+01;1.049273761406182004e+01;1.059599702028079449e+01;3.105098489809362761e+01;2.839599702028080941e+01
2.985382618917960418e+00;-2.073061675628222389e+01;-1.800000000000000711e+01;1.044155401075535750e+01;1.054599702028079555e+01;3.117217076703758138e+01;2.854599702028080088e+01
3.002617420861267483e+00;-2.090322927742021619e+01;-1.820000000000000284e+01;1.039035697933402069e+01;1.049599702028079662e+01;3.129358625675423866e+01;2.869599702028079946e+01
3.019951720402016093e+00;-2.107608329404446579e+01;-1.839999999999999858e+01;1.033914637062610353e+01;1.044599702028079768e+01;3.141522966467056932e+01;2.884599702028079804e+01
3.037386091946104205e+00;-2.124917725324509732e+01;-1.859999999999999432e+01;1.028792203387488158e+01;1.039599702028079875e+01;3.153709928711997890e+01;2.899599702028079307e+01
3.054921113215512296e+00;-2.142250960276301797e+01;-1.879999999999999005e+01;1.023668381672337979e+01;1.034599702028079982e+01;3.165919341948639953e+01;2.914599702028078809e+01
3.072557365267448493e+00;-2.159607879114760820e+01;-1.900000000000002132e+01;1.018543156519907100e+01;1.029599702028079200e+01;3.178151035634667920e+01;2.929599702028081509e+01
3.090295432513591845e+00;-2.176988326791258999e+01;-1.920000000000001705e+01;1.013416512369847666e+01;1.024599702028079307e+01;3.190404839161106665e+01;2.944599702028081012e+01
3.108135902739476375e+00;-2.194392148369047391e+01;-1.940000000000001279e+01;1.008288433497158465e+01;1.019599702028079413e+01;3.202680581866205500e+01;2.959599702028080515e+01
3.126079367123955954e+00;-2.211819189038491373e+01;-1.960000000000001563e+01;1.003158904010625818e+01;1.014599702028079165e+01;3.214978093049117547e+01;2.974599702028080728e+01
3.144126420258795740e+00;-2.229269294132149781e+01;-1.980000000000000071e+01;9.980279078512467095e+00;1.009599702028079626e+01;3.227297201983396491e+01;2.989599702028079520e+01
3.162277660168379523e+00;-2.246742309139679961e+01;-2.000000000000000000e+01;9.928954287906426757e+00;1.004599702028079378e+01;3.239637737930322459e+01;3.004599702028079378e+01
3.180533688329520547e+00;-2.264238079722545294e+01;-2.019999999999999929e+01;9.877614504294671249e+00;9.995997020280796619e+00;3.251999530152012596e+01;3.019599702028079591e+01
3.198895109691397121e+00;-2.281756451728560364e+01;-2.039999999999999503e+01;9.826259561957952471e+00;9.945997020280799461e+00;3.264382407924355789e+01;3.034599702028079449e+01
3.217362532695601018e+00;-2.299297271206246762e+01;-2.060000000000002274e+01;9.774889293435066406e+00;9.895997020280789869e+00;3.276786200549753403e+01;3.049599702028081083e+01
3.235936569296284482e+00;-2.316860384418988161e+01;-2.080000000000002203e+01;9.723503529506622556e+00;9.845997020280790935e+00;3.289210737369650417e+01;3.064599702028081296e+01
3.254617834980459978e+00;-2.334445637859031564e+01;-2.100000000000001776e+01;9.672102099178591317e+00;9.795997020280793777e+00;3.301655847776891051e+01;3.079599702028081154e+01
3.273406948788383009e+00;-2.352052878261275382e+01;-2.120000000000000995e+01;9.620684829665847815e+00;9.745997020280793066e+00;3.314121361227860518e+01;3.094599702028080301e+01
3.292304533334065475e+00;-2.369681952616873843e+01;-2.140000000000000924e+01;9.569251546375582507e+00;9.695997020280795908e+00;3.326607107254432094e+01;3.109599702028080515e+01
3.311311214825911176e+00;-2.387332708186658436e+01;-2.160000000000000497e+01;9.517802072890576781e+00;9.645997020280795198e+00;3.339112915475715937e+01;3.124599702028080017e+01
3.330427623087463207e+00;-2.405004992514361817e+01;-2.180000000000000426e+01;9.466336230952435926e+00;9.595997020280796264e+00;3.351638615609605409e+01;3.139599702028080230e+01
3.349654391578275714e+00;-2.422698653439647387e+01;-2.199999999999999289e+01;9.414853840444639133e+00;9.545997020280799106e+00;3.364184037484110945e+01;3.154599702028079378e+01
3.368992157414905986e+00;-2.440413539110954488e+01;-2.219999999999998863e+01;9.363354719375566404e+00;9.495997020280800172e+00;3.376749011048511306e+01;3.169599702028078880e+01
3.388441561392027346e+00;-2.458149497998140731e+01;-2.240000000000002345e+01;9.311838683861369148e+00;9.445997020280790579e+00;3.389333366384277468e+01;3.184599702028081225e+01
3.408003248003651287e+00;-2.475906378904923599e+01;-2.260000000000001563e+01;9.260305548108783924e+00;9.395997020280793421e+00;3.401936933715801814e+01;3.199599702028081083e+01
3.427677865464504592e+00;-2.493684030981146194e+01;-2.280000000000001137e+01;9.208755124397779213e+00;9.345997020280794487e+00;3.414559543420924115e+01;3.214599702028080230e+01
3.447466065731494389e+00;-2.511482303734826971e+01;-2.300000000000001066e+01;9.157187223064170212e+00;9.295997020280795553e+00;3.427201026041244347e+01;3.229599702028080799e+01
3.467368504525316641e+00;-2.529301047044019057e+01;-2.320000000000000284e+01;9.105601652482119945e+00;9.245997020280796619e+00;3.439861212292230874e+01;3.244599702028079946e+01
3.487385841352183657e+00;-2.547140111168467058e+01;-2.339999999999999858e+01;9.053998219046505369e+00;9.195997020280797685e+00;3.452539933073117595e+01;3.259599702028079804e+01
3.507518739525679496e+00;-2.564999346761073795e+01;-2.359999999999999432e+01;9.002376727155231961e+00;9.145997020280796974e+00;3.465237019476597169e+01;3.274599702028078951e+01
3.527767866188738388e+00;-2.582878604879159212e+01;-2.379999999999999005e+01;8.950736979191432852e+00;9.095997020280798040e+00;3.477952302798302497e+01;3.289599702028078809e+01
3.548133892335756823e+00;-2.600777736995525302e+01;-2.400000000000001776e+01;8.899078775505548933e+00;9.045997020280790224e+00;3.490685614546080018e+01;3.304599702028080799e+01
3.568617492834813554e+00;-2.618696595009309647e+01;-2.420000000000001705e+01;8.847401914397405420e+00;8.995997020280791290e+00;3.503436786449050544e+01;3.319599702028080657e+01
3.589219346450053472e+00;-2.636635031256663098e+01;-2.440000000000001634e+01;8.795706192098041498e+00;8.945997020280792356e+00;3.516205650466467603e+01;3.334599702028080515e+01
3.609940135864166955e+00;-2.654592898521204347e+01;-2.460000000000000853e+01;8.743991402751609243e+00;8.895997020280793421e+00;3.528992038796365449e+01;3.349599702028080372e+01
3.630780547701013994e+00;-2.672570050044279810e+01;-2.480000000000000426e+01;8.692257338397084254e+00;8.845997020280796264e+00;3.541795783883988236e+01;3.364599702028080230e+01
3.651741272548377104e+00;-2.690566339535028817e+01;-2.500000000000000000e+01;8.640503788949910557e+00;8.795997020280797329e+00;3.554616718430020228e+01;3.379599702028079378e+01
3.672823004980846129e+00;-2.708581621180245236e+01;-2.519999999999999574e+01;8.588730542183579786e+00;8.745997020280798395e+00;3.567454675398603570e+01;3.394599702028079236e+01
3.694026443582833608e+00;-2.726615749654036946e+01;-2.539999999999999503e+01;8.536937383711089566e+00;8.695997020280799461e+00;3.580309488025145725e+01;3.409599702028079093e+01
3.715352290971727811e+00;-2.744668580127294177e+01;-2.560000000000002629e+01;8.485124096966336182e+00;8.645997020280791645e+00;3.593180989823927973e+01;3.424599702028081794e+01
3.736801253821159463e+00;-2.762739968276932956e+01;-2.580000000000001847e+01;8.433290463185450392e+00;8.595997020280792711e+00;3.606069014595477995e+01;3.439599702028080941e+01
3.758374042884443433e+00;-2.780829770294984371e+01;-2.600000000000002132e+01;8.381436261387987585e+00;8.545997020280792000e+00;3.618973396433783307e+01;3.454599702028081509e+01
3.780071373018112357e+00;-2.798937842897439054e+01;-2.620000000000000639e+01;8.329561268358091297e+00;8.495997020280794843e+00;3.631893969733248184e+01;3.469599702028079946e+01
3.801893963205612792e+00;-2.817064043332918288e+01;-2.640000000000000568e+01;8.277665258625557243e+00;8.445997020280794132e+00;3.644830569195474368e+01;3.484599702028079804e+01
3.823842536581126605e+00;-2.835208229391142609e+01;-2.660000000000000497e+01;8.225748004446835182e+00;8.395997020280796974e+00;3.657783029835826483e+01;3.499599702028080372e+01
3.845917820453535363e+00;-2.853370259411200394e+01;-2.679999999999999716e+01;8.173809275785934858e+00;8.345997020280796264e+00;3.670751186989794235e+01;3.514599702028079520e+01
3.868120546330521048e+00;-2.871549992289620690e+01;-2.699999999999998934e+01;8.121848840295289307e+00;8.295997020280797329e+00;3.683734876319149976e+01;3.529599702028078667e+01
3.890451449942804896e+00;-2.889747287488251715e+01;-2.719999999999998863e+01;8.069866463296500925e+00;8.245997020280798395e+00;3.696733933817901629e+01;3.544599702028078525e+01
3.912911271268531888e+00;-2.907962005041945730e+01;-2.740000000000001990e+01;8.017861907761073326e+00;8.195997020280792356e+00;3.709748195818053063e+01;3.559599702028081225e+01
3.935500754557776482e+00;-2.926194005566035372e+01;-2.760000000000001563e+01;7.965834934291048164e+00;8.145997020280793421e+00;3.722777498995139922e+01;3.574599702028081083e+01
3.958220648357226423e+00;-2.944443150263643005e+01;-2.780000000000001137e+01;7.913785301099566460e+00;8.095997020280792711e+00;3.735821680373599918e+01;3.589599702028080230e+01
3.981071705534973137e+00;-2.962709300932775136e+01;-2.800000000000000355e+01;7.861712763991387298e+00;8.045997020280795553e+00;3.748880577331913599e+01;3.604599702028080088e+01
4.004054683305463769e+00;-2.980992319973229598e+01;-2.820000000000000639e+01;7.809617076343339015e+00;7.995997020280796619e+00;3.761954027607563233e+01;3.619599702028079946e+01
4.027170343254590890e+00;-2.999292070393320842e+01;-2.839999999999999858e+01;7.757497989084731316e+00;7.945997020280795908e+00;3.775041869301794151e+01;3.634599702028079093e+01
4.050419451364930978e+00;-3.017608415816405198e+01;-2.859999999999999432e+01;7.705355250677667023e+00;7.895997020280796974e+00;3.788143940884172167e+01;3.649599702028078951e+01
4.073802778041126338e+00;-3.035941220487223902e+01;-2.879999999999999361e+01;7.653188607097360929e+00;7.845997020280799816e+00;3.801260081196959817e+01;3.664599702028079520e+01
4.097321098135417117e+00;-3.054290349278060290e+01;-2.900000000000002132e+01;7.600997801812346744e+00;7.795997020280792889e+00;3.814390129459295053e+01;3.679599702028081509e+01
4.120975190973304336e+00;-3.072655667694696646e+01;-2.920000000000001705e+01;7.548782575764709790e+00;7.745997020280791290e+00;3.827533925271167448e+01;3.694599702028080657e+01
4.144765840379392330e+00;-3.091037041882212932e+01;-2.940000000000000568e+01;7.496542667350186484e+00;7.695997020280794132e+00;3.840691308617231670e+01;3.709599702028079804e+01
4.168693834703354639e+00;-3.109434338630580896e+01;-2.960000000000000853e+01;7.444277812398297556e+00;7.645997020280796086e+00;3.853862119870410652e+01;3.724599702028080372e+01
4.192759966846054454e+00;-3.127847425380077340e+01;-2.980000000000000426e+01;7.391987744152417328e+00;7.595997020280797152e+00;3.867046199795318984e+01;3.739599702028080230e+01
4.216965034285822256e+00;-3.146276170226527924e+01;-2.999999999999999645e+01;7.339672193249783483e+00;7.545997020280795553e+00;3.880243389551506539e+01;3.754599702028079378e+01
4.241309839104880908e+00;-3.164720441926360195e+01;-3.019999999999998863e+01;7.287330887701522819e+00;7.495997020280798395e+00;3.893453530696512388e+01;3.769599702028078525e+01
4.265795188015925277e+00;-3.183180109901490340e+01;-3.039999999999998792e+01;7.234963552872592629e+00;7.445997020280799461e+00;3.906676465188749603e+01;3.784599702028079093e+01
4.290421892388857295e+00;-3.201655044244022719e+01;-3.060000000000002274e+01;7.182569911461746948e+00;7.395997020280789869e+00;3.919912035390197502e+01;3.799599702028081083e+01
4.315190768277654243e+00;-3.220145115720772822e+01;-3.080000000000001492e+01;7.130149683481459277e+00;7.345997020280790935e+00;3.933160084068919105e+01;3.814599702028080230e+01
4.340102636447440432e+00;-3.238650195777640306e+01;-3.100000000000002132e+01;7.077702586237792026e+00;7.295997020280792000e+00;3.946420454401419420e+01;3.829599702028081509e+01
4.365158322401661017e+00;-3.257170156543782014e+01;-3.120000000000000995e+01;7.025228334310319234e+00;7.245997020280793066e+00;3.959692989974814026e+01;3.844599702028079946e+01
4.390358656409446780e+00;-3.275704870835629379e+01;-3.140000000000000213e+01;6.972726639531975579e+00;7.195997020280795908e+00;3.972977534788827114e+01;3.859599702028079804e+01
4.415704473533125451e+00;-3.294254212160736017e+01;-3.160000000000000497e+01;6.920197210968935586e+00;7.145997020280795198e+00;3.986273933257629665e+01;3.874599702028079662e+01
4.441196613655888470e+00;-3.312818054721454786e+01;-3.179999999999999716e+01;6.867639754900474180e+00;7.095997020280798040e+00;3.999582030211502115e+01;3.889599702028079520e+01
4.466835921509630047e+00;-3.331396273418462073e+01;-3.200000000000000000e+01;6.815053974798822800e+00;7.045997020280797329e+00;4.012901670898344264e+01;3.904599702028079378e+01
4.492623246702931894e+00;-3.349988743854100903e+01;-3.219999999999998863e+01;6.762439571309033504e+00;6.995997020280798395e+00;4.026232700985003987e+01;3.919599702028078525e+01
4.518559443749226467e+00;-3.368595342335580511e+01;-3.240000000000002700e+01;6.709796242228843965e+00;6.945997020280790579e+00;4.039574966558464553e+01;3.934599702028081936e+01
4.544645372095089009e+00;-3.387215945877996148e+01;-3.260000000000001563e+01;6.657123682488608196e+00;6.895997020280791645e+00;4.052928314126857146e+01;3.949599702028081083e+01
4.570881896148751622e+00;-3.405850432207220990e+01;-3.280000000000001137e+01;6.604421584131113576e+00;6.845997020280794487e+00;4.066292590620332703e+01;3.964599702028080230e+01
4.597269885308723048e+00;-3.424498679762612596e+01;-3.300000000000001421e+01;6.551689636291576413e+00;6.795997020280793777e+00;4.079667643391770326e+01;3.979599702028080799e+01
4.623810213992602947e+00;-3.443160567699580099e+01;-3.320000000000000284e+01;6.498927525177547793e+00;6.745997020280797507e+00;4.093053320217335056e+01;3.994599702028079946e+01
4.650503761666063163e+00;-3.461835975892005024e+01;-3.339999999999999858e+01;6.446134934048908249e+00;6.695997020280795908e+00;4.106449469296895671e+01;4.009599702028079093e+01
4.677351412871980862e+00;-3.480524784934490867e+01;-3.359999999999999432e+01;6.393311543197867763e+00;6.645997020280798750e+00;4.119855939254277644e+01;4.024599702028079662e+01
4.704354057259759969e+00;-3.499226876144489040e+01;-3.379999999999999005e+01;6.340457029929019939e+00;6.595997020280799816e+00;4.133272579137391034e+01;4.039599702028078809e+01
4.731512589614808029e+00;-3.517942131564268493e+01;-3.400000000000002132e+01;6.287571068539432595e+00;6.545997020280792000e+00;4.146699238418212019e+01;4.054599702028081509e+01
4.758827909888171170e+00;-3.536670433962723337e+01;-3.420000000000001705e+01;6.234653330298821849e+00;6.495997020280793066e+00;4.160135766992605255e+01;4.069599702028081367e+01
4.786300923226384896e+00;-3.555411666837079565e+01;-3.440000000000000568e+01;6.181703483429693335e+00;6.445997020280794132e+00;4.173582015180048899e+01;4.084599702028079804e+01
4.813932540001448324e+00;-3.574165714414422723e+01;-3.460000000000001563e+01;6.128721193087654839e+00;6.395997020280795198e+00;4.187037833723188385e+01;4.099599702028081083e+01
4.841723675840993835e+00;-3.592932461653103360e+01;-3.480000000000001137e+01;6.075706121341712951e+00;6.345997020280796264e+00;4.200503073787274388e+01;4.114599702028080941e+01
4.869675251658630799e+00;-3.611711794244006057e+01;-3.500000000000000000e+01;6.022657927154673629e+00;6.295997020280795553e+00;4.213977586959473598e+01;4.129599702028079378e+01
4.897788193684461611e+00;-3.630503598611682747e+01;-3.519999999999999574e+01;5.969576266363615602e+00;6.245997020280798395e+00;4.227461225248044485e+01;4.144599702028079236e+01
4.926063433495770916e+00;-3.649307761915353154e+01;-3.539999999999999147e+01;5.916460791660456131e+00;6.195997020280797685e+00;4.240953841081398679e+01;4.159599702028079093e+01
4.954501908047905800e+00;-3.668124172049778764e+01;-3.560000000000002274e+01;5.863311152572564744e+00;6.145997020280789869e+00;4.254455287307035150e+01;4.174599702028081083e+01
4.983104559705298087e+00;-3.686952717645991129e+01;-3.580000000000002558e+01;5.810126995443547493e+00;6.095997020280790935e+00;4.267965417190345789e+01;4.189599702028081651e+01
5.011872336272724660e+00;-3.705793288071931357e+01;-3.600000000000001421e+01;5.756907963414037432e+00;6.045997020280793777e+00;4.281484084413335012e+01;4.204599702028080799e+01
5.040806191026695693e+00;-3.724645773432925466e+01;-3.620000000000000995e+01;5.703653696402650297e+00;5.995997020280793066e+00;4.295011143073190851e+01;4.219599702028079946e+01
5.069907082747044491e+00;-3.743510064572058127e+01;-3.640000000000000568e+01;5.650363831087070743e+00;5.945997020280794132e+00;4.308546447680765112e+01;4.234599702028079804e+01
5.099175975748701184e+00;-3.762386053070423486e+01;-3.659999999999999432e+01;5.597038000885188325e+00;5.895997020280796974e+00;4.322089853158942674e+01;4.249599702028078951e+01
5.128613839913648498e+00;-3.781273631247258038e+01;-3.680000000000000426e+01;5.543675835936427099e+00;5.845997020280796264e+00;4.335641214840900659e+01;4.264599702028080230e+01
5.158221650723056051e+00;-3.800172692159952703e+01;-3.700000000000000000e+01;5.490276963083179140e+00;5.795997020280797329e+00;4.349200388468270262e+01;4.279599702028079378e+01
5.188000389289609160e+00;-3.819083129603956195e+01;-3.719999999999998863e+01;5.436841005852364184e+00;5.745997020280798395e+00;4.362767230189192702e+01;4.294599702028078525e+01
5.217951042390025940e+00;-3.838004838112570383e+01;-3.740000000000002700e+01;5.383367584437160680e+00;5.695997020280790579e+00;4.376341596556286362e+01;4.309599702028081936e+01
5.248074602497728058e+00;-3.856937712956613495e+01;-3.760000000000000853e+01;5.329856315678906498e+00;5.645997020280793421e+00;4.389923344524504500e+01;4.324599702028080372e+01
5.278372067815769064e+00;-3.875881650144012269e+01;-3.780000000000001137e+01;5.276306813049085775e+00;5.595997020280794487e+00;4.403512331448921202e+01;4.339599702028080230e+01
5.308844442309884393e+00;-3.894836546419256251e+01;-3.800000000000000000e+01;5.222718686631568907e+00;5.545997020280795553e+00;4.417108415082412876e+01;4.354599702028079378e+01
5.339492735741766971e+00;-3.913802299262760442e+01;-3.820000000000000995e+01;5.169091543104981312e+00;5.495997020280794843e+00;4.430711453573258751e+01;4.369599702028080657e+01
5.370317963702526676e+00;-3.932778806890126333e+01;-3.839999999999999147e+01;5.115424985725280926e+00;5.445997020280797685e+00;4.444321305462654692e+01;4.384599702028079093e+01
5.401321147646347853e+00;-3.951765968251304173e+01;-3.859999999999999432e+01;5.061718614308486686e+00;5.395997020280796974e+00;4.457937829682153108e+01;4.399599702028078951e+01
5.432503314924330695e+00;-3.970763683029650792e+01;-3.879999999999999716e+01;5.007972025213670797e+00;5.345997020280799816e+00;4.471560885551017606e+01;4.414599702028079520e+01
5.463865498818545774e+00;-3.989771851640901446e+01;-3.900000000000002842e+01;4.954184811326070914e+00;5.295997020280790224e+00;4.485190332773508715e+01;4.429599702028082220e+01
5.495408738576248453e+00;-4.008790375232027259e+01;-3.920000000000001705e+01;4.900356562040539821e+00;5.245997020280791290e+00;4.498826031436081507e+01;4.444599702028080657e+01
5.527134079444350867e+00;-4.027819155680039387e+01;-3.940000000000001990e+01;4.846486863245057286e+00;5.195997020280794132e+00;4.512467842004544849e+01;4.459599702028081225e+01
5.559042572704036900e+00;-4.046858095590661009e+01;-3.960000000000000853e+01;4.792575297304624726e+00;5.145997020280793421e+00;4.526115625321123304e+01;4.474599702028080372e+01
5.591135275705601870e+00;-4.065907098296932531e+01;-3.980000000000001137e+01;4.738621443045311743e+00;5.095997020280796264e+00;4.539769242601463617e+01;4.489599702028080941e+01
5.623413251903491172e+00;-4.084966067857728689e+01;-4.000000000000000000e+01;4.684624875738585992e+00;5.045997020280795553e+00;4.553428555431587199e+01;4.504599702028079378e+01
5.655877570891538753e+00;-4.104034909056192504e+01;-4.019999999999999574e+01;4.630585167085889964e+00;4.995997020280796619e+00;4.567093425764781500e+01;4.519599702028079236e+01
5.688529308438413423e+00;-4.123113527398079015e+01;-4.039999999999999858e+01;4.576501885203468234e+00;4.945997020280797685e+00;4.580763715918426016e+01;4.534599702028079804e+01
5.721369546523267680e+00;-4.142201829110029365e+01;-4.060000000000002274e+01;4.522374594607512677e+00;4.895997020280789869e+00;4.594439288570780633e+01;4.549599702028081083e+01
5.754399373371572146e+00;-4.161299721137748975e+01;-4.080000000000002558e+01;4.468202856199576800e+00;4.845997020280792711e+00;4.608120006757706477e+01;4.564599702028081651e+01
5.787619883491208483e+00;-4.180407111144138810e+01;-4.100000000000001421e+01;4.413986227252215677e+00;4.795997020280792889e+00;4.621805733869360466e+01;4.579599702028080799e+01
5.821032177708715949e+00;-4.199523907507318654e+01;-4.120000000000001705e+01;4.359724261395056644e+00;4.745997020280793066e+00;4.635496333646824496e+01;4.594599702028081367e+01
5.854637363205773326e+00;-4.218650019318594957e+01;-4.140000000000000568e+01;4.305416508601059178e+00;4.695997020280794132e+00;4.649191670178700520e+01;4.609599702028079804e+01
5.888436553555889574e+00;-4.237785356380358337e+01;-4.160000000000000853e+01;4.251062515173199330e+00;4.645997020280796086e+00;4.662891607897678625e+01;4.624599702028080372e+01
5.922430868761305867e+00;-4.256929829203908611e+01;-4.180000000000000426e+01;4.196661823731392182e+00;4.595997020280797152e+00;4.676596011577047562e+01;4.639599702028080230e+01
5.956621435290103683e+00;-4.276083349007201662e+01;-4.200000000000000000e+01;4.142213973199831756e+00;4.545997020280797329e+00;4.690304746327184660e+01;4.654599702028079378e+01
5.991009386113536728e+00;-4.295245827712550124e+01;-4.219999999999998153e+01;4.087718498794649769e+00;4.495997020280799283e+00;4.704017677592015190e+01;4.669599702028077814e+01
6.025595860743581333e+00;-4.314417177944248749e+01;-4.240000000000002700e+01;4.033174932011918123e+00;4.445997020280790579e+00;4.717734671145440473e+01;4.684599702028081936e+01
6.060382005270666284e+00;-4.333597313026122322e+01;-4.260000000000002274e+01;3.978582800616093706e+00;4.395997020280791645e+00;4.731455593087731870e+01;4.699599702028081083e+01
6.095368972401693952e+00;-4.352786146979055815e+01;-4.280000000000001137e+01;3.923941628628728751e+00;4.345997020280793599e+00;4.745180309841929045e+01;4.714599702028080230e+01
6.130557921498207996e+00;-4.371983594518415117e+01;-4.300000000000000000e+01;3.869250936317705225e+00;4.295997020280794665e+00;4.758908688150185640e+01;4.729599702028079378e+01
6.165950018614822170e+00;-4.391189571051447160e+01;-4.320000000000000995e+01;3.814510240186758772e+00;4.245997020280794843e+00;4.772640595070122771e+01;4.744599702028080657e+01
6.201546436537853424e+00;-4.410403992674601170e+01;-4.339999999999999147e+01;3.759719052965504016e+00;4.195997020280797685e+00;4.786375897971151261e+01;4.759599702028079093e+01
6.237348354824191254e+00;-4.429626776170813685e+01;-4.359999999999998721e+01;3.704876883599831139e+00;4.145997020280798750e+00;4.800114464530796710e+01;4.774599702028078241e+01
6.273356959840379332e+00;-4.448857839006726778e+01;-4.379999999999998295e+01;3.649983237242758527e+00;4.095997020280798040e+00;4.813856162731002541e+01;4.789599702028078099e+01
6.309573444801936049e+00;-4.468097099329865785e+01;-4.400000000000002132e+01;3.595037615245710416e+00;4.045997020280791112e+00;4.827600860854436604e+01;4.804599702028081509e+01
6.345999009812871350e+00;-4.487344475965750235e+01;-4.420000000000000995e+01;3.540039515150322558e+00;3.995997020280793066e+00;4.841348427480782846e+01;4.819599702028079946e+01
6.382634861905489565e+00;-4.506599888414996258e+01;-4.440000000000001990e+01;3.484988430680592941e+00;3.945997020280791912e+00;4.855098731483055730e+01;4.834599702028081225e+01
6.419482215080359211e+00;-4.525863256850318805e+01;-4.460000000000000853e+01;3.429883851735629374e+00;3.895997020280795198e+00;4.868851642023881965e+01;4.849599702028080372e+01
6.456542290346556356e+00;-4.545134502113537422e+01;-4.480000000000001137e+01;3.374725264382823831e+00;3.845997020280794487e+00;4.882607028551819894e+01;4.864599702028080230e+01
6.493816315762113156e+00;-4.564413545712503151e+01;-4.500000000000000000e+01;3.319512150851557486e+00;3.795997020280796441e+00;4.896364760797658988e+01;4.879599702028079378e+01
6.531305526474723067e+00;-4.583700309818009089e+01;-4.520000000000000284e+01;3.264243989527399137e+00;3.745997020280796619e+00;4.910124708770749180e+01;4.894599702028079946e+01
6.569011164762661892e+00;-4.602994717260649082e+01;-4.539999999999999858e+01;3.208920254946851180e+00;3.695997020280798573e+00;4.923886742755334467e+01;4.909599702028079804e+01
6.606934480075964622e+00;-4.622296691527637336e+01;-4.560000000000002274e+01;3.153540417792593864e+00;3.645997020280789869e+00;4.937650733306896456e+01;4.924599702028081083e+01
6.645076729077798561e+00;-4.641606156759582547e+01;-4.580000000000001847e+01;3.098103944889369465e+00;3.595997020280791823e+00;4.951416551248519227e+01;4.939599702028080941e+01
6.683439175686149092e+00;-4.660923037747259912e+01;-4.600000000000002132e+01;3.042610299200280810e+00;3.545997020280792889e+00;4.965184067667288303e+01;4.954599702028081509e+01
6.722023091115669757e+00;-4.680247259928301418e+01;-4.620000000000000995e+01;2.987058939823800774e+00;3.495997020280793066e+00;4.978953153910681806e+01;4.969599702028079946e+01
6.760829753919819218e+00;-4.699578749383890397e+01;-4.640000000000000568e+01;2.931449321991286272e+00;3.445997020280795020e+00;4.992723681583019157e+01;4.984599702028079804e+01
6.799860450033223813e+00;-4.718917432835400660e+01;-4.659999999999999432e+01;2.875780897065131736e+00;3.395997020280795198e+00;5.006495522541914056e+01;4.999599702028078951e+01
6.839116472814292358e+00;-4.738263237641020709e+01;-4.679999999999999716e+01;2.820053112537489248e+00;3.345997020280798040e+00;5.020268548894769367e+01;5.014599702028079520e+01
6.878599123088074307e+00;-4.757616091792336732e+01;-4.699999999999999289e+01;2.764265412029641045e+00;3.295997020280798662e+00;5.034042632995301148e+01;5.029599702028079378e+01
6.918309709189362167e+00;-4.776975923910899269e+01;-4.719999999999998863e+01;2.708417235292008840e+00;3.245997020280799727e+00;5.047817647440100330e+01;5.044599702028078525e+01
6.958249547006056801e+00;-4.796342663244754334e+01;-4.740000000000002700e+01;2.652508018204753792e+00;3.195997020280791467e+00;5.061593465065229935e+01;5.059599702028081936e+01
6.998419960022737918e+00;-4.815716239664940446e+01;-4.760000000000001563e+01;2.596537192779142966e+00;3.145997020280791645e+00;5.075369958942854964e+01;5.074599702028081083e+01
7.038822279364571166e+00;-4.835096583661994174e+01;-4.780000000000001137e+01;2.540504187159429605e+00;3.095997020280792267e+00;5.089147002377936957e+01;5.089599702028080230e+01
7.079457843841380438e+00;-4.854483626342393876e+01;-4.800000000000000711e+01;2.484408425625553196e+00;3.045997020280794665e+00;5.102924468904949151e+01;5.104599702028080088e+01
7.120327999992025703e+00;-4.873877299425006981e+01;-4.820000000000000284e+01;2.428249328596466139e+00;2.995997020280795731e+00;5.116702232284653462e+01;5.119599702028079946e+01
7.161434102129019763e+00;-4.893277535237500331e+01;-4.839999999999999858e+01;2.372026312634169187e+00;2.945997020280796796e+00;5.130480166500917250e+01;5.134599702028079804e+01
7.202777512383407021e+00;-4.912684266712746251e+01;-4.859999999999999432e+01;2.315738790448486739e+00;2.895997020280796974e+00;5.144258145757594747e+01;5.149599702028078951e+01
7.244359600749898931e+00;-4.932097427385200206e+01;-4.879999999999999716e+01;2.259386170902544677e+00;2.845997020280798040e+00;5.158036044475454673e+01;5.164599702028079520e+01
7.286181745132281229e+00;-4.951516951387260690e+01;-4.900000000000002132e+01;2.202967859019000052e+00;2.795997020280791112e+00;5.171813737289160429e+01;5.179599702028081509e+01
7.328245331389044104e+00;-4.970942773445609930e+01;-4.920000000000001705e+01;2.146483255987059913e+00;2.745997020280792622e+00;5.185591099044315655e+01;5.194599702028080657e+01
7.370551753379346316e+00;-4.990374828877560276e+01;-4.940000000000001279e+01;2.089931759170186254e+00;2.695997020280793688e+00;5.199368004794578724e+01;5.209599702028080515e+01
7.413102413009177383e+00;-5.009813053587359377e+01;-4.960000000000001563e+01;2.033312762114651395e+00;2.645997020280793421e+00;5.213144329798824828e+01;5.224599702028081083e+01
7.455898720277815528e+00;-5.029257384062492520e+01;-4.980000000000000426e+01;1.976625654558854972e+00;2.595997020280796264e+00;5.226919949518377706e+01;5.239599702028080230e+01
7.498942093324558300e+00;-5.048707757369978566e+01;-5.000000000000000000e+01;1.919869822443442509e+00;2.545997020280795553e+00;5.240694739614323083e+01;5.254599702028079378e+01
7.542233958475707212e+00;-5.068164111152646711e+01;-5.020000000000000284e+01;1.863044647922250885e+00;2.495997020280796619e+00;5.254468575944871844e+01;5.269599702028079946e+01
7.585775750291835706e+00;-5.087626383625404713e+01;-5.039999999999999147e+01;1.806149509374045392e+00;2.445997020280799461e+00;5.268241334562809186e+01;5.284599702028079093e+01
7.629568911615336013e+00;-5.107094513571504990e+01;-5.060000000000002274e+01;1.749183781415137862e+00;2.395997020280790757e+00;5.282012891713019087e+01;5.299599702028081083e+01
7.673614893618193378e+00;-5.126568440338780874e+01;-5.080000000000001137e+01;1.692146834912847897e+00;2.345997020280792267e+00;5.295783123830065620e+01;5.314599702028080230e+01
7.717915155850127107e+00;-5.146048103835909870e+01;-5.100000000000001421e+01;1.635038036999763023e+00;2.295997020280793333e+00;5.309551907535886528e+01;5.329599702028080799e+01
7.762471166286919910e+00;-5.165533444528638540e+01;-5.120000000000000995e+01;1.577856751088953846e+00;2.245997020280793066e+00;5.323319119637533703e+01;5.344599702028079946e+01
7.807284401379069649e+00;-5.185024403436014495e+01;-5.140000000000000568e+01;1.520602336890027884e+00;2.195997020280794132e+00;5.337084637125017395e+01;5.359599702028079804e+01
7.852356346100718198e+00;-5.204520922126617677e+01;-5.160000000000000853e+01;1.463274150426084663e+00;2.145997020280795198e+00;5.350848337169226454e+01;5.374599702028080372e+01
7.897688493998855641e+00;-5.224022942714775297e+01;-5.179999999999999716e+01;1.405871544051573663e+00;2.095997020280796264e+00;5.364610097119932419e+01;5.389599702028079520e+01
7.943282347242813124e+00;-5.243530407856786724e+01;-5.199999999999999289e+01;1.348393866471086611e+00;2.045997020280798662e+00;5.378369794503895207e+01;5.404599702028079378e+01
7.989139416674048810e+00;-5.263043260747139129e+01;-5.220000000000001705e+01;1.290840462759027751e+00;1.995997020280789513e+00;5.392127307023041993e+01;5.419599702028080657e+01
8.035261221856176306e+00;-5.282561445114709642e+01;-5.240000000000001990e+01;1.233210674380323724e+00;1.945997020280791689e+00;5.405882512552742014e+01;5.434599702028081225e+01
8.081649291125376777e+00;-5.302084905218998756e+01;-5.260000000000002274e+01;1.175503839211938129e+00;1.895997020280791201e+00;5.419635289140192924e+01;5.449599702028081083e+01
8.128305161640994925e+00;-5.321613585846329642e+01;-5.280000000000001137e+01;1.117719291565466788e+00;1.845997020280794043e+00;5.433385515002876076e+01;5.464599702028080230e+01
8.175230379436500883e+00;-5.341147432306064502e+01;-5.300000000000000000e+01;1.059856362210639391e+00;1.795997020280795997e+00;5.447133068527128330e+01;5.479599702028079378e+01
8.222426499470712358e+00;-5.360686390426818093e+01;-5.320000000000000995e+01;1.001914378399821670e+00;1.745997020280795287e+00;5.460877828266800549e+01;5.494599702028080657e+01
8.269895085679317859e+00;-5.380230406552676214e+01;-5.339999999999999858e+01;9.438926638935017932e-01;1.695997020280796352e+00;5.474619672942026227e+01;5.509599702028079804e+01
8.317637711026709013e+00;-5.399779427539411358e+01;-5.359999999999998721e+01;8.857905389867665180e-01;1.645997020280797196e+00;5.488358481438088177e+01;5.524599702028078241e+01
8.365655957558098876e+00;-5.419333400750707597e+01;-5.379999999999998295e+01;8.276073205367816543e-01;1.595997020280798040e+00;5.502094132804386106e+01;5.539599702028078099e+01
8.413951416451956433e+00;-5.438892274054387599e+01;-5.400000000000002132e+01;7.693423219912982614e-01;1.545997020280791334e+00;5.515826506253517181e+01;5.554599702028081509e+01
8.462525688072696894e+00;-5.458455995818628281e+01;-5.420000000000000995e+01;7.109948534182164437e-01;1.495997020280791512e+00;5.529555481160449659e+01;5.569599702028079946e+01
8.511380382023768121e+00;-5.478024514908220510e+01;-5.440000000000001990e+01;6.525642215360784038e-01;1.445997020280793244e+00;5.543280937061828695e+01;5.584599702028081225e+01
8.560517117200948434e+00;-5.497597780680787594e+01;-5.460000000000000853e+01;5.940497297457054682e-01;1.395997020280794310e+00;5.557002753655358163e+01;5.599599702028080372e+01
8.609937521846006803e+00;-5.517175742983043563e+01;-5.479999999999999716e+01;5.354506781628439738e-01;1.345997020280795375e+00;5.570720810799328149e+01;5.614599702028079520e+01
8.659643233600654355e+00;-5.536758352147046480e+01;-5.500000000000000000e+01;4.767663636518698067e-01;1.295997020280795109e+00;5.584434988512233389e+01;5.629599702028079378e+01
8.709635899560804972e+00;-5.556345558986447486e+01;-5.519999999999999574e+01;4.179960798605472094e-01;1.245997020280798173e+00;5.598145166972502551e+01;5.644599702028079236e+01
8.759917176331169841e+00;-5.575937314792777499e+01;-5.539999999999999858e+01;3.591391172558550671e-01;1.195997020280797685e+00;5.611851226518363234e+01;5.659599702028079804e+01
8.810488730080146880e+00;-5.595533571331709766e+01;-5.560000000000002274e+01;3.001947631609114819e-01;1.145997020280789647e+00;5.625553047647800753e+01;5.674599702028081083e+01
8.861352236595003262e+00;-5.615134280839343717e+01;-5.580000000000002558e+01;2.411623017929913348e-01;1.095997020280790490e+00;5.639250511018642698e+01;5.689599702028081651e+01
8.912509381337459402e+00;-5.634739396018516544e+01;-5.600000000000002132e+01;1.820410143025392724e-01;1.045997020280793111e+00;5.652943497448770671e+01;5.704599702028081509e+01
8.963961859499502083e+00;-5.654348870035092034e+01;-5.620000000000000995e+01;1.228301788134133349e-01;9.959970202807937323e-01;5.666631887916433641e+01;5.719599702028080657e+01
9.015711376059570625e+00;-5.673962656514281377e+01;-5.640000000000000568e+01;6.352907046410863345e-02;9.459970202807945761e-01;5.680315563560692027e+01;5.734599702028079804e+01
9.067759645839048588e+00;-5.693580709536969664e+01;-5.659999999999998721e+01;4.136961450167244390e-03;8.959970202807974182e-01;5.693994405681986137e+01;5.749599702028078241e+01
9.120108393559096527e+00;-5.713202983636048060e+01;-5.679999999999999716e+01;-5.534687893237111300e-02;8.459970202807962636e-01;5.707668295742811182e+01;5.764599702028079520e+01
9.172759353897793844e+00;-5.732829433792767304e+01;-5.700000000000000000e+01;-1.149231842423555777e-01;7.959970202807979955e-01;5.721337115368531556e+01;5.779599702028080088e+01
9.225714271547637679e+00;-5.752460015433100438e+01;-5.720000000000000995e+01;-1.745926908478318551e-01;7.459970202807907347e-01;5.735000746348317335e+01;5.794599702028079946e+01
9.278974901273317144e+00;-5.772094684424097011e+01;-5.740000000000001990e+01;-2.343561378791943206e-01;6.959970202807908013e-01;5.748659070636177404e+01;5.809599702028081225e+01
9.332543007969913873e+00;-5.791733397070294131e+01;-5.760000000000001563e+01;-2.942142671812901789e-01;6.459970202807929773e-01;5.762311970352165247e+01;5.824599702028081083e+01
9.386420366721354824e+00;-5.811376110110099802e+01;-5.780000000000001137e+01;-3.541678232643327151e-01;5.959970202807933770e-01;5.775959327783666453e+01;5.839599702028080230e+01
9.440608762859236336e+00;-5.831022780712207521e+01;-5.800000000000001421e+01;-4.142175532537166749e-01;5.459970202807936657e-01;5.789601025386836142e+01;5.854599702028080799e+01
9.495109992021983913e+00;-5.850673366472022252e+01;-5.820000000000000995e+01;-4.743642068387221578e-01;4.959970202807948425e-01;5.803236945788150081e+01;5.869599702028080657e+01
9.549925860214358408e+00;-5.870327825408097056e+01;-5.839999999999999858e+01;-5.346085362200820867e-01;4.459970202807964634e-01;5.816866971786088669e+01;5.884599702028079804e+01
9.605058183867305033e+00;-5.889986115958596713e+01;-5.859999999999999432e+01;-5.949512960564431463e-01;3.959970202807972517e-01;5.830490986352952376e+01;5.899599702028078951e+01
9.660508789898130999e+00;-5.909648196977757095e+01;-5.879999999999999716e+01;-6.553932434096786386e-01;3.459970202807996498e-01;5.844108872636789442e+01;5.914599702028079520e+01
9.716279515771066855e+00;-5.929314027732375791e+01;-5.900000000000002132e+01;-7.159351376891177621e-01;2.959970202807925554e-01;5.857720513963464271e+01;5.929599702028081509e+01
9.772372209558112033e+00;-5.948983567898302738e+01;-5.920000000000001705e+01;-7.765777405945971656e-01;2.459970202807924000e-01;5.871325793838843055e+01;5.944599702028080657e+01
9.828788730000324492e+00;-5.968656777556964954e+01;-5.939999999999999858e+01;-8.373218160584833258e-01;1.959970202807945205e-01;5.884924595951116544e+01;5.959599702028079093e+01
9.885530946569391020e+00;-5.988333617191897673e+01;-5.960000000000000853e+01;-8.981681301865140910e-01;1.459970202807935324e-01;5.898516804173246442e+01;5.974599702028080372e+01
9.942600739529567022e+00;-6.008014047685283288e+01;-5.979999999999999716e+01;-9.591174511975379957e-01;9.599702028079590277e-02;5.912102302565529754e+01;5.989599702028079520e+01
1.000000000000000000e+01;-6.027698030314525823e+01;-6.000000000000000000e+01;-1.020170549362189760e+00;4.599702028079703797e-02;5.925680975378306670e+01;6.004599702028079378e+01
1.005773063001739231e+01;-6.047385526748825413e+01;-6.020000000000003126e+01;-1.081328196940422703e+00;-4.002979719212510987e-03;5.939252707054782832e+01;6.019599702028082078e+01
1.011579454259898192e+01;-6.067076499045762006e+01;-6.039999999999999147e+01;-1.142591168117927491e+00;-5.400297971920050427e-02;5.952817382233969568e+01;6.034599702028079093e+01
1.017419366180605600e+01;-6.086770909647952976e+01;-6.060000000000002274e+01;-1.203960238941615968e+00;-1.040029797192101174e-01;5.966374885753791091e+01;6.049599702028081083e+01
1.023292992280753566e+01;-6.106468721379621911e+01;-6.079999999999997584e+01;-1.265436187253746736e+00;-1.540029797191990457e-01;5.979925102654247127e+01;6.064599702028077388e+01
1.029200527194428538e+01;-6.126169897443318035e+01;-6.100000000000001421e+01;-1.327019792625304451e+00;-2.040029797192063898e-01;5.993467918180787279e+01;6.079599702028080799e+01
1.035142166679343134e+01;-6.145874401416513422e+01;-6.119999999999997442e+01;-1.388711836287983781e+00;-2.540029797191974970e-01;6.007003217787715244e+01;6.094599702028077814e+01
1.041118107623339739e+01;-6.165582197248354390e+01;-6.140000000000000568e+01;-1.450513101065443733e+00;-3.040029797192060901e-01;6.020530887141809728e+01;6.109599702028079804e+01
1.047128548050900676e+01;-6.185293249256310588e+01;-6.160000000000004405e+01;-1.512424371303228821e+00;-3.540029797192131289e-01;6.034050812125988017e+01;6.124599702028083215e+01
1.053173687129715930e+01;-6.205007522122918573e+01;-6.179999999999999716e+01;-1.574446432797810269e+00;-4.040029797192026817e-01;6.047562878843137213e+01;6.139599702028079520e+01
1.059253725177289773e+01;-6.224724980892546000e+01;-6.200000000000002842e+01;-1.636580072724672874e+00;-4.540029797192109973e-01;6.061066973620079068e+01;6.154599702028081509e+01
1.065368863667563026e+01;-6.244445590968095416e+01;-6.219999999999998863e+01;-1.698826079565107561e+00;-5.040029797192013827e-01;6.074562983011584549e+01;6.169599702028078525e+01
1.071519305237607078e+01;-6.264169318107842344e+01;-6.240000000000001990e+01;-1.761185243032371339e+00;-5.540029797192085326e-01;6.088050793804605121e+01;6.184599702028081225e+01
1.077705253694321286e+01;-6.283896128422172467e+01;-6.259999999999998010e+01;-1.823658353996503445e+00;-6.040029797191982519e-01;6.101530293022521789e+01;6.199599702028078241e+01
1.083926914021203913e+01;-6.303625988370457378e+01;-6.280000000000001137e+01;-1.886246204408504878e+00;-6.540029797192070671e-01;6.115001367929606602e+01;6.214599702028080230e+01
1.090184492385126802e+01;-6.323358864757827291e+01;-6.299999999999997158e+01;-1.948949587223215429e+00;-7.040029797191973415e-01;6.128463906035505460e+01;6.229599702028077246e+01
1.096478196143185180e+01;-6.343094724732082312e+01;-6.320000000000000995e+01;-2.011769296321615386e+00;-7.540029797192054906e-01;6.141917795099920596e+01;6.244599702028080657e+01
1.102808233849552977e+01;-6.362833535780520577e+01;-6.340000000000003411e+01;-2.074706126431832942e+00;-8.040029797192116412e-01;6.155362923137337106e+01;6.259599702028081936e+01
1.109174815262400848e+01;-6.382575265726845259e+01;-6.359999999999998721e+01;-2.137760873049515453e+00;-8.540029797192019156e-01;6.168799178421893714e+01;6.274599702028078241e+01
1.115578151350853098e+01;-6.402319882728102129e+01;-6.380000000000002558e+01;-2.200934332357245893e+00;-9.040029797192101757e-01;6.182226449492377185e+01;6.289599702028081651e+01
1.122018454301962898e+01;-6.422067355271560984e+01;-6.399999999999998579e+01;-2.264227301142917703e+00;-9.540029797191994509e-01;6.195644625157269303e+01;6.304599702028078667e+01
1.128495937527762116e+01;-6.441817652171719999e+01;-6.420000000000001705e+01;-2.327640576717568965e+00;-1.004002979719207600e+00;6.209053594499962969e+01;6.319599702028080657e+01
1.135010815672314344e+01;-6.461570742567229786e+01;-6.439999999999997726e+01;-2.391174956832019749e+00;-1.054002979719198541e+00;6.222453246884028033e+01;6.334599702028077672e+01
1.141563304618845898e+01;-6.481326595917924749e+01;-6.460000000000000853e+01;-2.454831239593047165e+00;-1.104002979719205690e+00;6.235843471958619944e+01;6.349599702028080372e+01
1.148153621496884114e+01;-6.501085182001801854e+01;-6.480000000000003979e+01;-2.518610223378473734e+00;-1.154002979719214395e+00;6.249224159663954481e+01;6.364599702028082362e+01
1.154781984689458163e+01;-6.520846470912060511e+01;-6.500000000000000000e+01;-2.582512706751650455e+00;-1.204002979719203115e+00;6.262595200236895465e+01;6.379599702028079378e+01
1.161448613840343747e+01;-6.540610433054182238e+01;-6.520000000000003126e+01;-2.646539488375250215e+00;-1.254002979719211375e+00;6.275956484216656861e+01;6.394599702028082078e+01
1.168153729861324308e+01;-6.560377039142944966e+01;-6.539999999999999147e+01;-2.710691366924074863e+00;-1.304002979719201205e+00;6.289307902450537568e+01;6.409599702028079093e+01
1.174897554939530231e+01;-6.580146260199575181e+01;-6.560000000000002274e+01;-2.774969140997514128e+00;-1.354002979719208799e+00;6.302649346099823902e+01;6.424599702028081083e+01
1.181680312544783007e+01;-6.599918067548804856e+01;-6.579999999999998295e+01;-2.839373609030983570e+00;-1.404002979719198629e+00;6.315980706645706277e+01;6.439599702028078809e+01
1.188502227437018988e+01;-6.619692432816057703e+01;-6.600000000000001421e+01;-2.903905569207060111e+00;-1.454002979719207556e+00;6.329301875895351515e+01;6.454599702028080799e+01
1.195363525673717753e+01;-6.639469327924533104e+01;-6.619999999999997442e+01;-2.968565819365649894e+00;-1.504002979719197830e+00;6.342612745987968026e+01;6.469599702028077104e+01
1.202264434617413080e+01;-6.659248725092454890e+01;-6.640000000000000568e+01;-3.033355156913912776e+00;-1.554002979719204980e+00;6.355913209401063568e+01;6.484599702028080515e+01
1.209205182943209778e+01;-6.679030596830200750e+01;-6.660000000000003695e+01;-3.098274378735302204e+00;-1.604002979719212796e+00;6.369203158956670308e+01;6.499599702028082504e+01
1.216186000646367837e+01;-6.698814915937532533e+01;-6.679999999999999716e+01;-3.163324281098271573e+00;-1.654002979719202848e+00;6.382482487827705597e+01;6.514599702028078809e+01
1.223207119049932601e+01;-6.718601655500863501e+01;-6.700000000000002842e+01;-3.228505659564519625e+00;-1.704002979719210664e+00;6.395751089544411627e+01;6.529599702028082220e+01
1.230268770812381085e+01;-6.738390788890448846e+01;-6.719999999999998863e+01;-3.293819308896470677e+00;-1.754002979719200717e+00;6.409008858000801467e+01;6.544599702028078525e+01
1.237371189935353222e+01;-6.758182289757722572e+01;-6.740000000000001990e+01;-3.359266022964721543e+00;-1.804002979719209421e+00;6.422255687461250773e+01;6.559599702028080515e+01
1.244514611771384338e+01;-6.777976132032530643e+01;-6.759999999999998010e+01;-3.424846594654662013e+00;-1.854002979719198363e+00;6.435491472567063909e+01;6.574599702028078241e+01
1.251699273031725568e+01;-6.797772289920501976e+01;-6.780000000000001137e+01;-3.490561815773122412e+00;-1.904002979719207289e+00;6.448716108343190001e+01;6.589599702028080230e+01
1.258925411794166216e+01;-6.817570737900328481e+01;-6.799999999999998579e+01;-3.556412476954266655e+00;-1.954002979719196231e+00;6.461929490204902038e+01;6.604599702028079378e+01
1.266193267510944231e+01;-6.837371450721170163e+01;-6.820000000000000284e+01;-3.622399367565580786e+00;-2.004002979719204269e+00;6.475131513964612395e+01;6.619599702028079946e+01
1.273503081016662897e+01;-6.857174403399984897e+01;-6.840000000000003411e+01;-3.688523275613222463e+00;-2.054002979719212529e+00;6.488322075838662784e+01;6.634599702028081936e+01
1.280855094536278393e+01;-6.876979571218940634e+01;-6.859999999999999432e+01;-3.754784987647362904e+00;-2.104002979719201694e+00;6.501501072454203722e+01;6.649599702028079662e+01
1.288249551693134975e+01;-6.896786929722850346e+01;-6.880000000000003979e+01;-3.821185288667319213e+00;-2.154002979719210842e+00;6.514668400856118069e+01;6.664599702028083072e+01
1.295686697517018970e+01;-6.916596454716560061e+01;-6.899999999999998579e+01;-3.887724962026290587e+00;-2.204002979719200450e+00;6.527823958513930336e+01;6.679599702028077957e+01
1.303166778452300001e+01;-6.936408122262460552e+01;-6.920000000000001705e+01;-3.954404789336318782e+00;-2.254002979719208266e+00;6.540967643328828274e+01;6.694599702028081367e+01
1.310690042366075936e+01;-6.956221908677900956e+01;-6.939999999999997726e+01;-4.021225550372761859e+00;-2.304002979719198319e+00;6.554099353640624770e+01;6.709599702028077672e+01
1.318256738556407370e+01;-6.976037790532738825e+01;-6.960000000000000853e+01;-4.088188022979101888e+00;-2.354002979719204802e+00;6.567218988234829169e+01;6.724599702028081083e+01
1.325867117760560809e+01;-6.995855744646814856e+01;-6.980000000000003979e+01;-4.155292982971381832e+00;-2.404002979719214395e+00;6.580326446349675962e+01;6.739599702028083072e+01
1.333521432163323972e+01;-7.015675748087495833e+01;-7.000000000000000000e+01;-4.222541204042883578e+00;-2.454002979719204003e+00;6.593421627683207475e+01;6.754599702028079378e+01
1.341219935405372254e+01;-7.035497778167260208e+01;-7.020000000000003126e+01;-4.289933457668894334e+00;-2.504002979719211375e+00;6.606504432400370774e+01;6.769599702028081367e+01
1.348962882591653312e+01;-7.055321812441215457e+01;-7.039999999999999147e+01;-4.357470513011305613e+00;-2.554002979719202315e+00;6.619574761140084718e+01;6.784599702028079093e+01
1.356750530299862589e+01;-7.075147828704751873e+01;-7.060000000000002274e+01;-4.425153136823734457e+00;-2.604002979719210131e+00;6.632632515022378072e+01;6.799599702028081083e+01
1.364583136588923828e+01;-7.094975804991094037e+01;-7.079999999999998295e+01;-4.492982093356429729e+00;-2.654002979719198851e+00;6.645677595655450887e+01;6.814599702028078809e+01
1.372460961007562474e+01;-7.114805719569000075e+01;-7.100000000000001421e+01;-4.560958144261796576e+00;-2.704002979719207111e+00;6.658709905142819707e+01;6.829599702028080799e+01
1.380384264602883881e+01;-7.134637550940348660e+01;-7.119999999999997442e+01;-4.629082048499791213e+00;-2.754002979719198496e+00;6.671729346090369006e+01;6.844599702028077104e+01
1.388353309929045665e+01;-7.154471277837869536e+01;-7.140000000000000568e+01;-4.697354562243996945e+00;-2.804002979719205868e+00;6.684735821613469398e+01;6.859599702028080515e+01
1.396368361055939111e+01;-7.174306879222785938e+01;-7.160000000000005116e+01;-4.765776438787730385e+00;-2.854002979719213684e+00;6.697729235344013432e+01;6.874599702028083925e+01
1.404429683577947330e+01;-7.194144334282543696e+01;-7.179999999999999716e+01;-4.834348428450725876e+00;-2.904002979719202404e+00;6.710709491437471286e+01;6.889599702028078809e+01
1.412537544622755448e+01;-7.213983622428570186e+01;-7.200000000000002842e+01;-4.903071278486280882e+00;-2.954002979719210220e+00;6.723676494579942187e+01;6.904599702028082220e+01
1.420692212860181591e+01;-7.233824723293960801e+01;-7.219999999999998863e+01;-4.971945732988640287e+00;-3.004002979719200273e+00;6.736630149995096417e+01;6.919599702028078525e+01
1.428893958511103612e+01;-7.253667616731313217e+01;-7.240000000000001990e+01;-5.040972532801252015e+00;-3.054002979719208088e+00;6.749570363451188371e+01;6.934599702028080515e+01
1.437143053356389721e+01;-7.273512282810455076e+01;-7.259999999999998010e+01;-5.110152415425193162e+00;-3.104002979719198141e+00;6.762497041267936027e+01;6.949599702028078241e+01
1.445439770745928065e+01;-7.293358701816308098e+01;-7.280000000000001137e+01;-5.179486114928606000e+00;-3.154002979719207733e+00;6.775410090323447321e+01;6.964599702028080230e+01
1.453784385607660568e+01;-7.313206854246647026e+01;-7.299999999999997158e+01;-5.248974361856380888e+00;-3.204002979719196453e+00;6.788309418061008671e+01;6.979599702028077957e+01
1.462177174456718376e+01;-7.333056720810013474e+01;-7.320000000000001705e+01;-5.318617883140924540e+00;-3.254002979719205157e+00;6.801194932495920398e+01;6.994599702028081367e+01
1.470618415404561929e+01;-7.352908282423517505e+01;-7.340000000000003411e+01;-5.388417402013301327e+00;-3.304002979719212085e+00;6.814066542222187195e+01;7.009599702028081936e+01
1.479108388168207178e+01;-7.372761520210745800e+01;-7.359999999999999432e+01;-5.458373637915377330e+00;-3.354002979719203026e+00;6.826924156419208600e+01;7.024599702028079662e+01
1.487647374079503138e+01;-7.392616415499678340e+01;-7.380000000000003979e+01;-5.528487306412838365e+00;-3.404002979719210842e+00;6.839767684858394148e+01;7.039599702028083072e+01
1.496235656094432720e+01;-7.412472949820558199e+01;-7.399999999999998579e+01;-5.598759119108761340e+00;-3.454002979719199118e+00;6.852597037909681887e+01;7.054599702028079378e+01
1.504873518802514454e+01;-7.432331104903882135e+01;-7.420000000000001705e+01;-5.669189783558504558e+00;-3.504002979719207378e+00;6.865412126548031324e+01;7.069599702028081367e+01
1.513561248436207229e+01;-7.452190862678301642e+01;-7.439999999999997726e+01;-5.739780003185149582e+00;-3.554002979719197874e+00;6.878212862359787039e+01;7.084599702028077672e+01
1.522299132880420380e+01;-7.472052205268644798e+01;-7.460000000000002274e+01;-5.810530477196326871e+00;-3.604002979719205690e+00;6.890999157549012466e+01;7.099599702028081083e+01
1.531087461682031936e+01;-7.491915114993868485e+01;-7.480000000000003979e+01;-5.881441900501696907e+00;-3.654002979719213506e+00;6.903770924943698617e+01;7.114599702028083072e+01
1.539926526059491962e+01;-7.511779574365071710e+01;-7.500000000000000000e+01;-5.952514963631779565e+00;-3.704002979719203559e+00;6.916528078001893221e+01;7.129599702028079378e+01
1.548816618912482745e+01;-7.531645566083558663e+01;-7.520000000000004547e+01;-6.023750352657887497e+00;-3.754002979719212263e+00;6.929270530817770180e+01;7.144599702028082788e+01
1.557758034831601890e+01;-7.551513073038822199e+01;-7.539999999999999147e+01;-6.095148749112967224e+00;-3.804002979719202315e+00;6.941998198127525654e+01;7.159599702028079093e+01
1.566751070108150046e+01;-7.571382078306665164e+01;-7.560000000000002274e+01;-6.166710829914046066e+00;-3.854002979719209243e+00;6.954710995315259936e+01;7.174599702028081083e+01
1.575796022743923430e+01;-7.591252565147222242e+01;-7.579999999999998295e+01;-6.238437267285487309e+00;-3.904002979719198851e+00;6.967408838418673156e+01;7.189599702028078809e+01
1.584893192461114175e+01;-7.611124517003116807e+01;-7.600000000000002842e+01;-6.310328728683946231e+00;-3.954002979719207111e+00;6.980091644134722628e+01;7.204599702028082220e+01
1.594042880712216359e+01;-7.630997917497506933e+01;-7.619999999999997442e+01;-6.382385876724249840e+00;-4.004002979719197164e+00;6.992759329825082659e+01;7.219599702028077104e+01
1.603245390690041816e+01;-7.650872750432282032e+01;-7.640000000000001990e+01;-6.454609369107044969e+00;-4.054002979719205868e+00;7.005411813521577358e+01;7.234599702028081936e+01
1.612501027337743409e+01;-7.670748999786164291e+01;-7.660000000000005116e+01;-6.526999858547454458e+00;-4.104002979719212796e+00;7.018049013931418756e+01;7.249599702028083925e+01
1.621810097358929781e+01;-7.690626649712879725e+01;-7.679999999999999716e+01;-6.599557992705421761e+00;-4.154002979719202848e+00;7.030670850442336928e+01;7.264599702028078809e+01
1.631172909227839796e+01;-7.710505684539378990e+01;-7.700000000000004263e+01;-6.672284414117569895e+00;-4.204002979719210664e+00;7.043277243127622000e+01;7.279599702028083641e+01
1.640589773199538826e+01;-7.730386088763972907e+01;-7.719999999999998863e+01;-6.745179760130270985e+00;-4.254002979719200717e+00;7.055868112750945897e+01;7.294599702028078525e+01
1.650061001320228726e+01;-7.750267847054607273e+01;-7.740000000000003411e+01;-6.818244662834676006e+00;-4.304002979719209421e+00;7.068443380771140028e+01;7.309599702028081936e+01
1.659586907437559589e+01;-7.770150944247045288e+01;-7.759999999999996589e+01;-6.891479749002902722e+00;-4.354002979719197697e+00;7.081002969346755549e+01;7.324599702028076820e+01
1.669167807211058019e+01;-7.790035365343163676e+01;-7.780000000000001137e+01;-6.964885640026270863e+00;-4.404002979719205513e+00;7.093546801340536945e+01;7.339599702028080230e+01
1.678804018122558972e+01;-7.809921095509164957e+01;-7.799999999999998579e+01;-7.038462951854768335e+00;-4.454002979719196453e+00;7.106074800323688123e+01;7.354599702028079378e+01
1.688495859486753403e+01;-7.829808120073911937e+01;-7.819999999999998863e+01;-7.112212294938586865e+00;-4.504002979719204269e+00;7.118586890580053250e+01;7.369599702028078525e+01
1.698243652461745867e+01;-7.849696424527179772e+01;-7.840000000000003411e+01;-7.186134274171037006e+00;-4.554002979719211197e+00;7.131082997110075894e+01;7.384599702028081936e+01
1.708047720059707686e+01;-7.869585994517984773e+01;-7.859999999999999432e+01;-7.260229488833433997e+00;-4.604002979719201250e+00;7.143563045634641639e+01;7.399599702028079662e+01
1.717908387157589445e+01;-7.889476815852940206e+01;-7.880000000000003979e+01;-7.334498532541767979e+00;-4.654002979719210842e+00;7.156026962598762964e+01;7.414599702028083072e+01
1.727825980507862624e+01;-7.909368874494543888e+01;-7.899999999999998579e+01;-7.408941993194899212e+00;-4.704002979719199118e+00;7.168474675175053790e+01;7.429599702028079378e+01
1.737800828749376336e+01;-7.929262156559603625e+01;-7.920000000000003126e+01;-7.483560452925038575e+00;-4.754002979719206934e+00;7.180906111267100300e+01;7.444599702028082788e+01
1.747833262418217259e+01;-7.949156648317553220e+01;-7.939999999999997726e+01;-7.558354488049573661e+00;-4.804002979719196986e+00;7.193321199512595854e+01;7.459599702028077672e+01
1.757923613958693210e+01;-7.969052336188897812e+01;-7.960000000000002274e+01;-7.633324669025297382e+00;-4.854002979719206579e+00;7.205719869286367896e+01;7.474599702028081083e+01
1.768072217734321683e+01;-7.988949206743575360e+01;-7.980000000000005400e+01;-7.708471560404071887e+00;-4.904002979719214395e+00;7.218102050703167549e+01;7.489599702028084494e+01
1.778279410038922848e+01;-8.008847246699396294e+01;-8.000000000000000000e+01;-7.783795720790738670e+00;-4.954002979719204447e+00;7.230467674620322782e+01;7.504599702028079378e+01
1.788545529107772936e+01;-8.028746442920507320e+01;-8.020000000000003126e+01;-7.859297702802955143e+00;-5.004002979719212263e+00;7.242816672640211095e+01;7.519599702028081367e+01
1.798870915128787473e+01;-8.048646782415787015e+01;-8.040000000000000568e+01;-7.934978053032756051e+00;-5.054002979719202315e+00;7.255148977112511943e+01;7.534599702028080515e+01
1.809255910253822108e+01;-8.068548252337377846e+01;-8.060000000000002274e+01;-8.010837312010497868e+00;-5.104002979719208355e+00;7.267464521136328415e+01;7.549599702028081083e+01
1.819700858609982674e+01;-8.088450839979103080e+01;-8.079999999999999716e+01;-8.086876014170393034e+00;-5.154002979719201072e+00;7.279763238562063066e+01;7.564599702028080230e+01
1.830206106311056757e+01;-8.108354532775031487e+01;-8.100000000000001421e+01;-8.163094687818503559e+00;-5.204002979719206223e+00;7.292045063993181486e+01;7.579599702028080799e+01
1.840772001468954500e+01;-8.128259318297915570e+01;-8.119999999999998863e+01;-8.239493855102342224e+00;-5.254002979719198052e+00;7.304309932787681703e+01;7.594599702028078525e+01
1.851398894205272327e+01;-8.148165184257791793e+01;-8.140000000000001990e+01;-8.316074031982980230e+00;-5.304002979719206756e+00;7.316557781059493948e+01;7.609599702028081936e+01
1.862087136662869469e+01;-8.168072118500460022e+01;-8.160000000000002274e+01;-8.392835728208792645e+00;-5.354002979719213684e+00;7.328788545679580579e+01;7.624599702028081083e+01
1.872837083017548565e+01;-8.187980109006062435e+01;-8.180000000000001137e+01;-8.469779447291594821e+00;-5.404002979719204625e+00;7.341002164276902420e+01;7.639599702028080230e+01
1.883649089489802009e+01;-8.207889143887672390e+01;-8.200000000000002842e+01;-8.546905686484819853e+00;-5.454002979719209776e+00;7.353198575239190404e+01;7.654599702028082220e+01
1.894523514356591321e+01;-8.227799211389833545e+01;-8.219999999999998863e+01;-8.624214936763616279e+00;-5.504002979719199828e+00;7.365377717713471384e+01;7.669599702028078525e+01
1.905460717963248385e+01;-8.247710299887199881e+01;-8.240000000000003411e+01;-8.701707682807334976e+00;-5.554002979719209421e+00;7.377539531606466028e+01;7.684599702028081936e+01
1.916461062735385212e+01;-8.267622397883107510e+01;-8.259999999999996589e+01;-8.779384402983819058e+00;-5.604002979719197697e+00;7.389683957584725249e+01;7.699599702028076820e+01
1.927524913190936573e+01;-8.287535494008237436e+01;-8.280000000000001137e+01;-8.857245569336171798e+00;-5.654002979719207289e+00;7.401810937074620256e+01;7.714599702028080230e+01
1.938652635952209735e+01;-8.307449577019218623e+01;-8.300000000000005684e+01;-8.935291647571263596e+00;-5.704002979719215105e+00;7.413920412262092441e+01;7.729599702028083641e+01
1.949844599758045405e+01;-8.327364635797287917e+01;-8.320000000000000284e+01;-9.013523097050628152e+00;-5.754002979719205157e+00;7.426012326092225635e+01;7.744599702028079946e+01
1.961101175476049363e+01;-8.347280659346989751e+01;-8.340000000000003411e+01;-9.091940370783506253e+00;-5.804002979719210309e+00;7.438086622268639303e+01;7.759599702028081936e+01
1.972422736114853592e+01;-8.367197636794787741e+01;-8.360000000000000853e+01;-9.170543915421674797e+00;-5.854002979719203026e+00;7.450143245252620261e+01;7.774599702028081083e+01
1.983809656836507074e+01;-8.387115557387831188e+01;-8.380000000000001137e+01;-9.249334171256878179e+00;-5.904002979719209065e+00;7.462182140262143548e+01;7.789599702028080230e+01
1.995262314968878670e+01;-8.407034410492586574e+01;-8.399999999999998579e+01;-9.328311572219899261e+00;-5.954002979719198230e+00;7.474203253270596292e+01;7.804599702028079378e+01
2.000000000000000000e+01;-8.415241212201246412e+01;-8.408239965311850028e+01;-9.360904659629525781e+00;-5.974602892998826853e+00;7.479150746238293834e+01;7.810779676011966899e+01
2.006781090018190028e+01;-8.426954185593621105e+01;-8.420000000000001705e+01;-9.407476545882156316e+00;-6.033403066439587015e+00;7.486206531005404941e+01;7.816659693356042737e+01
2.018366363681559505e+01;-8.446874872292266900e+01;-8.439999999999997726e+01;-9.486829513458989283e+00;-6.133403066439566231e+00;7.498191920946368327e+01;7.826659693356040748e+01
2.030018519859684289e+01;-8.466796460305432959e+01;-8.459999999999999432e+01;-9.566370889815470235e+00;-6.233403066439581863e+00;7.510159371323885580e+01;7.836659693356041601e+01
2.041737944669531757e+01;-8.486718939464302025e+01;-8.480000000000003979e+01;-9.646101083473869409e+00;-6.333403066439601048e+00;7.522108831116915439e+01;7.846659693356043874e+01
2.053525026457145941e+01;-8.506642299713119826e+01;-8.500000000000000000e+01;-9.726020496623460687e+00;-6.433403066439577600e+00;7.534040250050773579e+01;7.856659693356041885e+01
2.065380155810531093e+01;-8.526566531108001357e+01;-8.520000000000001705e+01;-9.806129525132396552e+00;-6.533403066439595008e+00;7.545953578594762234e+01;7.866659693356042737e+01
2.077303725572562954e+01;-8.546491623815667538e+01;-8.539999999999997726e+01;-9.886428558561314972e+00;-6.633403066439575113e+00;7.557848767959535508e+01;7.876659693356040748e+01
2.089296130854040712e+01;-8.566417568112312608e+01;-8.560000000000002274e+01;-9.966917980179406555e+00;-6.733403066439590745e+00;7.569725770094372308e+01;7.886659693356043022e+01
2.101357769046746782e+01;-8.586344354382360677e+01;-8.579999999999998295e+01;-1.004759816698202712e+01;-6.833403066439570850e+00;7.581584537684157965e+01;7.896659693356041032e+01
2.113489039836647621e+01;-8.606271973117355856e+01;-8.600000000000001421e+01;-1.012846948971072258e+01;-6.933403066439586482e+00;7.593425024146283420e+01;7.906659693356043306e+01
2.125690345217105559e+01;-8.626200414914737280e+01;-8.619999999999997442e+01;-1.020953231287479568e+01;-7.033403066439568363e+00;7.605247183627257357e+01;7.916659693356041316e+01
2.137962089502232388e+01;-8.646129670476761930e+01;-8.640000000000000568e+01;-1.029078699477522285e+01;-7.133403066439583995e+00;7.617050970999240178e+01;7.926659693356042169e+01
2.150304679340258573e+01;-8.666059730609302392e+01;-8.660000000000002274e+01;-1.037223388753008635e+01;-7.233403066439596074e+00;7.628836341856293757e+01;7.936659693356043022e+01
2.162718523727020070e+01;-8.685990586220759724e+01;-8.679999999999999716e+01;-1.045387333710216637e+01;-7.333403066439577955e+00;7.640603252510543086e+01;7.946659693356042453e+01
2.175204034019524357e+01;-8.705922228320964962e+01;-8.700000000000002842e+01;-1.053570568332837354e+01;-7.433403066439592699e+00;7.652351659988127608e+01;7.956659693356043306e+01
2.187761623949552003e+01;-8.725854648020025195e+01;-8.719999999999998863e+01;-1.061773125995075340e+01;-7.533403066439575468e+00;7.664081522024949322e+01;7.966659693356041316e+01
2.200391709637399629e+01;-8.745787836527296122e+01;-8.740000000000001990e+01;-1.069995039464969366e+01;-7.633403066439588436e+00;7.675792797062327111e+01;7.976659693356043590e+01
2.213094709605636368e+01;-8.765721785150245182e+01;-8.759999999999996589e+01;-1.078236340907846547e+01;-7.733403066439568541e+00;7.687485444242398103e+01;7.986659693356040179e+01
2.225871044793005282e+01;-8.785656485293438323e+01;-8.780000000000001137e+01;-1.086497061889992999e+01;-7.833403066439585061e+00;7.699159423403445146e+01;7.996659693356042453e+01
2.238721138568342184e+01;-8.805591928457434392e+01;-8.800000000000004263e+01;-1.094777233382452586e+01;-7.933403066439598916e+00;7.710814695074981273e+01;8.006659693356044727e+01
2.251645416744618089e+01;-8.825528106237767645e+01;-8.820000000000000284e+01;-1.103076885765022119e+01;-8.033403066439580797e+00;7.722451220472746058e+01;8.016659693356042737e+01
2.264644307593061967e+01;-8.845465010323914612e+01;-8.840000000000004832e+01;-1.111396048830407501e+01;-8.133403066439598206e+00;7.734068961493507288e+01;8.026659693356045011e+01
2.277718241857321857e+01;-8.865402632498245339e+01;-8.859999999999999432e+01;-1.119734751788510074e+01;-8.233403066439576534e+00;7.745667880709734732e+01;8.036659693356041601e+01
2.290867652767774842e+01;-8.885340964635047101e+01;-8.880000000000002558e+01;-1.128093023270913164e+01;-8.333403066439593943e+00;7.757247941364133226e+01;8.046659693356042453e+01
2.304092976055844844e+01;-8.905279998699475641e+01;-8.899999999999998579e+01;-1.136470891335471300e+01;-8.433403066439574047e+00;7.768809107364003808e+01;8.056659693356041885e+01
2.317394649968479570e+01;-8.925219726746607307e+01;-8.920000000000001705e+01;-1.144868383471092343e+01;-8.533403066439587903e+00;7.780351343275515319e+01;8.066659693356042737e+01
2.330773115282636354e+01;-8.945160140920420133e+01;-8.939999999999997726e+01;-1.153285526602618560e+01;-8.633403066439569784e+00;7.791874614317801218e+01;8.076659693356040748e+01
2.344228815319922532e+01;-8.965101233452853080e+01;-8.959999999999999432e+01;-1.161722347095888885e+01;-8.733403066439581863e+00;7.803378886356964017e+01;8.086659693356041601e+01
2.357762195961256779e+01;-8.985042996662809855e+01;-8.980000000000003979e+01;-1.170178870762894441e+01;-8.833403066439597495e+00;7.814864125899914882e+01;8.096659693356043874e+01
2.371373705661655151e+01;-9.004985422955228103e+01;-9.000000000000000000e+01;-1.178655122867088956e+01;-8.933403066439577600e+00;7.826330300088139325e+01;8.106659693356041885e+01
2.385063795465107717e+01;-9.024928504820152853e+01;-9.020000000000003126e+01;-1.187151128128826372e+01;-9.033403066439596785e+00;7.837777376691326481e+01;8.116659693356044158e+01
2.398832919019490006e+01;-9.044872234831751712e+01;-9.039999999999999147e+01;-1.195666910730887267e+01;-9.133403066439576889e+00;7.849205324100864800e+01;8.126659693356040748e+01
2.412681532591635047e+01;-9.064816605647462211e+01;-9.060000000000002274e+01;-1.204202494324164618e+01;-9.233403066439590745e+00;7.860614111323297948e+01;8.136659693356043022e+01
2.426610095082414276e+01;-9.084761610007005572e+01;-9.079999999999998295e+01;-1.212757902033414048e+01;-9.333403066439572626e+00;7.872003707973591702e+01;8.146659693356041032e+01
2.440619068041981166e+01;-9.104707240731553952e+01;-9.100000000000000000e+01;-1.221333156463149372e+01;-9.433403066439584705e+00;7.883374084268405113e+01;8.156659693356041885e+01
2.454708915685028714e+01;-9.124653490722766946e+01;-9.119999999999997442e+01;-1.229928279703600857e+01;-9.533403066439568363e+00;7.894725211019165556e+01;8.166659693356041316e+01
2.468880104906208928e+01;-9.144600352961980150e+01;-9.140000000000000568e+01;-1.238543293336805817e+01;-9.633403066439582219e+00;7.906057059625175043e+01;8.176659693356042169e+01
2.483133105295572918e+01;-9.164547820509258713e+01;-9.160000000000003695e+01;-1.247178218442750186e+01;-9.733403066439597850e+00;7.917369602066509060e+01;8.186659693356044443e+01
2.497468389154143154e+01;-9.184495886502573114e+01;-9.179999999999999716e+01;-1.255833075605620763e+01;-9.833403066439576179e+00;7.928662810896952351e+01;8.196659693356042453e+01
2.511886431509581996e+01;-9.204444544156950769e+01;-9.200000000000002842e+01;-1.264507884920135261e+01;-9.933403066439593587e+00;7.939936659236815331e+01;8.206659693356043306e+01
2.526387710131895403e+01;-9.224393786763585013e+01;-9.219999999999998863e+01;-1.273202665997919070e+01;-1.003340306643957369e+01;7.951191120765665232e+01;8.216659693356041316e+01
2.540972705549306454e+01;-9.244343607689046394e+01;-9.240000000000001990e+01;-1.281917437973990559e+01;-1.013340306643959110e+01;7.962426169715055835e+01;8.226659693356043590e+01
2.555641901064137045e+01;-9.264294000374400184e+01;-9.259999999999998010e+01;-1.290652219513262544e+01;-1.023340306643956943e+01;7.973641780861137818e+01;8.236659693356041601e+01
2.570395782768864734e+01;-9.284244958334443254e+01;-9.280000000000001137e+01;-1.299407028817148202e+01;-1.033340306643958684e+01;7.984837929517294697e+01;8.246659693356042453e+01
2.585234839562193798e+01;-9.304196475156841473e+01;-9.300000000000004263e+01;-1.308181883630171960e+01;-1.043340306643959892e+01;7.996014591526669335e+01;8.256659693356044727e+01
2.600159563165272303e+01;-9.324148544501339586e+01;-9.320000000000000284e+01;-1.316976801246655882e+01;-1.053340306643958435e+01;8.007171743254683349e+01;8.266659693356041316e+01
2.615170448137999770e+01;-9.344101160098993830e+01;-9.340000000000003411e+01;-1.325791798517445486e+01;-1.063340306643959821e+01;8.018309361581547989e+01;8.276659693356043590e+01
2.630267991895381385e+01;-9.364054315751337754e+01;-9.359999999999999432e+01;-1.334626891856639830e+01;-1.073340306643957653e+01;8.029427423894698279e+01;8.286659693356041601e+01
2.645452694724051312e+01;-9.384008005329653201e+01;-9.380000000000002558e+01;-1.343482097248394247e+01;-1.083340306643959039e+01;8.040525908081258422e+01;8.296659693356043874e+01
2.660725059798808445e+01;-9.403962222774147506e+01;-9.399999999999998579e+01;-1.352357430253695547e+01;-1.093340306643957405e+01;8.051604792520451781e+01;8.306659693356041885e+01
2.676085593199333346e+01;-9.423916962093244365e+01;-9.420000000000001705e+01;-1.361252906017206854e+01;-1.103340306643958968e+01;8.062664056076037866e+01;8.316659693356042737e+01
2.691534803926914066e+01;-9.443872217362779509e+01;-9.439999999999997726e+01;-1.370168539274067676e+01;-1.113340306643956801e+01;8.073703678088712365e+01;8.326659693356040748e+01
2.707073203921357774e+01;-9.463827982725304366e+01;-9.460000000000000853e+01;-1.379104344356753842e+01;-1.123340306643958364e+01;8.084723638368549814e+01;8.336659693356043022e+01
2.722701308077915527e+01;-9.483784252389300207e+01;-9.480000000000003979e+01;-1.388060335201889473e+01;-1.133340306643959927e+01;8.095723917187410734e+01;8.346659693356043874e+01
2.738419634264361235e+01;-9.503741020628473279e+01;-9.500000000000000000e+01;-1.397036525357078496e+01;-1.143340306643958115e+01;8.106704495271394251e+01;8.356659693356041885e+01
2.754228703338169026e+01;-9.523698281781048536e+01;-9.520000000000003126e+01;-1.406032927987731540e+01;-1.153340306643959678e+01;8.117665353793316285e+01;8.366659693356044158e+01
2.770129039163732898e+01;-9.543656030249009348e+01;-9.539999999999997726e+01;-1.415049555883836874e+01;-1.163340306643957689e+01;8.128606474365172119e+01;8.376659693356040748e+01
2.786121168629772171e+01;-9.563614260497442388e+01;-9.560000000000002274e+01;-1.424086421466759589e+01;-1.173340306643959075e+01;8.139527839030682799e+01;8.386659693356043022e+01
2.802205621666745117e+01;-9.583572967053783032e+01;-9.579999999999998295e+01;-1.433143536795957296e+01;-1.183340306643957263e+01;8.150429430257825913e+01;8.396659693356041032e+01
2.818382931264455138e+01;-9.603532144507190083e+01;-9.600000000000001421e+01;-1.442220913575714647e+01;-1.193340306643958826e+01;8.161311230931475791e+01;8.406659693356041885e+01
2.834653633489665125e+01;-9.623491787507785489e+01;-9.619999999999997442e+01;-1.451318563161784070e+01;-1.203340306643956836e+01;8.172173224346001064e+01;8.416659693356041316e+01
2.851018267503909698e+01;-9.643451890766046120e+01;-9.640000000000000568e+01;-1.460436496568031650e+01;-1.213340306643958399e+01;8.183015394198014292e+01;8.426659693356042169e+01
2.867477375581319166e+01;-9.663412449052090381e+01;-9.660000000000003695e+01;-1.469574724472986915e+01;-1.223340306643959963e+01;8.193837724579103110e+01;8.436659693356043022e+01
2.884031503126605855e+01;-9.683373457195015988e+01;-9.679999999999999716e+01;-1.478733257226360820e+01;-1.233340306643957796e+01;8.204640199968655168e+01;8.446659693356042453e+01
2.900681198693155949e+01;-9.703334910082288900e+01;-9.700000000000002842e+01;-1.487912104855507067e+01;-1.243340306643959359e+01;8.215422805226782543e+01;8.456659693356043306e+01
2.917427014001166086e+01;-9.723296802659028515e+01;-9.720000000000000284e+01;-1.497111277071781998e+01;-1.253340306643957547e+01;8.226185525587246161e+01;8.466659693356042737e+01
2.934269503955970393e+01;-9.743259129927430706e+01;-9.740000000000001990e+01;-1.506330783276877305e+01;-1.263340306643958932e+01;8.236928346650553578e+01;8.476659693356043590e+01
2.951209226666383856e+01;-9.763221886946075756e+01;-9.759999999999996589e+01;-1.515570632569025378e+01;-1.273340306643956765e+01;8.247651254377049668e+01;8.486659693356040179e+01
2.968246743463242865e+01;-9.783185068829354236e+01;-9.780000000000001137e+01;-1.524830833749172321e+01;-1.283340306643958506e+01;8.258354235080182093e+01;8.496659693356042453e+01
2.985382618917963171e+01;-9.803148670746800519e+01;-9.800000000000004263e+01;-1.534111395327010285e+01;-1.293340306643960069e+01;8.269037275419790944e+01;8.506659693356044727e+01
3.002617420861267661e+01;-9.823112687922497344e+01;-9.820000000000000284e+01;-1.543412325526956153e+01;-1.303340306643958080e+01;8.279700362395541902e+01;8.516659693356042737e+01
3.019951720402019291e+01;-9.843077115634488905e+01;-9.840000000000003411e+01;-1.552733632294022925e+01;-1.313340306643959821e+01;8.290343483340465980e+01;8.526659693356043590e+01
3.037386091946104472e+01;-9.863041949214132842e+01;-9.859999999999999432e+01;-1.562075323299562335e+01;-1.323340306643958009e+01;8.300966625914570329e+01;8.536659693356041601e+01
3.054921113215515405e+01;-9.883007184045555960e+01;-9.880000000000002558e+01;-1.571437405946943322e+01;-1.333340306643959394e+01;8.311569778098612460e+01;8.546659693356042453e+01
3.072557365267445562e+01;-9.902972815565021847e+01;-9.899999999999998579e+01;-1.580819887377068866e+01;-1.343340306643957405e+01;8.322152928187952625e+01;8.556659693356041885e+01
3.090295432513591933e+01;-9.922938839260390864e+01;-9.920000000000001705e+01;-1.590222774473824785e+01;-1.353340306643958968e+01;8.332716064786566790e+01;8.566659693356042737e+01
3.108135902739473266e+01;-9.942905250670503392e+01;-9.939999999999997726e+01;-1.599646073869358354e+01;-1.363340306643956623e+01;8.343259176801144861e+01;8.576659693356040748e+01
3.126079367123955777e+01;-9.962872045384651187e+01;-9.960000000000000853e+01;-1.609089791949277881e+01;-1.373340306643958542e+01;8.353782253435373661e+01;8.586659693356043022e+01
3.144126420258799115e+01;-9.982839219041979106e+01;-9.980000000000003979e+01;-1.618553934857679266e+01;-1.383340306643960105e+01;8.364285284184299485e+01;8.596659693356043874e+01
3.162277660168379256e+01;-1.000280676733094367e+02;-1.000000000000000000e+02;-1.628038508502065795e+01;-1.393340306643957938e+01;8.374768258828878231e+01;8.606659693356041885e+01
3.180533688329523656e+01;-1.002277468598877590e+02;-1.002000000000000313e+02;-1.637543518558130984e+01;-1.403340306643959323e+01;8.385231167430644916e+01;8.616659693356044158e+01
3.198895109691397209e+01;-1.004274297080090292e+02;-1.003999999999999915e+02;-1.647068970474367688e+01;-1.413340306643957511e+01;8.395674000326535236e+01;8.626659693356042169e+01
3.217362532695600663e+01;-1.006271161760045629e+02;-1.006000000000000227e+02;-1.656614869476577212e+01;-1.423340306643959075e+01;8.406096748123879081e+01;8.636659693356043022e+01
3.235936569296281107e+01;-1.008268062226767938e+02;-1.007999999999999829e+02;-1.666181220572183008e+01;-1.433340306643957440e+01;8.416499401695496374e+01;8.646659693356041032e+01
3.254617834980459889e+01;-1.010264998072946412e+02;-1.010000000000000000e+02;-1.675768028554433187e+01;-1.443340306643958471e+01;8.426881952175031643e+01;8.656659693356041885e+01
3.273406948788379367e+01;-1.012261968895876691e+02;-1.011999999999999744e+02;-1.685375298006404066e+01;-1.453340306643956481e+01;8.437244390952362494e+01;8.666659693356041316e+01
3.292304533334065297e+01;-1.014258974297415818e+02;-1.014000000000000057e+02;-1.695003033304890039e+01;-1.463340306643958044e+01;8.447586709669268146e+01;8.676659693356042169e+01
3.311311214825914817e+01;-1.016256013883925249e+02;-1.016000000000000369e+02;-1.704651238624083831e+01;-1.473340306643960318e+01;8.457908900215169012e+01;8.686659693356043022e+01
3.330427623087462763e+01;-1.018253087266222678e+02;-1.017999999999999972e+02;-1.714319917939121041e+01;-1.483340306643957618e+01;8.468210954723105033e+01;8.696659693356042453e+01
3.349654391578279444e+01;-1.020250194059535573e+02;-1.020000000000000284e+02;-1.724009075029464100e+01;-1.493340306643959359e+01;8.478492865565891634e+01;8.706659693356043306e+01
3.368992157414906075e+01;-1.022247333883444753e+02;-1.021999999999999886e+02;-1.733718713482068097e+01;-1.503340306643957369e+01;8.488754625352379435e+01;8.716659693356041316e+01
3.388441561392027523e+01;-1.024244506361843179e+02;-1.024000000000000199e+02;-1.743448836694435755e+01;-1.513340306643958932e+01;8.498996226923995323e+01;8.726659693356043590e+01
3.408003248003647911e+01;-1.026241711122880673e+02;-1.025999999999999801e+02;-1.753199447877432959e+01;-1.523340306643956943e+01;8.509217663351373062e+01;8.736659693356041601e+01
3.427677865464504947e+01;-1.028238947798922709e+02;-1.028000000000000114e+02;-1.762970550057985619e+01;-1.533340306643958506e+01;8.519418927931241114e+01;8.746659693356042453e+01
3.447466065731497764e+01;-1.030236216026497544e+02;-1.030000000000000426e+02;-1.772762146081543122e+01;-1.543340306643959892e+01;8.529600014183432677e+01;8.756659693356044727e+01
3.467368504525316553e+01;-1.032233515446252312e+02;-1.032000000000000028e+02;-1.782574238614388662e+01;-1.553340306643957902e+01;8.539760915848134459e+01;8.766659693356042737e+01
3.487385841352187299e+01;-1.034230845702908255e+02;-1.034000000000000341e+02;-1.792406830145773711e+01;-1.563340306643959643e+01;8.549901626883308836e+01;8.776659693356043590e+01
3.507518739525679763e+01;-1.036228206445210844e+02;-1.035999999999999943e+02;-1.802259922989825469e+01;-1.573340306643958009e+01;8.560022141462283685e+01;8.786659693356041601e+01
3.527767866188742119e+01;-1.038225597325889140e+02;-1.038000000000000256e+02;-1.812133519287317895e+01;-1.583340306643959572e+01;8.570122453971573862e+01;8.796659693356042453e+01
3.548133892335753359e+01;-1.040223018001607329e+02;-1.039999999999999858e+02;-1.822027621007205056e+01;-1.593340306643957760e+01;8.580202559008867524e+01;8.806659693356040464e+01
3.568617492834813731e+01;-1.042220468132923514e+02;-1.042000000000000171e+02;-1.831942229948011658e+01;-1.603340306643958968e+01;8.590262451381224196e+01;8.816659693356042737e+01
3.589219346450050097e+01;-1.044217947384243246e+02;-1.043999999999999773e+02;-1.841877347738980575e+01;-1.613340306643956978e+01;8.600302126103451883e+01;8.826659693356040748e+01
3.609940135864167132e+01;-1.046215455423779872e+02;-1.045999999999999943e+02;-1.851832975841086792e+01;-1.623340306643958542e+01;8.610321578396711573e+01;8.836659693356040179e+01
3.630780547701017724e+01;-1.048212991923507502e+02;-1.048000000000000398e+02;-1.861809115547800531e+01;-1.633340306643960105e+01;8.620320803687275202e+01;8.846659693356043874e+01
3.651741272548377282e+01;-1.050210556559120789e+02;-1.050000000000000000e+02;-1.871805767985696178e+01;-1.643340306643958115e+01;8.630299797605511003e+01;8.856659693356041885e+01
3.672823004980850214e+01;-1.052208149009995850e+02;-1.052000000000000313e+02;-1.881822934114863699e+01;-1.653340306643959678e+01;8.640258555985094802e+01;8.866659693356044158e+01
3.694026443582833963e+01;-1.054205768959142802e+02;-1.053999999999999915e+02;-1.891860614729096923e+01;-1.663340306643957689e+01;8.650197074862330737e+01;8.876659693356040748e+01
3.715352290971728166e+01;-1.056203416093171512e+02;-1.056000000000000227e+02;-1.901918810455933340e+01;-1.673340306643959252e+01;8.660115350475781781e+01;8.886659693356043022e+01
3.736801253821155910e+01;-1.058201090102244848e+02;-1.057999999999999829e+02;-1.911997521756450524e+01;-1.683340306643956907e+01;8.670013379265998310e+01;8.896659693356041032e+01
3.758374042884442900e+01;-1.060198790680044851e+02;-1.060000000000000000e+02;-1.922096748924919396e+01;-1.693340306643958471e+01;8.679891157875529473e+01;8.906659693356041885e+01
3.780071373018108716e+01;-1.062196517523727692e+02;-1.061999999999999744e+02;-1.932216492088212689e+01;-1.703340306643956836e+01;8.689748683149063879e+01;8.916659693356041316e+01
3.801893963205612437e+01;-1.064194270333888568e+02;-1.064000000000000057e+02;-1.942356751205071674e+01;-1.713340306643958044e+01;8.699585952133813294e+01;8.926659693356042169e+01
3.823842536581130247e+01;-1.066192048814520490e+02;-1.066000000000000369e+02;-1.952517526065135911e+01;-1.723340306643959963e+01;8.709402962080068278e+01;8.936659693356043022e+01
3.845917820453535541e+01;-1.068189852672976485e+02;-1.067999999999999972e+02;-1.962698816287808512e+01;-1.733340306643957973e+01;8.719199710441955631e+01;8.946659693356042453e+01
3.868120546330524689e+01;-1.070187681619934210e+02;-1.070000000000000284e+02;-1.972900621320936310e+01;-1.743340306643959181e+01;8.728976194878406147e+01;8.956659693356043306e+01
3.890451449942804629e+01;-1.072185535369354028e+02;-1.071999999999999886e+02;-1.983122940439269044e+01;-1.753340306643957192e+01;8.738732413254271592e+01;8.966659693356041316e+01
3.912911271268531976e+01;-1.074183413638447178e+02;-1.074000000000000199e+02;-1.993365772742774311e+01;-1.763340306643959110e+01;8.748468363641697465e+01;8.976659693356043590e+01
3.935500754557772041e+01;-1.076181316147633993e+02;-1.075999999999999801e+02;-2.003629117154721229e+01;-1.773340306643956765e+01;8.758184044321617989e+01;8.986659693356041601e+01
3.958220648357226423e+01;-1.078179242620512781e+02;-1.078000000000000114e+02;-2.013912972419628389e+01;-1.783340306643958328e+01;8.767879453785499777e+01;8.996659693356042453e+01
3.981071705534977667e+01;-1.080177192783819038e+02;-1.080000000000000568e+02;-2.024217337100980529e+01;-1.793340306643960247e+01;8.777554590737210560e+01;9.006659693356044727e+01
4.000000000000000000e+01;-1.081823514399621331e+02;-1.081647993062370006e+02;-2.032723509200435430e+01;-1.801580271955807433e+01;8.785511634795777525e+01;9.014899658667891913e+01
4.004054683305463413e+01;-1.082175166367393331e+02;-1.081999999999999886e+02;-2.034542209578798122e+01;-1.803340306643957902e+01;8.787209454095135186e+01;9.016659693356041316e+01
4.027170343254594798e+01;-1.084173163104147193e+02;-1.084000000000000341e+02;-2.044887588047032168e+01;-1.813340306643959821e+01;8.796844042994439405e+01;9.026659693356043590e+01
4.050419451364930978e+01;-1.086171182730024043e+02;-1.085999999999999943e+02;-2.055253470510743696e+01;-1.823340306643957476e+01;8.806458356789497088e+01;9.036659693356041601e+01
4.073802778041130068e+01;-1.088169224983970480e+02;-1.088000000000000114e+02;-2.065639854783161411e+01;-1.833340306643959039e+01;8.816052395056543389e+01;9.046659693356042453e+01
4.097321098135413564e+01;-1.090167289607897203e+02;-1.090000000000000000e+02;-2.076046738482522969e+01;-1.843340306643957405e+01;8.825626157596448706e+01;9.056659693356041885e+01
4.120975190973304336e+01;-1.092165376346650589e+02;-1.092000000000000171e+02;-2.086474119028786234e+01;-1.853340306643958968e+01;8.835179644437720015e+01;9.066659693356042737e+01
4.144765840379388777e+01;-1.094163484947974041e+02;-1.093999999999999773e+02;-2.096921993640137316e+01;-1.863340306643956978e+01;8.844712855839603094e+01;9.076659693356040748e+01
4.168693834703355350e+01;-1.096161615162481695e+02;-1.096000000000000227e+02;-2.107390359329382079e+01;-1.873340306643958542e+01;8.854225792295434871e+01;9.086659693356043022e+01
4.192759966846058717e+01;-1.098159766743619770e+02;-1.098000000000000398e+02;-2.117879212900124486e+01;-1.883340306643959750e+01;8.863718454536072500e+01;9.096659693356043874e+01
4.216965034285822611e+01;-1.100157939447638284e+02;-1.100000000000000000e+02;-2.128388550942833390e+01;-1.893340306643958115e+01;8.873190843533549810e+01;9.106659693356041885e+01
4.241309839104885526e+01;-1.102156133033559939e+02;-1.102000000000000313e+02;-2.138918369830746968e+01;-1.903340306643959323e+01;8.882642960504853136e+01;9.116659693356044158e+01
4.265795188015925277e+01;-1.104154347263144729e+02;-1.103999999999999773e+02;-2.149468665715599514e+01;-1.913340306643957334e+01;8.892074806915847773e+01;9.126659693356040748e+01
4.290421892388857117e+01;-1.106152581900865073e+02;-1.106000000000000227e+02;-2.160039434523254442e+01;-1.923340306643958897e+01;8.901486384485396286e+01;9.136659693356043022e+01
4.315190768277650335e+01;-1.108150836713868301e+02;-1.107999999999999829e+02;-2.170630671949135859e+01;-1.933340306643957263e+01;8.910877695189546444e+01;9.146659693356041032e+01
4.340102636447440432e+01;-1.110149111471953347e+02;-1.110000000000000000e+02;-2.181242373453582672e+01;-1.943340306643958826e+01;8.920248741265950798e+01;9.156659693356041885e+01
4.365158322401656221e+01;-1.112147405947533940e+02;-1.111999999999999744e+02;-2.191874534257014417e+01;-1.953340306643956481e+01;8.929599525218324629e+01;9.166659693356041316e+01
4.390358656409447491e+01;-1.114145719915616297e+02;-1.114000000000000057e+02;-2.202527149335020340e+01;-1.963340306643958399e+01;8.938930049821142632e+01;9.176659693356042169e+01
4.415704473533129715e+01;-1.116144053153762883e+02;-1.116000000000000227e+02;-2.213200213413267647e+01;-1.973340306643959607e+01;8.948240318124361181e+01;9.186659693356043022e+01
4.441196613655888825e+01;-1.118142405442067258e+02;-1.117999999999999972e+02;-2.223893720962335507e+01;-1.983340306643957973e+01;8.957530333458336713e+01;9.196659693356042453e+01
4.466835921509634488e+01;-1.120140776563126792e+02;-1.120000000000000284e+02;-2.234607666192421149e+01;-1.993340306643959181e+01;8.966800099438846416e+01;9.206659693356043306e+01
4.492623246702932249e+01;-1.122139166302009841e+02;-1.121999999999999886e+02;-2.245342043047903857e+01;-2.003340306643957547e+01;8.976049619972194193e+01;9.216659693356041316e+01
4.518559443749226290e+01;-1.124137574446233003e+02;-1.124000000000000199e+02;-2.256096845201856738e+01;-2.013340306643958755e+01;8.985278899260472940e+01;9.226659693356043590e+01
4.544645372095084923e+01;-1.126136000785727731e+02;-1.125999999999999659e+02;-2.266872066050394352e+01;-2.023340306643957476e+01;8.994487941806883669e+01;9.236659693356038758e+01
4.570881896148751622e+01;-1.128134445112819293e+02;-1.128000000000000114e+02;-2.277667698706985178e+01;-2.033340306643958328e+01;9.003676752421208107e+01;9.246659693356042453e+01
4.597269885308727311e+01;-1.130132907222194660e+02;-1.130000000000000426e+02;-2.288483735996618051e+01;-2.043340306643959892e+01;9.012845336225328197e+01;9.256659693356044727e+01
4.623810213992603479e+01;-1.132131386910876927e+02;-1.131999999999999886e+02;-2.299320170449908218e+01;-2.053340306643958257e+01;9.021993698658860694e+01;9.266659693356041316e+01
4.650503761666067959e+01;-1.134129883978201860e+02;-1.134000000000000341e+02;-2.310176994297133746e+01;-2.063340306643959821e+01;9.031121845484884147e+01;9.276659693356043590e+01
4.677351412871981040e+01;-1.136128398225787066e+02;-1.135999999999999943e+02;-2.321054199462150791e+01;-2.073340306643957476e+01;9.040229782795719871e+01;9.286659693356041601e+01
4.704354057259764943e+01;-1.138126929457510812e+02;-1.138000000000000114e+02;-2.331951777556292882e+01;-2.083340306643959394e+01;9.049317517018815238e+01;9.296659693356042453e+01
4.731512589614802522e+01;-1.140125477479481475e+02;-1.139999999999999858e+02;-2.342869719872145851e+01;-2.093340306643957049e+01;9.058385054922669610e+01;9.306659693356041885e+01
4.758827909888171348e+01;-1.142124042100018073e+02;-1.142000000000000171e+02;-2.353808017377322415e+01;-2.103340306643958968e+01;9.067432403622858317e+01;9.316659693356042737e+01
4.786300923226380633e+01;-1.144122623129618717e+02;-1.143999999999999773e+02;-2.364766660708114898e+01;-2.113340306643956978e+01;9.076459570588072268e+01;9.326659693356040748e+01
4.813932540001448501e+01;-1.146121220380942702e+02;-1.146000000000000227e+02;-2.375745640163167138e+01;-2.123340306643958542e+01;9.085466563646259885e+01;9.336659693356043022e+01
4.841723675840999164e+01;-1.148119833668780245e+02;-1.148000000000000398e+02;-2.386744945697039455e+01;-2.133340306643959750e+01;9.094453390990763353e+01;9.346659693356043874e+01
4.869675251658630799e+01;-1.150118462810030593e+02;-1.150000000000000000e+02;-2.397764566913770778e+01;-2.143340306643957760e+01;9.103420061186534440e+01;9.356659693356041885e+01
4.897788193684466052e+01;-1.152117107623680852e+02;-1.152000000000000313e+02;-2.408804493060412710e+01;-2.153340306643959323e+01;9.112366583176395807e+01;9.366659693356044158e+01
4.926063433495770738e+01;-1.154115767930776570e+02;-1.153999999999999773e+02;-2.419864713020494662e+01;-2.163340306643957334e+01;9.121292966287271042e+01;9.376659693356040748e+01
4.954501908047905800e+01;-1.156114443554404545e+02;-1.156000000000000227e+02;-2.430945215307523810e+01;-2.173340306643959252e+01;9.130199220236521285e+01;9.386659693356043022e+01
4.983104559705292758e+01;-1.158113134319664255e+02;-1.157999999999999829e+02;-2.442045988058406536e+01;-2.183340306643956907e+01;9.139085355138236366e+01;9.396659693356041032e+01
5.011872336272725192e+01;-1.160111840053649530e+02;-1.160000000000000000e+02;-2.453167019026927420e+01;-2.193340306643958826e+01;9.147951381509568591e+01;9.406659693356041885e+01
5.040806191026690897e+01;-1.162110560585421979e+02;-1.161999999999999744e+02;-2.464308295577151497e+01;-2.203340306643956836e+01;9.156797310277067936e+01;9.416659693356041316e+01
5.069907082747044313e+01;-1.164109295745993080e+02;-1.164000000000000057e+02;-2.475469804676898278e+01;-2.213340306643958399e+01;9.165623152783032879e+01;9.426659693356042169e+01
5.099175975748706691e+01;-1.166108045368297610e+02;-1.166000000000000227e+02;-2.486651532891158567e+01;-2.223340306643959963e+01;9.174428920791817177e+01;9.436659693356043022e+01
5.128613839913648320e+01;-1.168106809287173888e+02;-1.167999999999999972e+02;-2.497853466375566356e+01;-2.233340306643957973e+01;9.183214626496172173e+01;9.446659693356042453e+01
5.158221650723061202e+01;-1.170105587339344027e+02;-1.170000000000000284e+02;-2.509075590869886696e+01;-2.243340306643959536e+01;9.191980282523553569e+01;9.456659693356043306e+01
5.188000389289609160e+01;-1.172104379363388205e+02;-1.171999999999999744e+02;-2.520317891691489010e+01;-2.253340306643957547e+01;9.200725901942392682e+01;9.466659693356039895e+01
5.217951042390025407e+01;-1.174103185199728898e+02;-1.174000000000000199e+02;-2.531580353728912769e+01;-2.263340306643959110e+01;9.209451498268376213e+01;9.476659693356043590e+01
5.248074602497722907e+01;-1.176102004690604161e+02;-1.175999999999999659e+02;-2.542862961435398717e+01;-2.273340306643957121e+01;9.218157085470642187e+01;9.486659693356040179e+01
5.278372067815769242e+01;-1.178100837680052990e+02;-1.177999999999999972e+02;-2.554165698822532704e+01;-2.283340306643958684e+01;9.226842677977997198e+01;9.496659693356041032e+01
5.308844442309889899e+01;-1.180099684013889885e+02;-1.180000000000000426e+02;-2.565488549453870348e+01;-2.293340306643960247e+01;9.235508290685028499e+01;9.506659693356044727e+01
5.339492735741767149e+01;-1.182098543539686233e+02;-1.181999999999999886e+02;-2.576831496438657965e+01;-2.303340306643958257e+01;9.244153938958204719e+01;9.516659693356041316e+01
5.370317963702532893e+01;-1.184097416106753826e+02;-1.184000000000000199e+02;-2.588194522425614963e+01;-2.313340306643959821e+01;9.252779638641922588e+01;9.526659693356042169e+01
5.401321147646347498e+01;-1.186096301566118996e+02;-1.185999999999999943e+02;-2.599577609596730454e+01;-2.323340306643957831e+01;9.261385406064459858e+01;9.536659693356041601e+01
5.432503314924336024e+01;-1.188095199770508543e+02;-1.188000000000000114e+02;-2.610980739661201255e+01;-2.333340306643959394e+01;9.269971258043884177e+01;9.546659693356042453e+01
5.463865498818540090e+01;-1.190094110574326578e+02;-1.190000000000000000e+02;-2.622403893849374867e+01;-2.343340306643957405e+01;9.278537211893890913e+01;9.556659693356041885e+01
5.495408738576248453e+01;-1.192093033833638884e+02;-1.192000000000000171e+02;-2.633847052906834207e+01;-2.353340306643958968e+01;9.287083285429554280e+01;9.566659693356042737e+01
5.527134079444345360e+01;-1.194091969406149758e+02;-1.193999999999999773e+02;-2.645310197088514315e+01;-2.363340306643956978e+01;9.295609496972983266e+01;9.576659693356040748e+01
5.559042572704036900e+01;-1.196090917151188933e+02;-1.196000000000000227e+02;-2.656793306152963652e+01;-2.373340306643958542e+01;9.304115865358926385e+01;9.586659693356043022e+01
5.591135275705607910e+01;-1.198089876929688273e+02;-1.198000000000000398e+02;-2.668296359356651237e+01;-2.383340306643960105e+01;9.312602409940231496e+01;9.596659693356043874e+01
5.623413251903490817e+01;-1.200088848604164440e+02;-1.200000000000000000e+02;-2.679819335448407003e+01;-2.393340306643958115e+01;9.321069150593237396e+01;9.606659693356041885e+01
5.655877570891544792e+01;-1.202087832038704818e+02;-1.202000000000000455e+02;-2.691362212663977971e+01;-2.403340306643959678e+01;9.329516107723070206e+01;9.616659693356044158e+01
5.688529308438413068e+01;-1.204086827098943644e+02;-1.203999999999999773e+02;-2.702924968720648380e+01;-2.413340306643957689e+01;9.337943302268787704e+01;9.626659693356040748e+01
5.721369546523267502e+01;-1.206085833652050212e+02;-1.206000000000000227e+02;-2.714507580812048104e+01;-2.423340306643959252e+01;9.346350755708454017e+01;9.636659693356043022e+01
5.754399373371566639e+01;-1.208084851566705993e+02;-1.207999999999999829e+02;-2.726110025603004416e+01;-2.433340306643957263e+01;9.354738490064055156e+01;9.646659693356041032e+01
5.787619883491208839e+01;-1.210083880713092981e+02;-1.210000000000000000e+02;-2.737732279224597676e+01;-2.443340306643958826e+01;9.363106527906332133e+01;9.656659693356041885e+01
5.821032177708709554e+01;-1.212082920962871100e+02;-1.211999999999999744e+02;-2.749374317269276702e+01;-2.453340306643956836e+01;9.371454892359435007e+01;9.666659693356041316e+01
5.854637363205772971e+01;-1.214081972189167118e+02;-1.214000000000000057e+02;-2.761036114786180207e+01;-2.463340306643958399e+01;9.379783607105491683e+01;9.676659693356042169e+01
5.888436553555895614e+01;-1.216081034266552052e+02;-1.216000000000000227e+02;-2.772717646276533188e+01;-2.473340306643959963e+01;9.388092696388987690e+01;9.686659693356043022e+01
5.922430868761306044e+01;-1.218080107071028948e+02;-1.218000000000000114e+02;-2.784418885689233036e+01;-2.483340306643957973e+01;9.396382185021056443e+01;9.696659693356042453e+01
5.956621435290109190e+01;-1.220079190480016393e+02;-1.220000000000000284e+02;-2.796139806416582729e+01;-2.493340306643959536e+01;9.404652098383581915e+01;9.706659693356043306e+01
5.991009386113536550e+01;-1.222078284372329620e+02;-1.221999999999999744e+02;-2.807880381290136995e+01;-2.503340306643957547e+01;9.412902462433159201e+01;9.716659693356039895e+01
6.025595860743580801e+01;-1.224077388628167853e+02;-1.224000000000000199e+02;-2.819640582576772658e+01;-2.513340306643959110e+01;9.421133303704905870e+01;9.726659693356043590e+01
6.060382005270659533e+01;-1.226076503129095556e+02;-1.225999999999999659e+02;-2.831420381974844958e+01;-2.523340306643957121e+01;9.429344649316109894e+01;9.736659693356040179e+01
6.095368972401693952e+01;-1.228075627758030777e+02;-1.227999999999999972e+02;-2.843219750610587226e+01;-2.533340306643958684e+01;9.437536526969719830e+01;9.746659693356041032e+01
6.130557921498214569e+01;-1.230074762399224966e+02;-1.230000000000000426e+02;-2.855038659034605075e+01;-2.543340306643960247e+01;9.445708964957644582e+01;9.756659693356044727e+01
6.165950018614822170e+01;-1.232073906938251184e+02;-1.231999999999999886e+02;-2.866877077218598302e+01;-2.553340306643958257e+01;9.453861992163913897e+01;9.766659693356041316e+01
6.201546436537860529e+01;-1.234073061261989324e+02;-1.234000000000000199e+02;-2.878734974552249781e+01;-2.563340306643959821e+01;9.461995638067642744e+01;9.776659693356042169e+01
6.237348354824191432e+01;-1.236072225258607915e+02;-1.235999999999999943e+02;-2.890612319840251843e+01;-2.573340306643957831e+01;9.470109932745828019e+01;9.786659693356041601e+01
6.273356959840385372e+01;-1.238071398817554325e+02;-1.238000000000000114e+02;-2.902509081299589511e+01;-2.583340306643959394e+01;9.478204906875953384e+01;9.796659693356042453e+01
6.309573444801930009e+01;-1.240070581829534717e+02;-1.240000000000000000e+02;-2.914425226556925708e+01;-2.593340306643957405e+01;9.486280591738420753e+01;9.806659693356041885e+01
6.345999009812872060e+01;-1.242069774186505242e+02;-1.242000000000000171e+02;-2.926360722646256463e+01;-2.603340306643958968e+01;9.494337019218795604e+01;9.816659693356042737e+01
6.382634861905482637e+01;-1.244068975781652000e+02;-1.243999999999999773e+02;-2.938315536006684070e+01;-2.613340306643956978e+01;9.502374221809836286e+01;9.826659693356040748e+01
6.419482215080360277e+01;-1.246068186509383935e+02;-1.246000000000000227e+02;-2.950289632480454571e+01;-2.623340306643958542e+01;9.510392232613384067e+01;9.836659693356043022e+01
6.456542290346563107e+01;-1.248067406265312087e+02;-1.248000000000000398e+02;-2.962282977311122423e+01;-2.633340306643960105e+01;9.518391085341998803e+01;9.846659693356043874e+01
6.493816315762113334e+01;-1.250066634946239219e+02;-1.250000000000000000e+02;-2.974295535141966340e+01;-2.643340306643958115e+01;9.526370814320425495e+01;9.856659693356041885e+01
6.531305526474729106e+01;-1.252065872450148589e+02;-1.252000000000000455e+02;-2.986327270014600543e+01;-2.653340306643959323e+01;9.534331454486886059e+01;9.866659693356045580e+01
6.569011164762662247e+01;-1.254065118676184625e+02;-1.253999999999999773e+02;-2.998378145367744807e+01;-2.663340306643957689e+01;9.542273041394101085e+01;9.876659693356040748e+01
6.606934480075963734e+01;-1.256064373524645816e+02;-1.256000000000000227e+02;-3.010448124036267714e+01;-2.673340306643958897e+01;9.550195611210190805e+01;9.886659693356043022e+01
6.645076729077791811e+01;-1.258063636896966244e+02;-1.257999999999999829e+02;-3.022537168250369888e+01;-2.683340306643957263e+01;9.558099200719291844e+01;9.896659693356041032e+01
6.666666666666667140e+01;-1.259190218283533511e+02;-1.259126992755455063e+02;-3.029357685061876637e+01;-2.688975270421233077e+01;9.562544497773458829e+01;9.902294657133317912e+01
6.683439175686149269e+01;-1.260062908695707762e+02;-1.260000000000000000e+02;-3.034645239635036873e+01;-2.695522824755321523e+01;9.565983847322040390e+01;9.904477175244679188e+01
6.722023091115663362e+01;-1.262062188824542091e+02;-1.261999999999999744e+02;-3.046772299209642654e+01;-2.710522824755318894e+01;9.573849589035778251e+01;9.909477175244678904e+01
6.760829753919819041e+01;-1.264061477188242861e+02;-1.264000000000000057e+02;-3.058918307387824242e+01;-2.725522824755321238e+01;9.581696464494604015e+01;9.914477175244678619e+01
6.799860450033230563e+01;-1.266060773692669557e+02;-1.266000000000000227e+02;-3.071083223977513299e+01;-2.740522824755323228e+01;9.589524512949182622e+01;9.919477175244679756e+01
6.839116472814292536e+01;-1.268060078244755857e+02;-1.267999999999999972e+02;-3.083267008181214663e+01;-2.755522824755320244e+01;9.597333774266343198e+01;9.924477175244679472e+01
6.878599123088081058e+01;-1.270059390752500548e+02;-1.270000000000000284e+02;-3.095469618596508710e+01;-2.770522824755322233e+01;9.605124288928496412e+01;9.929477175244680609e+01
6.918309709189362877e+01;-1.272058711124949895e+02;-1.271999999999999744e+02;-3.107691013216716058e+01;-2.785522824755319959e+01;9.612896098032783243e+01;9.934477175244677483e+01
6.958249547006056446e+01;-1.274058039272190967e+02;-1.274000000000000199e+02;-3.119931149431850770e+01;-2.800522824755322304e+01;9.620649243290058905e+01;9.939477175244680041e+01
6.998419960022731345e+01;-1.276057375105335581e+02;-1.275999999999999659e+02;-3.132189984029713159e+01;-2.815522824755318965e+01;9.628383767023642292e+01;9.944477175244676914e+01
7.038822279364570988e+01;-1.278056718536512761e+02;-1.277999999999999972e+02;-3.144467473197275353e+01;-2.830522824755321309e+01;9.636099712167852260e+01;9.949477175244678051e+01
7.079457843841387898e+01;-1.280056069478852976e+02;-1.280000000000000284e+02;-3.156763572522209671e+01;-2.845522824755323654e+01;9.643797122266320798e+01;9.954477175244679188e+01
7.120327999992025525e+01;-1.282055427846478892e+02;-1.281999999999999886e+02;-3.169078236994684161e+01;-2.860522824755320315e+01;9.651476041470104406e+01;9.959477175244678904e+01
7.161434102129027224e+01;-1.284054793554495859e+02;-1.284000000000000341e+02;-3.181411421009366691e+01;-2.875522824755323015e+01;9.659136514535592255e+01;9.964477175244680041e+01
7.202777512383406133e+01;-1.286054166518975705e+02;-1.285999999999999943e+02;-3.193763078367606312e+01;-2.890522824755319675e+01;9.666778586822150032e+01;9.969477175244679756e+01
7.244359600749905326e+01;-1.288053546656951767e+02;-1.288000000000000114e+02;-3.206133162279895998e+01;-2.905522824755322375e+01;9.674402304289621668e+01;9.974477175244678051e+01
7.286181745132273591e+01;-1.290052933886402116e+02;-1.289999999999999716e+02;-3.218521625368469330e+01;-2.920522824755319391e+01;9.682007713495551116e+01;9.979477175244677767e+01
7.328245331389044281e+01;-1.292052328126243879e+02;-1.292000000000000171e+02;-3.230928419670196661e+01;-2.935522824755321736e+01;9.689594861592242125e+01;9.984477175244680325e+01
7.370551753379339743e+01;-1.294051729296318740e+02;-1.293999999999999773e+02;-3.243353496639608124e+01;-2.950522824755318751e+01;9.697163796323579277e+01;9.989477175244678619e+01
7.413102413009177383e+01;-1.296051137317384985e+02;-1.296000000000000227e+02;-3.255796807152207606e+01;-2.965522824755321096e+01;9.704714566021641531e+01;9.994477175244681177e+01
7.455898720277824054e+01;-1.298050552111105276e+02;-1.298000000000000398e+02;-3.268258301507929531e+01;-2.980522824755323796e+01;9.712247219603122517e+01;9.999477175244680893e+01
7.498942093324558300e+01;-1.300049973600036139e+02;-1.300000000000000000e+02;-3.280737929434845057e+01;-2.995522824755320457e+01;9.719761806565516338e+01;1.000447717524467919e+02
7.542233958475713962e+01;-1.302049401707621996e+02;-1.302000000000000171e+02;-3.293235640093077166e+01;-3.010522824755322446e+01;9.727258376983142796e+01;1.000947717524467890e+02
7.585775750291836061e+01;-1.304048836358176970e+02;-1.303999999999999773e+02;-3.305751382078878464e+01;-3.025522824755319817e+01;9.734736981502891240e+01;1.001447717524467862e+02
7.629568911615335480e+01;-1.306048277476884607e+02;-1.306000000000000227e+02;-3.318285103428977578e+01;-3.040522824755322162e+01;9.742197671339869203e+01;1.001947717524467976e+02
7.673614893618186272e+01;-1.308047724989779113e+02;-1.307999999999999829e+02;-3.330836751625058412e+01;-3.055522824755319533e+01;9.749640498272732714e+01;1.002447717524467805e+02
7.717915155850127462e+01;-1.310047178823742513e+02;-1.310000000000000000e+02;-3.343406273598503731e+01;-3.070522824755321523e+01;9.757065514638921400e+01;1.002947717524467919e+02
7.762471166286911739e+01;-1.312046638906489875e+02;-1.311999999999999602e+02;-3.355993615735278013e+01;-3.085522824755318538e+01;9.764472773329620736e+01;1.003447717524467748e+02
7.807284401379070005e+01;-1.314046105166564189e+02;-1.314000000000000057e+02;-3.368598723881060408e+01;-3.100522824755321238e+01;9.771862327784580771e+01;1.003947717524467862e+02
7.852356346100725659e+01;-1.316045577533323012e+02;-1.316000000000000227e+02;-3.381221543346521230e+01;-3.115522824755323228e+01;9.779234231986708892e+01;1.004447717524467976e+02
7.897688493998855108e+01;-1.318045055936931362e+02;-1.317999999999999829e+02;-3.393862018912818712e+01;-3.130522824755319888e+01;9.786588540456494911e+01;1.004947717524467805e+02
7.943282347242821118e+01;-1.320044540308352907e+02;-1.320000000000000284e+02;-3.406520094837291879e+01;-3.145522824755322233e+01;9.793925308246237194e+01;1.005447717524468061e+02
7.989139416674039751e+01;-1.322044030579338880e+02;-1.321999999999999886e+02;-3.419195714859292679e+01;-3.160522824755319249e+01;9.801244590934095413e+01;1.005947717524468032e+02
8.035261221856177372e+01;-1.324043526682422112e+02;-1.324000000000000341e+02;-3.431888822206266809e+01;-3.175522824755321949e+01;9.808546444617954307e+01;1.006447717524468146e+02
8.081649291125367540e+01;-1.326043028550903387e+02;-1.325999999999999659e+02;-3.444599359599940414e+01;-3.190522824755318965e+01;9.815830925909094162e+01;1.006947717524467691e+02
8.128305161640994925e+01;-1.328042536118849455e+02;-1.328000000000000114e+02;-3.457327269262758307e+01;-3.205522824755320954e+01;9.823098091925736242e+01;1.007447717524468089e+02
8.175230379436510475e+01;-1.330042049321076547e+02;-1.330000000000000568e+02;-3.470072492924428076e+01;-3.220522824755323654e+01;9.830348000286338106e+01;1.007947717524468203e+02
8.222426499470712713e+01;-1.332041568093147248e+02;-1.331999999999999886e+02;-3.482834971828673787e+01;-3.235522824755320670e+01;9.837580709102797982e+01;1.008447717524467748e+02
8.269895085679326030e+01;-1.334041092371362254e+02;-1.334000000000000341e+02;-3.495614646740163778e+01;-3.250522824755323370e+01;9.844796276973458760e+01;1.008947717524468004e+02
8.317637711026708303e+01;-1.336040622092746730e+02;-1.335999999999999943e+02;-3.508411457951552137e+01;-3.265522824755320386e+01;9.851994762975914455e+01;1.009447717524467976e+02
8.365655957558107048e+01;-1.338040157195048323e+02;-1.338000000000000114e+02;-3.521225345290751818e+01;-3.280522824755322375e+01;9.859176226659731412e+01;1.009947717524467805e+02
8.413951416451946841e+01;-1.340039697616724084e+02;-1.340000000000000000e+02;-3.534056248128284494e+01;-3.295522824755319391e+01;9.866340728038956343e+01;1.010447717524468061e+02
8.462525688072696539e+01;-1.342039243296936206e+02;-1.342000000000000171e+02;-3.546904105384861339e+01;-3.310522824755322091e+01;9.873488327584500723e+01;1.010947717524468032e+02
8.511380382023759239e+01;-1.344038794175540090e+02;-1.343999999999999773e+02;-3.559768855539044807e+01;-3.325522824755319107e+01;9.880619086216356095e+01;1.011447717524467862e+02
8.560517117200949144e+01;-1.346038350193080362e+02;-1.346000000000000227e+02;-3.572650436635115057e+01;-3.340522824755321096e+01;9.887733065295688561e+01;1.011947717524468118e+02
8.609937521846016750e+01;-1.348037911290779789e+02;-1.348000000000000398e+02;-3.585548786291023760e+01;-3.355522824755323796e+01;9.894830326616774130e+01;1.012447717524468089e+02
8.659643233600652934e+01;-1.350037477410532460e+02;-1.350000000000000000e+02;-3.598463841706519872e+01;-3.370522824755320102e+01;9.901910932398804732e+01;1.012947717524467919e+02
8.709635899560814210e+01;-1.352037048494898954e+02;-1.352000000000000455e+02;-3.611395539671421062e+01;-3.385522824755322802e+01;9.908974945277569191e+01;1.013447717524468175e+02
8.759917176331170197e+01;-1.354036624487093263e+02;-1.353999999999999773e+02;-3.624343816573955479e+01;-3.400522824755319817e+01;9.916022428296977864e+01;1.013947717524467862e+02
8.810488730080146524e+01;-1.356036205330980806e+02;-1.356000000000000227e+02;-3.637308608409308874e+01;-3.415522824755322517e+01;9.923053444900499187e+01;1.014447717524467976e+02
8.861352236594993315e+01;-1.358035790971066490e+02;-1.357999999999999829e+02;-3.650289850788215062e+01;-3.430522824755318823e+01;9.930068058922449836e+01;1.014947717524467947e+02
8.912509381337459047e+01;-1.360035381352492152e+02;-1.360000000000000000e+02;-3.663287478945741782e+01;-3.445522824755321523e+01;9.937066334579179738e+01;1.015447717524467919e+02
8.963961859499492846e+01;-1.362034976421023487e+02;-1.361999999999999886e+02;-3.676301427750107820e+01;-3.460522824755318538e+01;9.944048336460127757e+01;1.015947717524468032e+02
9.015711376059570625e+01;-1.364034576123048907e+02;-1.364000000000000057e+02;-3.689331631711692694e+01;-3.475522824755321238e+01;9.951014129518796381e+01;1.016447717524467862e+02
9.067759645839058180e+01;-1.366034180405567895e+02;-1.366000000000000227e+02;-3.702378024992077599e+01;-3.490522824755323228e+01;9.957963779063601351e+01;1.016947717524467976e+02
9.120108393559097237e+01;-1.368033789216185312e+02;-1.368000000000000114e+02;-3.715440541413234143e+01;-3.505522824755320244e+01;9.964897350748618976e+01;1.017447717524468089e+02
9.172759353897802725e+01;-1.370033402503107425e+02;-1.370000000000000284e+02;-3.728519114466809725e+01;-3.520522824755322233e+01;9.971814910564265233e+01;1.017947717524468061e+02
9.225714271547629153e+01;-1.372033020215129113e+02;-1.371999999999999886e+02;-3.741613677323460507e+01;-3.535522824755319959e+01;9.978716524827831336e+01;1.018447717524467890e+02
9.278974901273316789e+01;-1.374032642301634155e+02;-1.374000000000000341e+02;-3.754724162842337876e+01;-3.550522824755321949e+01;9.985602260174003675e+01;1.018947717524468146e+02
9.332543007969904636e+01;-1.376032268712581583e+02;-1.375999999999999659e+02;-3.767850503580591237e+01;-3.565522824755318254e+01;9.992472183545224595e+01;1.019447717524467834e+02
9.386420366721355890e+01;-1.378031899398505118e+02;-1.378000000000000114e+02;-3.780992631803019322e+01;-3.580522824755321665e+01;9.999326362182031858e+01;1.019947717524467947e+02
9.440608762859245928e+01;-1.380031534310502650e+02;-1.380000000000000568e+02;-3.794150479491727879e+01;-3.595522824755323654e+01;1.000616486361329862e+02;1.020447717524468203e+02
9.495109992021983203e+01;-1.382031173400229989e+02;-1.381999999999999886e+02;-3.807323978355907457e+01;-3.610522824755320670e+01;1.001298775564639243e+02;1.020947717524467748e+02
9.549925860214368356e+01;-1.384030816619898303e+02;-1.384000000000000341e+02;-3.820513059841677261e+01;-3.625522824755323370e+01;1.001979510635730577e+02;1.021447717524468004e+02
9.605058183867305388e+01;-1.386030463922262754e+02;-1.385999999999999943e+02;-3.833717655141943226e+01;-3.640522824755320386e+01;1.002658698408068432e+02;1.021947717524467976e+02
9.660508789898140947e+01;-1.388030115260620221e+02;-1.388000000000000114e+02;-3.846937695206383978e+01;-3.655522824755322375e+01;1.003336345739981823e+02;1.022447717524467805e+02
9.716279515771057618e+01;-1.390029770588799636e+02;-1.390000000000000000e+02;-3.860173110751419756e+01;-3.670522824755319391e+01;1.004012459513657660e+02;1.022947717524468061e+02
9.772372209558110967e+01;-1.392029429861159997e+02;-1.392000000000000171e+02;-3.873423832270302825e+01;-3.685522824755322091e+01;1.004687046634129786e+02;1.023447717524468032e+02
9.828788730000314899e+01;-1.394029093032580420e+02;-1.393999999999999773e+02;-3.886689790043178760e+01;-3.700522824755319107e+01;1.005360114028262615e+02;1.023947717524467862e+02
9.885530946569390665e+01;-1.396028760058456726e+02;-1.396000000000000227e+02;-3.899970914147265688e+01;-3.715522824755321096e+01;1.006031668643730086e+02;1.024447717524468118e+02
9.942600739529578391e+01;-1.398028430894694338e+02;-1.398000000000000398e+02;-3.913267134466998698e+01;-3.730522824755323796e+01;1.006701717447994469e+02;1.024947717524468089e+02
1.000000000000000000e+02;-1.400028105497702029e+02;-1.400000000000000000e+02;-3.926578380704255267e+01;-3.745522824755320812e+01;1.007370267427276502e+02;1.025447717524467919e+02
1.005773063001739160e+02;-1.402027783824389076e+02;-1.402000000000000455e+02;-3.939904582388611232e+01;-3.760522824755322802e+01;1.008037325585527952e+02;1.025947717524468175e+02
1.011579454259898228e+02;-1.404027465832154746e+02;-1.403999999999999773e+02;-3.953245668887569053e+01;-3.775522824755319817e+01;1.008702898943397770e+02;1.026447717524467862e+02
1.017419366180605635e+02;-1.406027151478888300e+02;-1.406000000000000227e+02;-3.966601569416888395e+01;-3.790522824755322517e+01;1.009366994537199389e+02;1.026947717524467976e+02
1.023292992280753566e+02;-1.408026840722957331e+02;-1.407999999999999829e+02;-3.979972213050842100e+01;-3.805522824755318823e+01;1.010029619417873050e+02;1.027447717524467947e+02
1.029200527194428645e+02;-1.410026533523208627e+02;-1.410000000000000000e+02;-3.993357528732580164e+01;-3.820522824755321523e+01;1.010690780649950682e+02;1.027947717524467919e+02
1.035142166679343063e+02;-1.412026229838956510e+02;-1.411999999999999886e+02;-4.006757445284407737e+01;-3.835522824755318538e+01;1.011350485310515808e+02;1.028447717524468032e+02
1.041118107623339739e+02;-1.414025929629983409e+02;-1.414000000000000057e+02;-4.020171891418161891e+01;-3.850522824755321238e+01;1.012008740488167291e+02;1.028947717524467862e+02
1.047128548050900605e+02;-1.416025632856529057e+02;-1.416000000000000227e+02;-4.033600795745503120e+01;-3.865522824755323228e+01;1.012665553281978816e+02;1.029447717524467976e+02
1.053173687129716001e+02;-1.418025339479288789e+02;-1.418000000000000114e+02;-4.047044086788265105e+01;-3.880522824755320244e+01;1.013320930800462349e+02;1.029947717524468089e+02
1.059253725177289738e+02;-1.420025049459408137e+02;-1.420000000000000284e+02;-4.060501692988788136e+01;-3.895522824755322233e+01;1.013974880160529324e+02;1.030447717524468061e+02
1.065368863667562920e+02;-1.422024762758475731e+02;-1.421999999999999886e+02;-4.073973542720203511e+01;-3.910522824755319959e+01;1.014627408486455380e+02;1.030947717524467890e+02
1.071519305237606972e+02;-1.424024479338520450e+02;-1.424000000000000341e+02;-4.087459564296769088e+01;-3.925522824755321949e+01;1.015278522908843541e+02;1.031447717524468146e+02
1.077705253694321357e+02;-1.426024199162004038e+02;-1.425999999999999659e+02;-4.100959685984118153e+01;-3.940522824755318965e+01;1.015928230563592223e+02;1.031947717524467691e+02
1.083926914021203913e+02;-1.428023922191819679e+02;-1.428000000000000114e+02;-4.114473836009558028e+01;-3.955522824755321665e+01;1.016576538590863947e+02;1.032447717524467947e+02
1.090184492385129005e+02;-1.430023648391282620e+02;-1.430000000000000568e+02;-4.128001942572279859e+01;-3.970522824755323654e+01;1.017223454134054634e+02;1.032947717524468203e+02
1.096478196143185073e+02;-1.432023377724127613e+02;-1.431999999999999886e+02;-4.141543933853587589e+01;-3.985522824755320670e+01;1.017868984338768854e+02;1.033447717524467748e+02
1.102808233849552977e+02;-1.434023110154507208e+02;-1.434000000000000341e+02;-4.155099738027089984e+01;-4.000522824755322659e+01;1.018513136351798209e+02;1.033947717524468146e+02
1.109174815262400955e+02;-1.436022845646979533e+02;-1.435999999999999943e+02;-4.168669283268820891e+01;-4.015522824755320386e+01;1.019155917320097444e+02;1.034447717524467976e+02
1.115578151350853062e+02;-1.438022584166511990e+02;-1.438000000000000114e+02;-4.182252497767387922e+01;-4.030522824755321665e+01;1.019797334389773198e+02;1.034947717524467947e+02
1.122018454301963004e+02;-1.440022325678469031e+02;-1.440000000000000000e+02;-4.195849309734012422e+01;-4.045522824755319391e+01;1.020437394705067788e+02;1.035447717524468061e+02
1.128495937527762152e+02;-1.442022070148614432e+02;-1.442000000000000171e+02;-4.209459647412590755e+01;-4.060522824755322091e+01;1.021076105407355357e+02;1.035947717524468032e+02
1.135010815672314379e+02;-1.444021817543101065e+02;-1.443999999999999773e+02;-4.223083439089649005e+01;-4.075522824755319107e+01;1.021713473634136164e+02;1.036447717524467862e+02
1.141563304618845933e+02;-1.446021567828470893e+02;-1.446000000000000227e+02;-4.236720613104310473e+01;-4.090522824755321096e+01;1.022349506518039846e+02;1.036947717524468118e+02
1.148153621496884114e+02;-1.448021320971646446e+02;-1.448000000000000398e+02;-4.250371097858153746e+01;-4.105522824755323796e+01;1.022984211185831072e+02;1.037447717524468089e+02
1.154781984689458199e+02;-1.450021076939929685e+02;-1.450000000000000000e+02;-4.264034821825055843e+01;-4.120522824755320812e+01;1.023617594757424172e+02;1.037947717524467919e+02
1.161448613840343853e+02;-1.452020835700997168e+02;-1.452000000000000455e+02;-4.277711713560978524e+01;-4.135522824755322802e+01;1.024249664344899315e+02;1.038447717524468175e+02
1.168153729861324308e+02;-1.454020597222893230e+02;-1.453999999999999773e+02;-4.291401701713655825e+01;-4.150522824755319817e+01;1.024880427051527647e+02;1.038947717524467862e+02
1.174897554939530266e+02;-1.456020361474030267e+02;-1.456000000000000227e+02;-4.305104715032281604e+01;-4.165522824755321807e+01;1.025509889970802107e+02;1.039447717524467976e+02
1.181680312544783078e+02;-1.458020128423178789e+02;-1.457999999999999829e+02;-4.318820682377064912e+01;-4.180522824755319533e+01;1.026138060185472227e+02;1.039947717524467805e+02
1.188502227437018917e+02;-1.460019898039469695e+02;-1.460000000000000000e+02;-4.332549532728787511e+01;-4.195522824755321523e+01;1.026764944766590872e+02;1.040447717524467919e+02
1.195363525673717646e+02;-1.462019670292384035e+02;-1.461999999999999886e+02;-4.346291195198222113e+01;-4.210522824755318538e+01;1.027390550772561824e+02;1.040947717524468032e+02
1.202264434617413116e+02;-1.464019445151755008e+02;-1.464000000000000057e+02;-4.360045599035557018e+01;-4.225522824755321238e+01;1.028014885248199306e+02;1.041447717524467862e+02
1.209205182943209707e+02;-1.466019222587757724e+02;-1.466000000000000227e+02;-4.373812673639666571e+01;-4.240522824755323228e+01;1.028637955223791067e+02;1.041947717524467976e+02
1.216186000646367944e+02;-1.468019002570909777e+02;-1.468000000000000114e+02;-4.387592348567368106e+01;-4.255522824755320244e+01;1.029259767714172966e+02;1.042447717524468089e+02
1.223207119049932601e+02;-1.470018785072066976e+02;-1.470000000000000284e+02;-4.401384553542592215e+01;-4.270522824755322944e+01;1.029880329717807683e+02;1.042947717524467919e+02
1.230268770812381121e+02;-1.472018570062416529e+02;-1.471999999999999886e+02;-4.415189218465427246e+01;-4.285522824755319959e+01;1.030499648215873805e+02;1.043447717524467890e+02
1.237371189935353186e+02;-1.474018357513477326e+02;-1.474000000000000341e+02;-4.429006273421157402e+01;-4.300522824755321949e+01;1.031117730171361586e+02;1.043947717524468146e+02
1.244514611771384409e+02;-1.476018147397091127e+02;-1.475999999999999659e+02;-4.442835648689141692e+01;-4.315522824755318965e+01;1.031734582528176958e+02;1.044447717524467691e+02
1.251699273031725568e+02;-1.478017939685425404e+02;-1.478000000000000114e+02;-4.456677274751686468e+01;-4.330522824755321665e+01;1.032350212210256757e+02;1.044947717524467947e+02
1.258925411794168809e+02;-1.480017734350963394e+02;-1.480000000000000568e+02;-4.470531082302753134e+01;-4.345522824755323654e+01;1.032964626120688081e+02;1.045447717524468203e+02
1.266193267510944338e+02;-1.482017531366502681e+02;-1.481999999999999886e+02;-4.484397002256636711e+01;-4.360522824755321381e+01;1.033577831140839010e+02;1.045947717524467748e+02
1.273503081016663003e+02;-1.484017330705154620e+02;-1.484000000000000341e+02;-4.498274965756547772e+01;-4.375522824755323370e+01;1.034189834129499843e+02;1.046447717524468004e+02
1.280855094536278500e+02;-1.486017132340335252e+02;-1.485999999999999943e+02;-4.512164904183062220e+01;-4.390522824755320386e+01;1.034800641922029030e+02;1.046947717524467976e+02
1.288249551693134833e+02;-1.488016936245767567e+02;-1.488000000000000114e+02;-4.526066749162544767e+01;-4.405522824755322375e+01;1.035410261329513162e+02;1.047447717524467805e+02
1.295686697517018899e+02;-1.490016742395471852e+02;-1.490000000000000000e+02;-4.539980432575413261e+01;-4.420522824755320102e+01;1.036018699137930525e+02;1.047947717524467919e+02
1.303166778452300036e+02;-1.492016550763769374e+02;-1.492000000000000171e+02;-4.553905886564375294e+01;-4.435522824755322091e+01;1.036625962107331844e+02;1.048447717524468032e+02
1.310690042366075829e+02;-1.494016361325270736e+02;-1.493999999999999773e+02;-4.567843043542497128e+01;-4.450522824755319107e+01;1.037232056971021024e+02;1.048947717524467862e+02
1.318256738556407299e+02;-1.496016174054881560e+02;-1.496000000000000227e+02;-4.581791836201261958e+01;-4.465522824755320386e+01;1.037836990434755364e+02;1.049447717524468260e+02
1.325867117760560632e+02;-1.498015988927790829e+02;-1.498000000000000398e+02;-4.595752197518442017e+01;-4.480522824755323086e+01;1.038440769175946627e+02;1.049947717524468089e+02
1.333521432163323936e+02;-1.500015805919472598e+02;-1.500000000000000000e+02;-4.609724060765935860e+01;-4.495522824755320812e+01;1.039043399842879012e+02;1.050447717524467919e+02
1.341219935405372325e+02;-1.502015625005683148e+02;-1.502000000000000455e+02;-4.623707359517506177e+01;-4.510522824755323512e+01;1.039644889053932530e+02;1.050947717524468032e+02
1.348962882591653170e+02;-1.504015446162452463e+02;-1.503999999999999773e+02;-4.637702027656358439e+01;-4.525522824755320528e+01;1.040245243396816619e+02;1.051447717524467720e+02
1.356750530299862589e+02;-1.506015269366089058e+02;-1.506000000000000227e+02;-4.651707999382704628e+01;-4.540522824755322517e+01;1.040844469427818524e+02;1.051947717524467976e+02
1.364583136588923935e+02;-1.508015094593168328e+02;-1.507999999999999829e+02;-4.665725209221146486e+01;-4.555522824755319533e+01;1.041442573671053680e+02;1.052447717524467805e+02
1.372460961007562616e+02;-1.510014921820537381e+02;-1.510000000000000000e+02;-4.679753592028028919e+01;-4.570522824755322233e+01;1.042039562617734418e+02;1.052947717524467777e+02
1.380384264602883775e+02;-1.512014751025304804e+02;-1.511999999999999886e+02;-4.693793082998620747e+01;-4.585522824755318538e+01;1.042635442725442658e+02;1.053447717524468032e+02
1.388353309929045736e+02;-1.514014582184843789e+02;-1.514000000000000057e+02;-4.707843617674271997e+01;-4.600522824755321238e+01;1.043230220417416660e+02;1.053947717524467862e+02
1.396368361055939147e+02;-1.516014415276785030e+02;-1.516000000000000227e+02;-4.721905131949387169e+01;-4.615522824755323938e+01;1.043823902081846313e+02;1.054447717524467834e+02
1.404429683577947401e+02;-1.518014250279014163e+02;-1.518000000000000114e+02;-4.735977562078356584e+01;-4.630522824755320954e+01;1.044416494071178505e+02;1.054947717524468089e+02
1.412537544622755377e+02;-1.520014087169672337e+02;-1.520000000000000284e+02;-4.750060844682376171e+01;-4.645522824755322233e+01;1.045008002701434719e+02;1.055447717524468061e+02
1.420692212860181769e+02;-1.522013925927148250e+02;-1.521999999999999886e+02;-4.764154916756118041e+01;-4.660522824755319959e+01;1.045598434251536446e+02;1.055947717524467890e+02
1.428893958511103790e+02;-1.524013766530080431e+02;-1.524000000000000341e+02;-4.778259715674372643e+01;-4.675522824755322659e+01;1.046187794962643238e+02;1.056447717524468146e+02
1.437143053356389828e+02;-1.526013608957348424e+02;-1.525999999999999659e+02;-4.792375179198508306e+01;-4.690522824755319675e+01;1.046776091037497594e+02;1.056947717524467691e+02
1.445439770745927888e+02;-1.528013453188077051e+02;-1.528000000000000114e+02;-4.806501245482904494e+01;-4.705522824755320954e+01;1.047363328639786602e+02;1.057447717524468089e+02
1.453784385607663694e+02;-1.530013299201627603e+02;-1.530000000000000568e+02;-4.820637853081208846e+01;-4.720522824755324365e+01;1.047949513893506719e+02;1.057947717524468203e+02
1.462177174456718376e+02;-1.532013146977596989e+02;-1.531999999999999886e+02;-4.834784940952545185e+01;-4.735522824755321381e+01;1.048534652882342471e+02;1.058447717524467748e+02
1.470618415404561858e+02;-1.534012996495818300e+02;-1.534000000000000341e+02;-4.848942448467607846e+01;-4.750522824755323370e+01;1.049118751649057515e+02;1.058947717524468004e+02
1.479108388168207284e+02;-1.536012847736352569e+02;-1.535999999999999943e+02;-4.863110315414615314e+01;-4.765522824755320386e+01;1.049701816194890966e+02;1.059447717524467976e+02
1.487647374079503209e+02;-1.538012700679490479e+02;-1.538000000000000114e+02;-4.877288482005227621e+01;-4.780522824755323086e+01;1.050283852478967788e+02;1.059947717524467805e+02
1.496235656094432898e+02;-1.540012555305747526e+02;-1.540000000000000000e+02;-4.891476888880283980e+01;-4.795522824755320102e+01;1.050864866417719128e+02;1.060447717524467919e+02
1.504873518802514525e+02;-1.542012411595862886e+02;-1.542000000000000171e+02;-4.905675477115519811e+01;-4.810522824755321381e+01;1.051444863884310905e+02;1.060947717524468032e+02
1.513561248436207052e+02;-1.544012269530794583e+02;-1.543999999999999773e+02;-4.919884188227100452e+01;-4.825522824755317686e+01;1.052023850708084467e+02;1.061447717524468004e+02
1.522299132880420416e+02;-1.546012129091720908e+02;-1.546000000000000227e+02;-4.934102964177132833e+01;-4.840522824755321807e+01;1.052601832674007625e+02;1.061947717524467976e+02
1.531087461682031972e+02;-1.548011990260033315e+02;-1.548000000000000398e+02;-4.948331747379001655e+01;-4.855522824755323796e+01;1.053178815522133220e+02;1.062447717524468089e+02
1.539926526059491891e+02;-1.550011853017335852e+02;-1.550000000000000000e+02;-4.962570480702657960e+01;-4.870522824755320812e+01;1.053754804947070056e+02;1.062947717524467919e+02
1.548816618912482852e+02;-1.552011717345446016e+02;-1.552000000000000455e+02;-4.976819107479802540e+01;-4.885522824755323512e+01;1.054329806597465762e+02;1.063447717524468032e+02
1.557758034831601890e+02;-1.554011583226385937e+02;-1.553999999999999773e+02;-4.991077571508923683e+01;-4.900522824755319817e+01;1.054903826075493498e+02;1.063947717524467862e+02
1.566751070108150259e+02;-1.556011450642386080e+02;-1.556000000000000227e+02;-5.005345817060310765e+01;-4.915522824755322517e+01;1.055476868936355004e+02;1.064447717524467976e+02
1.575796022743923572e+02;-1.558011319575877565e+02;-1.557999999999999829e+02;-5.019623788880885229e+01;-4.930522824755319533e+01;1.056048940687789042e+02;1.064947717524467805e+02
1.584893192461114211e+02;-1.560011190009495863e+02;-1.560000000000000000e+02;-5.033911432199023039e+01;-4.945522824755322233e+01;1.056620046789593630e+02;1.065447717524467777e+02
1.594042880712216288e+02;-1.562011061926071420e+02;-1.561999999999999886e+02;-5.048208692729188840e+01;-4.960522824755317828e+01;1.057190192653152536e+02;1.065947717524468032e+02
1.603245390690041745e+02;-1.564010935308634771e+02;-1.564000000000000057e+02;-5.062515516676560878e+01;-4.975522824755321238e+01;1.057759383640978683e+02;1.066447717524467862e+02
1.612501027337743267e+02;-1.566010810140407443e+02;-1.566000000000000227e+02;-5.076831850741485397e+01;-4.990522824755323938e+01;1.058327625066258975e+02;1.066947717524467834e+02
1.621810097358929852e+02;-1.568010686404804517e+02;-1.568000000000000114e+02;-5.091157642123886262e+01;-5.005522824755320244e+01;1.058894922192415891e+02;1.067447717524468089e+02
1.631172909227839511e+02;-1.570010564085431213e+02;-1.570000000000000284e+02;-5.105492838527571564e+01;-5.020522824755322233e+01;1.059461280232674056e+02;1.067947717524468061e+02
1.640589773199538683e+02;-1.572010443166078915e+02;-1.571999999999999886e+02;-5.119837388164413738e+01;-5.035522824755319959e+01;1.060026704349637612e+02;1.068447717524467890e+02
1.650061001320228513e+02;-1.574010323630726305e+02;-1.574000000000000341e+02;-5.134191239758494874e+01;-5.050522824755321949e+01;1.060591199654876817e+02;1.068947717524468146e+02
1.659586907437559660e+02;-1.576010205463533111e+02;-1.575999999999999659e+02;-5.148554342550092144e+01;-5.065522824755318965e+01;1.061154771208523897e+02;1.069447717524467691e+02
1.669167807211058232e+02;-1.578010088648842952e+02;-1.578000000000000114e+02;-5.162926646299649036e+01;-5.080522824755321665e+01;1.061717424018877978e+02;1.069947717524467947e+02
1.678804018122562240e+02;-1.580009973171176227e+02;-1.580000000000000568e+02;-5.177308101291578168e+01;-5.095522824755323654e+01;1.062279163042018411e+02;1.070447717524468203e+02
1.688495859486753261e+02;-1.582009859015230973e+02;-1.581999999999999886e+02;-5.191698658338032857e+01;-5.110522824755321381e+01;1.062839993181427758e+02;1.070947717524467748e+02
1.698243652461746080e+02;-1.584009746165882291e+02;-1.584000000000000341e+02;-5.206098268782579908e+01;-5.125522824755323370e+01;1.063399919287624300e+02;1.071447717524468004e+02
1.708047720059707899e+02;-1.586009634608175247e+02;-1.585999999999999943e+02;-5.220506884503747358e+01;-5.140522824755320386e+01;1.063958946157800511e+02;1.071947717524467976e+02
1.717908387157589516e+02;-1.588009524327328847e+02;-1.588000000000000114e+02;-5.234924457918550900e+01;-5.155522824755323086e+01;1.064517078535473757e+02;1.072447717524467805e+02
1.727825980507862766e+02;-1.590009415308728649e+02;-1.590000000000000000e+02;-5.249350941985859720e+01;-5.170522824755320102e+01;1.065074321110142677e+02;1.072947717524467919e+02
1.737800828749376194e+02;-1.592009307537930169e+02;-1.592000000000000171e+02;-5.263786290209759500e+01;-5.185522824755321381e+01;1.065630678516954220e+02;1.073447717524468032e+02
1.747833262418217259e+02;-1.594009201000651501e+02;-1.593999999999999773e+02;-5.278230456642748436e+01;-5.200522824755319107e+01;1.066186155336376657e+02;1.073947717524467862e+02
1.757923613958693068e+02;-1.596009095682776717e+02;-1.596000000000000227e+02;-5.292683395888931841e+01;-5.215522824755321807e+01;1.066740756093883533e+02;1.074447717524467976e+02
1.768072217734321612e+02;-1.598008991570349338e+02;-1.598000000000000398e+02;-5.307145063107061134e+01;-5.230522824755323796e+01;1.067294485259643295e+02;1.074947717524468089e+02
1.778279410038922776e+02;-1.600008888649572327e+02;-1.600000000000000000e+02;-5.321615414013545831e+01;-5.245522824755320812e+01;1.067847347248217744e+02;1.075447717524467919e+02
1.788545529107773007e+02;-1.602008786906810087e+02;-1.602000000000000455e+02;-5.336094404885376719e+01;-5.260522824755322802e+01;1.068399346418272415e+02;1.075947717524468175e+02
1.798870915128787260e+02;-1.604008686328577937e+02;-1.603999999999999773e+02;-5.350581992562932498e+01;-5.275522824755320528e+01;1.068950487072284687e+02;1.076447717524467720e+02
1.809255910253822037e+02;-1.606008586901550075e+02;-1.606000000000000227e+02;-5.365078134452776482e+01;-5.290522824755322517e+01;1.069500773456272498e+02;1.076947717524467976e+02
1.819700858609982674e+02;-1.608008488612549627e+02;-1.607999999999999829e+02;-5.379582788530296256e+01;-5.305522824755319533e+01;1.070050209759519930e+02;1.077447717524467805e+02
1.830206106311056828e+02;-1.610008391448553482e+02;-1.610000000000000000e+02;-5.394095913342353299e+01;-5.320522824755321523e+01;1.070598800114318152e+02;1.077947717524467919e+02
1.840772001468954500e+02;-1.612008295396685185e+02;-1.611999999999999886e+02;-5.408617468009776985e+01;-5.335522824755319249e+01;1.071146548595707486e+02;1.078447717524468032e+02
1.851398894205272256e+02;-1.614008200444216641e+02;-1.614000000000000057e+02;-5.423147412229862852e+01;-5.350522824755321238e+01;1.071693459221230285e+02;1.078947717524467862e+02
1.862087136662869398e+02;-1.616008106578566128e+02;-1.616000000000000227e+02;-5.437685706278722364e+01;-5.365522824755323228e+01;1.072239535950693892e+02;1.079447717524467976e+02
1.872837083017548423e+02;-1.618008013787293748e+02;-1.618000000000000114e+02;-5.452232311013620603e+01;-5.380522824755320954e+01;1.072784782685931759e+02;1.079947717524468089e+02
1.883649089489802009e+02;-1.620007922058104555e+02;-1.620000000000000284e+02;-5.466787187875230103e+01;-5.395522824755322944e+01;1.073329203270581615e+02;1.080447717524467919e+02
1.894523514356591534e+02;-1.622007831378841729e+02;-1.621999999999999886e+02;-5.481350298889776695e+01;-5.410522824755319959e+01;1.073872801489864059e+02;1.080947717524467890e+02
1.905460717963248385e+02;-1.624007741737490562e+02;-1.624000000000000341e+02;-5.495921606671189608e+01;-5.425522824755322659e+01;1.074415581070371672e+02;1.081447717524468146e+02
1.916461062735385212e+02;-1.626007653122170211e+02;-1.625999999999999659e+02;-5.510501074423099510e+01;-5.440522824755318965e+01;1.074957545679860260e+02;1.081947717524467691e+02
1.927524913190936502e+02;-1.628007565521139668e+02;-1.628000000000000114e+02;-5.525088665940856458e+01;-5.455522824755321665e+01;1.075498698927054022e+02;1.082447717524467947e+02
1.938652635952209664e+02;-1.630007478922789517e+02;-1.630000000000000568e+02;-5.539684345613406435e+01;-5.470522824755323654e+01;1.076039044361448873e+02;1.082947717524468203e+02
1.949844599758045547e+02;-1.632007393315643071e+02;-1.631999999999999886e+02;-5.554288078425149422e+01;-5.485522824755321381e+01;1.076578585473128129e+02;1.083447717524467748e+02
1.961101175476049434e+02;-1.634007308688357512e+02;-1.634000000000000341e+02;-5.568899829957740621e+01;-5.500522824755323370e+01;1.077117325692583449e+02;1.083947717524468004e+02
1.972422736114853308e+02;-1.636007225029716210e+02;-1.635999999999999943e+02;-5.583519566391774447e+01;-5.515522824755319675e+01;1.077655268390538765e+02;1.084447717524467976e+02
1.983809656836507145e+02;-1.638007142328635268e+02;-1.638000000000000114e+02;-5.598147254508485560e+01;-5.530522824755323086e+01;1.078192416877786712e+02;1.084947717524467805e+02
1.995262314968878741e+02;-1.640007060574153286e+02;-1.640000000000000000e+02;-5.612782861691307090e+01;-5.545522824755319391e+01;1.078728774405022648e+02;1.085447717524468061e+02
2.006781090018189957e+02;-1.642006979755437612e+02;-1.642000000000000171e+02;-5.627426355927453727e+01;-5.560522824755321381e+01;1.079264344162692169e+02;1.085947717524468032e+02
2.018366363681559790e+02;-1.644006899861777242e+02;-1.643999999999999773e+02;-5.642077705809359855e+01;-5.575522824755319107e+01;1.079799129280841328e+02;1.086447717524467862e+02
2.030018519859684432e+02;-1.646006820882585657e+02;-1.646000000000000227e+02;-5.656736880536146828e+01;-5.590522824755321096e+01;1.080333132828970975e+02;1.086947717524468118e+02
2.041737944669531544e+02;-1.648006742807395995e+02;-1.648000000000000398e+02;-5.671403849914952389e+01;-5.605522824755323086e+01;1.080866357815900756e+02;1.087447717524468089e+02
2.053525026457145941e+02;-1.650006665625860762e+02;-1.650000000000000000e+02;-5.686078584362262234e+01;-5.620522824755320812e+01;1.081398807189634539e+02;1.087947717524467919e+02
2.065380155810531164e+02;-1.652006589327754114e+02;-1.652000000000000455e+02;-5.700761054905177616e+01;-5.635522824755322802e+01;1.081930483837236352e+02;1.088447717524468175e+02
2.077303725572562882e+02;-1.654006513902962467e+02;-1.653999999999999773e+02;-5.715451233182587742e+01;-5.650522824755319817e+01;1.082461390584703622e+02;1.088947717524467862e+02
2.089296130854040712e+02;-1.656006439341492182e+02;-1.656000000000000227e+02;-5.730149091446357090e+01;-5.665522824755322517e+01;1.082991530196856473e+02;1.089447717524467976e+02
2.101357769046746853e+02;-1.658006365633461598e+02;-1.657999999999999829e+02;-5.744854602562384116e+01;-5.680522824755319533e+01;1.083520905377223187e+02;1.089947717524467805e+02
2.113489039836647692e+02;-1.660006292769103311e+02;-1.660000000000000000e+02;-5.759567740011688386e+01;-5.695522824755322233e+01;1.084049518767934472e+02;1.090447717524467777e+02
2.125690345217105346e+02;-1.662006220738760192e+02;-1.661999999999999886e+02;-5.774288477891364124e+01;-5.710522824755318538e+01;1.084577372949623850e+02;1.090947717524468032e+02
2.137962089502232459e+02;-1.664006149532887662e+02;-1.664000000000000057e+02;-5.789016790915571420e+01;-5.725522824755321238e+01;1.085104470441330591e+02;1.091447717524467862e+02
2.150304679340258645e+02;-1.666006079142049146e+02;-1.666000000000000227e+02;-5.803752654416391721e+01;-5.740522824755323228e+01;1.085630813700410044e+02;1.091947717524467976e+02
2.162718523727019999e+02;-1.668006009556914933e+02;-1.668000000000000114e+02;-5.818496044344693985e+01;-5.755522824755320244e+01;1.086156405122445534e+02;1.092447717524468089e+02
2.175204034019524499e+02;-1.670005940768265589e+02;-1.670000000000000284e+02;-5.833246937270951094e+01;-5.770522824755322944e+01;1.086681247041170479e+02;1.092947717524467919e+02
2.187761623949551790e+02;-1.672005872766982577e+02;-1.671999999999999886e+02;-5.848005310385958921e+01;-5.785522824755319959e+01;1.087205341728386685e+02;1.093447717524467890e+02
2.200391709637399629e+02;-1.674005805544056216e+02;-1.674000000000000341e+02;-5.862771141501583116e+01;-5.800522824755321949e+01;1.087728691393897975e+02;1.093947717524468146e+02
2.213094709605636581e+02;-1.676005739090576299e+02;-1.675999999999999659e+02;-5.877544409051381535e+01;-5.815522824755318965e+01;1.088251298185438145e+02;1.094447717524467691e+02
2.225871044793005353e+02;-1.678005673397737780e+02;-1.678000000000000114e+02;-5.892325092091258654e+01;-5.830522824755321665e+01;1.088773164188611986e+02;1.094947717524467947e+02
2.238721138568342326e+02;-1.680005608456833102e+02;-1.680000000000000568e+02;-5.907113170300008420e+01;-5.845522824755323654e+01;1.089294291426832331e+02;1.095447717524468203e+02
2.251645416744617876e+02;-1.682005544259256453e+02;-1.681999999999999886e+02;-5.921908623979855690e+01;-5.860522824755320670e+01;1.089814681861270884e+02;1.095947717524467748e+02
2.264644307593061967e+02;-1.684005480796500649e+02;-1.684000000000000341e+02;-5.936711434056957160e+01;-5.875522824755323370e+01;1.090334337390804933e+02;1.096447717524468004e+02
2.277718241857321857e+02;-1.686005418060154000e+02;-1.685999999999999943e+02;-5.951521582081809925e+01;-5.890522824755319675e+01;1.090853259851973007e+02;1.096947717524467976e+02
2.290867652767774700e+02;-1.688005356041904292e+02;-1.688000000000000114e+02;-5.966339050229693441e+01;-5.905522824755322375e+01;1.091371451018934948e+02;1.097447717524467805e+02
2.304092976055844701e+02;-1.690005294733529979e+02;-1.690000000000000000e+02;-5.981163821300989980e+01;-5.920522824755319391e+01;1.091888912603430981e+02;1.097947717524468061e+02
2.317394649968479712e+02;-1.692005234126908420e+02;-1.692000000000000171e+02;-5.995995878721543448e+01;-5.935522824755322091e+01;1.092405646254754004e+02;1.098447717524468032e+02
2.330773115282636354e+02;-1.694005174214005933e+02;-1.693999999999999773e+02;-6.010835206542896003e+01;-5.950522824755319107e+01;1.092921653559716333e+02;1.098947717524467862e+02
2.344228815319922603e+02;-1.696005114986883768e+02;-1.696000000000000227e+02;-6.025681789442570846e+01;-5.965522824755320386e+01;1.093436936042626684e+02;1.099447717524468260e+02
2.357762195961256850e+02;-1.698005056437692133e+02;-1.698000000000000398e+02;-6.040535612724232806e+01;-5.980522824755323796e+01;1.093951495165268852e+02;1.099947717524468089e+02
2.371373705661655151e+02;-1.700004998558671048e+02;-1.700000000000000000e+02;-6.055396662317862422e+01;-5.995522824755320812e+01;1.094465332326884806e+02;1.100447717524467919e+02
2.385063795465107717e+02;-1.702004941342150914e+02;-1.702000000000000455e+02;-6.070264924779898053e+01;-6.010522824755322802e+01;1.094978448864161180e+02;1.100947717524468175e+02
2.398832919019489793e+02;-1.704004884780547968e+02;-1.703999999999999773e+02;-6.085140387293272113e+01;-6.025522824755319817e+01;1.095490846051220757e+02;1.101447717524467862e+02
2.412681532591635118e+02;-1.706004828866367689e+02;-1.706000000000000227e+02;-6.100023037667509129e+01;-6.040522824755321807e+01;1.096002525099616776e+02;1.101947717524467976e+02
2.426610095082414205e+02;-1.708004773592197978e+02;-1.707999999999999829e+02;-6.114912864338680265e+01;-6.055522824755318823e+01;1.096513487158329951e+02;1.102447717524467947e+02
2.440619068041981450e+02;-1.710004718950715414e+02;-1.710000000000000000e+02;-6.129809856369419663e+01;-6.070522824755321523e+01;1.097023733313773448e+02;1.102947717524467919e+02
2.454708915685028501e+02;-1.712004664934676441e+02;-1.711999999999999886e+02;-6.144714003448814310e+01;-6.085522824755318538e+01;1.097533264589795010e+02;1.103447717524468032e+02
2.468880104906208999e+02;-1.714004611536924472e+02;-1.714000000000000057e+02;-6.159625295892336538e+01;-6.100522824755320528e+01;1.098042081947690747e+02;1.103947717524468004e+02
2.483133105295572989e+02;-1.716004558750381364e+02;-1.716000000000000227e+02;-6.174543724641671361e+01;-6.115522824755323938e+01;1.098550186286214227e+02;1.104447717524467834e+02
2.497468389154143438e+02;-1.718004506568050829e+02;-1.718000000000000114e+02;-6.189469281264546652e+01;-6.130522824755320244e+01;1.099057578441596092e+02;1.104947717524468089e+02
2.511886431509582280e+02;-1.720004454983018718e+02;-1.720000000000000284e+02;-6.204401957954541302e+01;-6.145522824755322944e+01;1.099564259187564517e+02;1.105447717524467919e+02
2.526387710131895403e+02;-1.722004403988447052e+02;-1.721999999999999886e+02;-6.219341747530790343e+01;-6.160522824755319249e+01;1.100070229235367947e+02;1.105947717524468032e+02
2.540972705549306454e+02;-1.724004353577578570e+02;-1.724000000000000341e+02;-6.234288643437743360e+01;-6.175522824755321949e+01;1.100575489233804234e+02;1.106447717524468146e+02
2.555641901064136903e+02;-1.726004303743731612e+02;-1.725999999999999659e+02;-6.249242639744796435e+01;-6.190522824755318965e+01;1.101080039769252039e+02;1.106947717524467691e+02
2.570395782768864592e+02;-1.728004254480302393e+02;-1.728000000000000114e+02;-6.264203731145976661e+01;-6.205522824755320954e+01;1.101583881365704656e+02;1.107447717524468089e+02
2.585234839562193656e+02;-1.730004205780761595e+02;-1.730000000000000568e+02;-6.279171912959508006e+01;-6.220522824755322944e+01;1.102087014484810794e+02;1.107947717524468203e+02
2.600159563165271948e+02;-1.732004157638654362e+02;-1.731999999999999886e+02;-6.294147181127393509e+01;-6.235522824755319959e+01;1.102589439525914941e+02;1.108447717524467890e+02
2.615170448137999983e+02;-1.734004110047601728e+02;-1.734000000000000341e+02;-6.309129532214968350e+01;-6.250522824755323370e+01;1.103091156826104964e+02;1.108947717524468004e+02
2.630267991895381670e+02;-1.736004063001294639e+02;-1.735999999999999943e+02;-6.324118963410353444e+01;-6.265522824755320386e+01;1.103592166660259295e+02;1.109447717524467976e+02
2.645452694724051526e+02;-1.738004016493499932e+02;-1.738000000000000114e+02;-6.339115472523961614e+01;-6.280522824755322375e+01;1.104092469241103771e+02;1.109947717524467805e+02
2.660725059798808729e+02;-1.740003970518052085e+02;-1.740000000000000000e+02;-6.354119057987876573e+01;-6.295522824755319391e+01;1.104592064719264499e+02;1.110447717524468061e+02
2.676085593199333061e+02;-1.742003925068859758e+02;-1.742000000000000171e+02;-6.369129718855283784e+01;-6.310522824755321381e+01;1.105090953183331379e+02;1.110947717524468032e+02
2.691534803926913924e+02;-1.744003880139896978e+02;-1.743999999999999773e+02;-6.384147454799781229e+01;-6.325522824755319107e+01;1.105589134659918784e+02;1.111447717524467862e+02
2.707073203921357845e+02;-1.746003835725211673e+02;-1.746000000000000227e+02;-6.399172266114732821e+01;-6.340522824755322517e+01;1.106086609113738461e+02;1.111947717524467976e+02
2.722701308077915314e+02;-1.748003791818916568e+02;-1.748000000000000398e+02;-6.414204153712509537e+01;-6.355522824755323086e+01;1.106583376447665614e+02;1.112447717524468089e+02
2.738419634264361093e+02;-1.750003748415191467e+02;-1.750000000000000000e+02;-6.429243119123746908e+01;-6.370522824755320102e+01;1.107079436502816776e+02;1.112947717524467919e+02
2.754228703338168884e+02;-1.752003705508285520e+02;-1.752000000000000455e+02;-6.444289164496565547e+01;-6.385522824755322802e+01;1.107574789058628966e+02;1.113447717524468175e+02
2.770129039163732614e+02;-1.754003663092511260e+02;-1.753999999999999773e+02;-6.459342292595698609e+01;-6.400522824755319107e+01;1.108069433832941399e+02;1.113947717524467862e+02
2.786121168629772455e+02;-1.756003621162247725e+02;-1.756000000000000227e+02;-6.474402506801659740e+01;-6.415522824755322517e+01;1.108563370482081751e+02;1.114447717524467976e+02
2.802205621666745401e+02;-1.758003579711937050e+02;-1.757999999999999829e+02;-6.489469811109792374e+01;-6.430522824755318823e+01;1.109056598600957813e+02;1.114947717524467947e+02
2.818382931264454783e+02;-1.760003538736087307e+02;-1.760000000000000000e+02;-6.504544210129367343e+01;-6.445522824755322233e+01;1.109549117723150573e+02;1.115447717524467777e+02
2.834653633489664912e+02;-1.762003498229265404e+02;-1.761999999999999886e+02;-6.519625709082546905e+01;-6.460522824755318538e+01;1.110040927321010713e+02;1.115947717524468032e+02
2.851018267503909556e+02;-1.764003458186104751e+02;-1.763999999999999773e+02;-6.534714313803405616e+01;-6.475522824755320528e+01;1.110532026805764190e+02;1.116447717524467720e+02
2.867477375581319166e+02;-1.766003418601297881e+02;-1.766000000000000227e+02;-6.549810030736820465e+01;-6.490522824755323938e+01;1.111022415527615834e+02;1.116947717524467834e+02
2.884031503126605571e+02;-1.768003379469597292e+02;-1.768000000000000114e+02;-6.564912866937389424e+01;-6.505522824755320244e+01;1.111512092775858349e+02;1.117447717524468089e+02
2.900681198693155807e+02;-1.770003340785818295e+02;-1.770000000000000000e+02;-6.580022830068293160e+01;-6.520522824755322233e+01;1.112001057778988979e+02;1.117947717524467777e+02
2.917427014001165730e+02;-1.772003302544831911e+02;-1.771999999999999886e+02;-6.595139928400074325e+01;-6.535522824755319959e+01;1.112489309704824478e+02;1.118447717524467890e+02
2.934269503955970322e+02;-1.774003264741572252e+02;-1.774000000000000341e+02;-6.610264170809446682e+01;-6.550522824755321949e+01;1.112976847660627584e+02;1.118947717524468146e+02
2.951209226666384211e+02;-1.776003227371027720e+02;-1.775999999999999659e+02;-6.625395566777984868e+01;-6.565522824755319675e+01;1.113463670693229233e+02;1.119447717524467691e+02
2.968246743463242865e+02;-1.778003190428245546e+02;-1.778000000000000114e+02;-6.640534126390852521e+01;-6.580522824755321665e+01;1.113949777789160294e+02;1.119947717524467947e+02
2.985382618917963100e+02;-1.780003153908330091e+02;-1.780000000000000568e+02;-6.655679860335402509e+01;-6.595522824755323654e+01;1.114435167874789840e+02;1.120447717524468203e+02
3.002617420861267306e+02;-1.782003117806439718e+02;-1.781999999999999886e+02;-6.670832779899805587e+01;-6.610522824755321381e+01;1.114919839816459159e+02;1.120947717524467748e+02
3.019951720402019077e+02;-1.784003082117791621e+02;-1.784000000000000341e+02;-6.685992896971600885e+01;-6.625522824755323370e+01;1.115403792420631532e+02;1.121447717524468004e+02
3.037386091946104330e+02;-1.786003046837653585e+02;-1.785999999999999943e+02;-6.701160224036189561e+01;-6.640522824755319675e+01;1.115887024434034629e+02;1.121947717524467976e+02
3.054921113215515334e+02;-1.788003011961351945e+02;-1.788000000000000114e+02;-6.716334774175322764e+01;-6.655522824755323086e+01;1.116369534543819668e+02;1.122447717524467805e+02
3.072557365267445562e+02;-1.790002977484262487e+02;-1.790000000000000000e+02;-6.731516561065491544e+01;-6.670522824755319391e+01;1.116851321377713333e+02;1.122947717524468061e+02
3.090295432513592004e+02;-1.792002943401817276e+02;-1.792000000000000171e+02;-6.746705598976330975e+01;-6.685522824755321381e+01;1.117332383504184179e+02;1.123447717524468032e+02
3.108135902739473408e+02;-1.794002909709497828e+02;-1.793999999999999773e+02;-6.761901902768903483e+01;-6.700522824755319107e+01;1.117812719432607480e+02;1.123947717524467862e+02
3.126079367123955990e+02;-1.796002876402839661e+02;-1.796000000000000227e+02;-6.777105487894013436e+01;-6.715522824755322517e+01;1.118292327613438317e+02;1.124447717524467976e+02
3.144126420258799044e+02;-1.798002843477428314e+02;-1.798000000000000398e+02;-6.792316370390398106e+01;-6.730522824755323086e+01;1.118771206438388504e+02;1.124947717524468089e+02
3.162277660168379612e+02;-1.800002810928898782e+02;-1.800000000000000000e+02;-6.807534566882920046e+01;-6.745522824755320812e+01;1.119249354240606777e+02;1.125447717524467919e+02
3.180533688329523443e+02;-1.802002778752938923e+02;-1.802000000000000455e+02;-6.822760094580698365e+01;-6.760522824755321381e+01;1.119726769294869086e+02;1.125947717524468317e+02
3.198895109691397352e+02;-1.804002746945282354e+02;-1.803999999999999773e+02;-6.837992971275153309e+01;-6.775522824755320528e+01;1.120203449817767023e+02;1.126447717524467720e+02
3.217362532695601089e+02;-1.806002715501715556e+02;-1.806000000000000227e+02;-6.853233215338063644e+01;-6.790522824755322517e+01;1.120679393967909192e+02;1.126947717524467976e+02
3.235936569296280823e+02;-1.808002684418069066e+02;-1.807999999999999829e+02;-6.868480845719487604e+01;-6.805522824755318823e+01;1.121154599846120306e+02;1.127447717524467947e+02
3.254617834980460316e+02;-1.810002653690224577e+02;-1.810000000000000000e+02;-6.883735881945729318e+01;-6.820522824755322233e+01;1.121629065495651645e+02;1.127947717524467777e+02
3.273406948788379509e+02;-1.812002623314108405e+02;-1.811999999999999886e+02;-6.898998344117134707e+01;-6.835522824755318538e+01;1.122102788902394934e+02;1.128447717524468032e+02
3.292304533334065582e+02;-1.814002593285695752e+02;-1.814000000000000057e+02;-6.914268252905952750e+01;-6.850522824755320528e+01;1.122575767995100477e+02;1.128947717524468004e+02
3.311311214825914249e+02;-1.816002563601005875e+02;-1.816000000000000227e+02;-6.929545629554030484e+01;-6.865522824755322517e+01;1.123048000645602826e+02;1.129447717524467976e+02
3.330427623087463189e+02;-1.818002534256104070e+02;-1.818000000000000114e+02;-6.944830495870517950e+01;-6.880522824755321665e+01;1.123519484669052275e+02;1.129947717524467947e+02
3.349654391578279160e+02;-1.820002505247101965e+02;-1.820000000000000284e+02;-6.960122874229514878e+01;-6.895522824755322233e+01;1.123990217824150477e+02;1.130447717524468061e+02
3.368992157414905932e+02;-1.822002476570154101e+02;-1.821999999999999886e+02;-6.975422787567592309e+01;-6.910522824755319959e+01;1.124460197813394871e+02;1.130947717524467890e+02
3.388441561392027666e+02;-1.824002448221460497e+02;-1.824000000000000341e+02;-6.990730259381349754e+01;-6.925522824755321949e+01;1.124929422283325522e+02;1.131447717524468146e+02
3.408003248003648196e+02;-1.826002420197262381e+02;-1.825999999999999659e+02;-7.006045313724811763e+01;-6.940522824755319675e+01;1.125397888824781205e+02;1.131947717524467691e+02
3.427677865464504521e+02;-1.828002392493846742e+02;-1.828000000000000114e+02;-7.021367975206852918e+01;-6.955522824755321665e+01;1.125865594973161450e+02;1.132447717524467947e+02
3.447466065731497906e+02;-1.830002365107542062e+02;-1.830000000000000568e+02;-7.036698268988480720e+01;-6.970522824755323654e+01;1.126332538208693990e+02;1.132947717524468203e+02
3.467368504525316553e+02;-1.832002338034717468e+02;-1.831999999999999886e+02;-7.052036220780099995e+01;-6.985522824755319959e+01;1.126798715956707468e+02;1.133447717524467890e+02
3.487385841352187299e+02;-1.834002311271785288e+02;-1.834000000000000341e+02;-7.067381856838721887e+01;-7.000522824755323370e+01;1.127264125587913099e+02;1.133947717524468004e+02
3.507518739525679621e+02;-1.836002284815197640e+02;-1.835999999999999943e+02;-7.082735203965040682e+01;-7.015522824755319675e+01;1.127728764418693572e+02;1.134447717524467976e+02
3.527767866188742119e+02;-1.838002258661449844e+02;-1.838000000000000114e+02;-7.098096289500527689e+01;-7.030522824755323086e+01;1.128192629711397075e+02;1.134947717524467805e+02
3.548133892335753217e+02;-1.840002232807073597e+02;-1.840000000000000000e+02;-7.113465141324378749e+01;-7.045522824755319391e+01;1.128655718674635722e+02;1.135447717524468061e+02
3.568617492834813447e+02;-1.842002207248643515e+02;-1.842000000000000171e+02;-7.128841787850464584e+01;-7.060522824755321381e+01;1.129118028463597057e+02;1.135947717524468032e+02
3.589219346450049670e+02;-1.844002181982770594e+02;-1.843999999999999773e+02;-7.144226258024126253e+01;-7.075522824755319107e+01;1.129579556180357969e+02;1.136447717524467862e+02
3.609940135864167132e+02;-1.846002157006108177e+02;-1.846000000000000227e+02;-7.159618581318996178e+01;-7.090522824755321096e+01;1.130040298874208560e+02;1.136947717524468118e+02
3.630780547701017440e+02;-1.848002132315344284e+02;-1.848000000000000398e+02;-7.175018787733645809e+01;-7.105522824755323086e+01;1.130500253541979703e+02;1.137447717524468089e+02
3.651741272548376855e+02;-1.850002107907206437e+02;-1.850000000000000000e+02;-7.190426907788230437e+01;-7.120522824755319391e+01;1.130959417128383393e+02;1.137947717524468061e+02
3.672823004980849646e+02;-1.852002083778460815e+02;-1.852000000000000455e+02;-7.205842972521051593e+01;-7.135522824755322802e+01;1.131417786526355655e+02;1.138447717524468175e+02
3.694026443582833963e+02;-1.854002059925907702e+02;-1.853999999999999773e+02;-7.221267013484978747e+01;-7.150522824755320528e+01;1.131875358577409827e+02;1.138947717524467720e+02
3.715352290971727598e+02;-1.856002036346387172e+02;-1.856000000000000227e+02;-7.236699062743898025e+01;-7.165522824755322517e+01;1.132332130071997369e+02;1.139447717524467976e+02
3.736801253821155910e+02;-1.858002013036772553e+02;-1.857999999999999829e+02;-7.252139152868970484e+01;-7.180522824755318823e+01;1.132788097749875504e+02;1.139947717524467947e+02
3.758374042884443043e+02;-1.860001989993975826e+02;-1.860000000000000000e+02;-7.267587316934908870e+01;-7.195522824755322233e+01;1.133243258300484939e+02;1.140447717524467777e+02
3.780071373018108716e+02;-1.862001967214941942e+02;-1.861999999999999886e+02;-7.283043588516092370e+01;-7.210522824755318538e+01;1.133697608363332705e+02;1.140947717524468032e+02
3.801893963205612863e+02;-1.864001944696652231e+02;-1.864000000000000057e+02;-7.298508001682669999e+01;-7.225522824755320528e+01;1.134151144528385231e+02;1.141447717524468004e+02
3.823842536581130389e+02;-1.866001922436122413e+02;-1.866000000000000227e+02;-7.313980590996519027e+01;-7.240522824755323938e+01;1.134603863336470511e+02;1.141947717524467834e+02
3.845917820453535114e+02;-1.868001900430400610e+02;-1.868000000000000114e+02;-7.329461391507149415e+01;-7.255522824755320244e+01;1.135055761279685669e+02;1.142447717524468089e+02
3.868120546330524689e+02;-1.870001878676572176e+02;-1.870000000000000284e+02;-7.344950438747554244e+01;-7.270522824755322233e+01;1.135506834801816751e+02;1.142947717524468061e+02
3.890451449942804629e+02;-1.872001857171751737e+02;-1.871999999999999886e+02;-7.360447768729882512e+01;-7.285522824755319959e+01;1.135957080298763486e+02;1.143447717524467890e+02
3.912911271268532118e+02;-1.874001835913091156e+02;-1.874000000000000341e+02;-7.375953417941137502e+01;-7.300522824755323370e+01;1.136406494118977406e+02;1.143947717524468004e+02
3.935500754557772325e+02;-1.876001814897770714e+02;-1.875999999999999659e+02;-7.391467423338681897e+01;-7.315522824755319675e+01;1.136855072563902525e+02;1.144447717524467691e+02
3.958220648357226423e+02;-1.878001794123006789e+02;-1.878000000000000114e+02;-7.406989822345747143e+01;-7.330522824755321665e+01;1.137302811888432075e+02;1.144947717524467947e+02
3.981071705534977241e+02;-1.880001773586045033e+02;-1.880000000000000568e+02;-7.422520652846765188e+01;-7.345522824755323654e+01;1.137749708301368514e+02;1.145447717524468203e+02
4.004054683305463982e+02;-1.882001753284162930e+02;-1.881999999999999886e+02;-7.438059953182674633e+01;-7.360522824755319959e+01;1.138195757965895467e+02;1.145947717524467890e+02
4.027170343254595082e+02;-1.884001733214670935e+02;-1.884000000000000341e+02;-7.453607762146110360e+01;-7.375522824755323370e+01;1.138640957000059899e+02;1.146447717524468004e+02
4.050419451364930978e+02;-1.886001713374907354e+02;-1.885999999999999943e+02;-7.469164118976480893e+01;-7.390522824755319675e+01;1.139085301477259264e+02;1.146947717524467976e+02
4.073802778041130068e+02;-1.888001693762244315e+02;-1.888000000000000114e+02;-7.484729063354994594e+01;-7.405522824755321665e+01;1.139528787426744856e+02;1.147447717524467947e+02
4.097321098135413422e+02;-1.890001674374080949e+02;-1.890000000000000000e+02;-7.500302635399530971e+01;-7.420522824755319391e+01;1.139971410834127852e+02;1.147947717524468061e+02
4.120975190973304052e+02;-1.892001655207849069e+02;-1.892000000000000171e+02;-7.515884875659486397e+01;-7.435522824755321381e+01;1.140413167641900429e+02;1.148447717524468032e+02
4.144765840379388351e+02;-1.894001636261006354e+02;-1.893999999999999773e+02;-7.531475825110447886e+01;-7.450522824755319107e+01;1.140854053749961565e+02;1.148947717524467862e+02
4.168693834703354923e+02;-1.896001617531043166e+02;-1.896000000000000227e+02;-7.547075525148841280e+01;-7.465522824755321096e+01;1.141294065016159038e+02;1.149447717524468118e+02
4.192759966846059001e+02;-1.898001599015476870e+02;-1.898000000000000398e+02;-7.562684017586411755e+01;-7.480522824755323086e+01;1.141733197256835695e+02;1.149947717524468089e+02
4.216965034285822753e+02;-1.900001580711851830e+02;-1.900000000000000000e+02;-7.578301344644647486e+01;-7.495522824755320812e+01;1.142171446247387081e+02;1.150447717524467919e+02
4.241309839104885668e+02;-1.902001562617743957e+02;-1.902000000000000455e+02;-7.593927548949112349e+01;-7.510522824755322802e+01;1.142608807722832722e+02;1.150947717524468175e+02
4.265795188015925419e+02;-1.904001544730753608e+02;-1.903999999999999773e+02;-7.609562673523616638e+01;-7.525522824755319107e+01;1.143045277378391944e+02;1.151447717524467862e+02
4.290421892388857259e+02;-1.906001527048510980e+02;-1.906000000000000227e+02;-7.625206761784365028e+01;-7.540522824755322517e+01;1.143480850870074477e+02;1.151947717524467976e+02
4.315190768277649909e+02;-1.908001509568671850e+02;-1.907999999999999829e+02;-7.640859857533916966e+01;-7.555522824755318823e+01;1.143915523815280153e+02;1.152447717524467947e+02
4.340102636447439863e+02;-1.910001492288919849e+02;-1.910000000000000000e+02;-7.656522004955134264e+01;-7.570522824755320812e+01;1.144349291793406422e+02;1.152947717524467919e+02
4.365158322401656505e+02;-1.912001475206963903e+02;-1.911999999999999886e+02;-7.672193248604928328e+01;-7.585522824755318538e+01;1.144782150346471070e+02;1.153447717524468032e+02
4.390358656409447349e+02;-1.914001458320541076e+02;-1.914000000000000057e+02;-7.687873633407988905e+01;-7.600522824755320528e+01;1.145214094979742185e+02;1.153947717524468004e+02
4.415704473533129999e+02;-1.916001441627412305e+02;-1.916000000000000227e+02;-7.703563204650339458e+01;-7.615522824755322517e+01;1.145645121162378359e+02;1.154447717524467976e+02
4.441196613655889109e+02;-1.918001425125364960e+02;-1.918000000000000114e+02;-7.719262007972824335e+01;-7.630522824755320244e+01;1.146075224328082527e+02;1.154947717524468089e+02
4.466835921509634773e+02;-1.920001408812212844e+02;-1.920000000000000284e+02;-7.734970089364487933e+01;-7.645522824755322233e+01;1.146504399875764051e+02;1.155447717524468061e+02
4.492623246702932533e+02;-1.922001392685791927e+02;-1.921999999999999886e+02;-7.750687495155813167e+01;-7.660522824755319959e+01;1.146932643170210611e+02;1.155947717524467890e+02
4.518559443749226148e+02;-1.924001376743967171e+02;-1.924000000000000341e+02;-7.766414272011903108e+01;-7.675522824755321949e+01;1.147359949542776860e+02;1.156447717524468146e+02
4.544645372095084781e+02;-1.926001360984622863e+02;-1.925999999999999659e+02;-7.782150466925489241e+01;-7.690522824755318254e+01;1.147786314292073939e+02;1.156947717524467834e+02
4.570881896148752048e+02;-1.928001345405672851e+02;-1.928000000000000114e+02;-7.797896127209911299e+01;-7.705522824755321665e+01;1.148211732684681721e+02;1.157447717524467947e+02
4.597269885308727453e+02;-1.930001330005051159e+02;-1.930000000000000568e+02;-7.813651300491900997e+01;-7.720522824755323654e+01;1.148636199955861059e+02;1.157947717524468203e+02
4.623810213992603622e+02;-1.932001314780715688e+02;-1.931999999999999886e+02;-7.829416034704316019e+01;-7.735522824755321381e+01;1.149059711310284086e+02;1.158447717524467748e+02
4.650503761666067817e+02;-1.934001299730649919e+02;-1.934000000000000341e+02;-7.845190378078763160e+01;-7.750522824755323370e+01;1.149482261922773603e+02;1.158947717524468004e+02
4.677351412871981324e+02;-1.936001284852857793e+02;-1.935999999999999943e+02;-7.860974379138055212e+01;-7.765522824755319675e+01;1.149903846939052272e+02;1.159447717524467976e+02
4.704354057259764659e+02;-1.938001270145368267e+02;-1.938000000000000114e+02;-7.876768086688640835e+01;-7.780522824755321665e+01;1.150324461476504183e+02;1.159947717524467947e+02
4.731512589614802664e+02;-1.940001255606231325e+02;-1.940000000000000000e+02;-7.892571549812834064e+01;-7.795522824755317970e+01;1.150744100624947919e+02;1.160447717524468203e+02
4.758827909888170780e+02;-1.942001241233521398e+02;-1.942000000000000171e+02;-7.908384817861022498e+01;-7.810522824755321381e+01;1.151162759447419148e+02;1.160947717524468032e+02
4.786300923226380064e+02;-1.944001227025331104e+02;-1.943999999999999773e+02;-7.924207940443680798e+01;-7.825522824755319107e+01;1.151580432980963025e+02;1.161447717524467862e+02
4.813932540001448501e+02;-1.946001212979779780e+02;-1.946000000000000227e+02;-7.940040967423345819e+01;-7.840522824755319675e+01;1.151997116237445198e+02;1.161947717524468260e+02
4.841723675840999022e+02;-1.948001199095003813e+02;-1.948000000000000398e+02;-7.955883948906431158e+01;-7.855522824755323086e+01;1.152412804204360697e+02;1.162447717524468089e+02
4.869675251658630941e+02;-1.950001185369163466e+02;-1.950000000000000000e+02;-7.971736935234942223e+01;-7.870522824755320812e+01;1.152827491845669243e+02;1.162947717524467919e+02
4.897788193684466478e+02;-1.952001171800439749e+02;-1.952000000000000455e+02;-7.987599976978124516e+01;-7.885522824755321381e+01;1.153241174102627298e+02;1.163447717524468317e+02
4.926063433495771164e+02;-1.954001158387033570e+02;-1.953999999999999773e+02;-8.003473124923911541e+01;-7.900522824755319107e+01;1.153653845894642416e+02;1.163947717524467862e+02
4.954501908047905658e+02;-1.956001145127168002e+02;-1.956000000000000227e+02;-8.019356430070372710e+01;-7.915522824755322517e+01;1.154065502120130731e+02;1.164447717524467976e+02
4.983104559705292900e+02;-1.958001132019084594e+02;-1.957999999999999829e+02;-8.035249943616945245e+01;-7.930522824755318823e+01;1.154476137657390069e+02;1.164947717524467947e+02
5.011872336272724624e+02;-1.960001119061047063e+02;-1.960000000000000000e+02;-8.051153716955661821e+01;-7.945522824755320812e+01;1.154885747365480881e+02;1.165447717524467919e+02
5.040806191026690612e+02;-1.962001106251336182e+02;-1.961999999999999886e+02;-8.067067801662160775e+01;-7.960522824755318538e+01;1.155294326085120105e+02;1.165947717524468032e+02
5.069907082747044456e+02;-1.964001093588256026e+02;-1.964000000000000057e+02;-8.082992249486699166e+01;-7.975522824755320528e+01;1.155701868639586110e+02;1.166447717524468004e+02
5.099175975748706833e+02;-1.966001081070127157e+02;-1.966000000000000227e+02;-8.098927112344959767e+01;-7.990522824755322517e+01;1.156108369835631180e+02;1.166947717524467976e+02
5.128613839913648462e+02;-1.968001068695290030e+02;-1.968000000000000114e+02;-8.114872442308819700e+01;-8.005522824755320244e+01;1.156513824464408060e+02;1.167447717524468089e+02
5.158221650723061202e+02;-1.970001056462105282e+02;-1.970000000000000284e+02;-8.130828291596998270e+01;-8.020522824755322233e+01;1.156918227302405455e+02;1.167947717524468061e+02
5.188000389289609302e+02;-1.972001044368950602e+02;-1.971999999999999886e+02;-8.146794712565566954e+01;-8.035522824755319959e+01;1.157321573112393907e+02;1.168447717524467890e+02
5.217951042390025123e+02;-1.974001032414224426e+02;-1.974000000000000341e+02;-8.162771757698411079e+01;-8.050522824755321949e+01;1.157723856644383318e+02;1.168947717524468146e+02
5.248074602497722481e+02;-1.976001020596340254e+02;-1.975999999999999659e+02;-8.178759479597525228e+01;-8.065522824755318254e+01;1.158125072636587731e+02;1.169447717524467834e+02
5.278372067815769242e+02;-1.978001008913733756e+02;-1.978000000000000114e+02;-8.194757930973287330e+01;-8.080522824755320244e+01;1.158525215816405023e+02;1.169947717524468089e+02
5.308844442309889473e+02;-1.980000997364855380e+02;-1.980000000000000568e+02;-8.210767164634530957e+01;-8.095522824755323654e+01;1.158924280901402284e+02;1.170447717524468203e+02
5.339492735741766865e+02;-1.982000985948174048e+02;-1.981999999999999886e+02;-8.226787233478611938e+01;-8.110522824755319959e+01;1.159322262600312854e+02;1.170947717524467890e+02
5.370317963702532325e+02;-1.984000974662177441e+02;-1.984000000000000341e+02;-8.242818190481338547e+01;-8.125522824755323370e+01;1.159719155614043586e+02;1.171447717524468004e+02
5.401321147646348209e+02;-1.986000963505368873e+02;-1.985999999999999943e+02;-8.258860088686779477e+01;-8.140522824755319675e+01;1.160114954636690925e+02;1.171947717524467976e+02
5.432503314924335882e+02;-1.988000952476270129e+02;-1.988000000000000114e+02;-8.274912981197034867e+01;-8.155522824755321665e+01;1.160509654356566642e+02;1.172447717524467947e+02
5.463865498818539663e+02;-1.990000941573418913e+02;-1.990000000000000000e+02;-8.290976921161843904e+01;-8.170522824755317970e+01;1.160903249457234523e+02;1.172947717524468203e+02
5.495408738576247742e+02;-1.992000930795370834e+02;-1.992000000000000171e+02;-8.307051961768186743e+01;-8.185522824755321381e+01;1.161295734618552160e+02;1.173447717524468032e+02
5.527134079444344934e+02;-1.994000920140696564e+02;-1.993999999999999773e+02;-8.323138156229687468e+01;-8.200522824755317686e+01;1.161687104517727818e+02;1.173947717524468004e+02
5.559042572704037184e+02;-1.996000909607984397e+02;-1.996000000000000227e+02;-8.339235557776052588e+01;-8.215522824755319675e+01;1.162077353830379138e+02;1.174447717524468260e+02
5.591135275705607910e+02;-1.998000899195838258e+02;-1.998000000000000398e+02;-8.355344219642306314e+01;-8.230522824755323086e+01;1.162466477231607627e+02;1.174947717524468089e+02
5.623413251903490391e+02;-2.000000888902877136e+02;-2.000000000000000000e+02;-8.371464195058015889e+01;-8.245522824755320812e+01;1.162854469397075547e+02;1.175447717524467919e+02
5.655877570891544792e+02;-2.002000878727737643e+02;-2.002000000000000455e+02;-8.387595537236427390e+01;-8.260522824755321381e+01;1.163241325004094904e+02;1.175947717524468317e+02
5.688529308438413636e+02;-2.004000868669070883e+02;-2.003999999999999773e+02;-8.403738299363462261e+01;-8.275522824755319107e+01;1.163627038732724657e+02;1.176447717524467862e+02
5.721369546523267218e+02;-2.006000858725543878e+02;-2.006000000000000227e+02;-8.419892534586733746e+01;-8.290522824755322517e+01;1.164011605266870504e+02;1.176947717524467976e+02
5.754399373371566071e+02;-2.008000848895838146e+02;-2.007999999999999829e+02;-8.436058296004375734e+01;-8.305522824755317401e+01;1.164395019295400573e+02;1.177447717524468089e+02
5.787619883491208839e+02;-2.010000839178651404e+02;-2.010000000000000000e+02;-8.452235636653908557e+01;-8.320522824755320812e+01;1.164777275513260548e+02;1.177947717524467919e+02
5.821032177708709696e+02;-2.012000829572695011e+02;-2.011999999999999886e+02;-8.468424609500920042e+01;-8.335522824755318538e+01;1.165158368622603007e+02;1.178447717524468032e+02
5.854637363205772544e+02;-2.014000820076696812e+02;-2.014000000000000057e+02;-8.484625267427796302e+01;-8.350522824755320528e+01;1.165538293333917181e+02;1.178947717524468004e+02
5.888436553555895898e+02;-2.016000810689397156e+02;-2.016000000000000227e+02;-8.500837663222279161e+01;-8.365522824755322517e+01;1.165917044367169240e+02;1.179447717524467976e+02
5.922430868761305192e+02;-2.018000801409551741e+02;-2.018000000000000114e+02;-8.517061849566020726e+01;-8.380522824755320244e+01;1.166294616452949668e+02;1.179947717524468089e+02
5.956621435290109048e+02;-2.020000792235931613e+02;-2.020000000000000284e+02;-8.533297879023082544e+01;-8.395522824755322233e+01;1.166671004333623358e+02;1.180447717524468061e+02
5.991009386113537403e+02;-2.022000783167319469e+02;-2.021999999999999886e+02;-8.549545804028318230e+01;-8.410522824755319959e+01;1.167046202764487646e+02;1.180947717524467890e+02
6.025595860743580943e+02;-2.024000774202514492e+02;-2.024000000000000341e+02;-8.565805676875777408e+01;-8.425522824755321949e+01;1.167420206514936751e+02;1.181447717524468146e+02
6.060382005270660102e+02;-2.026000765340327519e+02;-2.025999999999999659e+02;-8.582077549706987440e+01;-8.440522824755318254e+01;1.167793010369628774e+02;1.181947717524467834e+02
6.095368972401693100e+02;-2.028000756579584731e+02;-2.028000000000000114e+02;-8.598361474499242263e+01;-8.455522824755321665e+01;1.168164609129660505e+02;1.182447717524467947e+02
6.130557921498215137e+02;-2.030000747919124819e+02;-2.030000000000000568e+02;-8.614657503053798848e+01;-8.470522824755323654e+01;1.168534997613744935e+02;1.182947717524468203e+02
6.165950018614821602e+02;-2.032000739357798409e+02;-2.031999999999999886e+02;-8.630965686984055196e+01;-8.485522824755319959e+01;1.168904170659392889e+02;1.183447717524467890e+02
6.201546436537860245e+02;-2.034000730894473179e+02;-2.034000000000000341e+02;-8.647286077703712692e+01;-8.500522824755323370e+01;1.169272123124101910e+02;1.183947717524468004e+02
6.237348354824191574e+02;-2.036000722528025335e+02;-2.035999999999999943e+02;-8.663618726414821936e+01;-8.515522824755319675e+01;1.169638849886543142e+02;1.184447717524467976e+02
6.273356959840385798e+02;-2.038000714257347283e+02;-2.038000000000000114e+02;-8.679963684095901044e+01;-8.530522824755321665e+01;1.170004345847757179e+02;1.184947717524467947e+02
6.309573444801930009e+02;-2.040000706081341093e+02;-2.040000000000000000e+02;-8.696321001489927482e+01;-8.545522824755317970e+01;1.170368605932348345e+02;1.185447717524468203e+02
6.345999009812871918e+02;-2.042000697998925318e+02;-2.042000000000000455e+02;-8.712690729092383890e+01;-8.560522824755321381e+01;1.170731625089686929e+02;1.185947717524468317e+02
6.382634861905482921e+02;-2.044000690009026755e+02;-2.043999999999999773e+02;-8.729072917139207277e+01;-8.575522824755319107e+01;1.171093398295106027e+02;1.186447717524467862e+02
6.419482215080359992e+02;-2.046000682110587832e+02;-2.046000000000000227e+02;-8.745467615594803590e+01;-8.590522824755319675e+01;1.171453920551107473e+02;1.186947717524468260e+02
6.456542290346562822e+02;-2.048000674302560924e+02;-2.048000000000000682e+02;-8.761874874139948588e+01;-8.605522824755323086e+01;1.171813186888566065e+02;1.187447717524468374e+02
6.493816315762113618e+02;-2.050000666583910061e+02;-2.050000000000000000e+02;-8.778294742159764041e+01;-8.620522824755320812e+01;1.172171192367933656e+02;1.187947717524467919e+02
6.531305526474729959e+02;-2.052000658953614334e+02;-2.052000000000000455e+02;-8.794727268731656977e+01;-8.635522824755324223e+01;1.172527932080448636e+02;1.188447717524468032e+02
6.569011164762662247e+02;-2.054000651410660794e+02;-2.053999999999999773e+02;-8.811172502613219137e+01;-8.650522824755319107e+01;1.172883401149338880e+02;1.188947717524467862e+02
6.606934480075964302e+02;-2.056000643954050418e+02;-2.056000000000000227e+02;-8.827630492230198911e+01;-8.665522824755322517e+01;1.173237594731030526e+02;1.189447717524467976e+02
6.645076729077792379e+02;-2.058000636582793845e+02;-2.057999999999999545e+02;-8.844101285664399370e+01;-8.680522824755318823e+01;1.173590508016353908e+02;1.189947717524467663e+02
6.683439175686148701e+02;-2.060000629295915928e+02;-2.060000000000000000e+02;-8.860584930641664414e+01;-8.695522824755320812e+01;1.173942136231749487e+02;1.190447717524467919e+02
6.722023091115662510e+02;-2.062000622092448339e+02;-2.061999999999999886e+02;-8.877081474519796700e+01;-8.710522824755318538e+01;1.174292474640468669e+02;1.190947717524468032e+02
6.760829753919819041e+02;-2.064000614971438949e+02;-2.063999999999999773e+02;-8.893590964276576472e+01;-8.725522824755320528e+01;1.174641518543781302e+02;1.191447717524467720e+02
6.799860450033230563e+02;-2.066000607931941886e+02;-2.066000000000000227e+02;-8.910113446497724965e+01;-8.740522824755322517e+01;1.174989263282169389e+02;1.191947717524467976e+02
6.839116472814292820e+02;-2.068000600973024632e+02;-2.068000000000000114e+02;-8.926648967364940290e+01;-8.755522824755320244e+01;1.175335704236530603e+02;1.192447717524468089e+02
6.878599123088081342e+02;-2.070000594093765471e+02;-2.070000000000000000e+02;-8.943197572643973103e+01;-8.770522824755322233e+01;1.175680836829368161e+02;1.192947717524467777e+02
6.918309709189362593e+02;-2.072000587293251215e+02;-2.071999999999999886e+02;-8.959759307672675277e+01;-8.785522824755319959e+01;1.176024656525983687e+02;1.193447717524467890e+02
6.958249547006056446e+02;-2.074000580570582031e+02;-2.074000000000000341e+02;-8.976334217349170785e+01;-8.800522824755321949e+01;1.176367158835664952e+02;1.193947717524468146e+02
6.998419960022730493e+02;-2.076000573924865478e+02;-2.075999999999999659e+02;-8.992922346119991062e+01;-8.815522824755318254e+01;1.176708339312866372e+02;1.194447717524467834e+02
7.038822279364570704e+02;-2.078000567355222188e+02;-2.078000000000000114e+02;-9.009523737968335411e+01;-8.830522824755321665e+01;1.177048193558388647e+02;1.194947717524467947e+02
7.079457843841387330e+02;-2.080000560860780183e+02;-2.080000000000000568e+02;-9.026138436402298737e+01;-8.845522824755323654e+01;1.177386717220550310e+02;1.195447717524468203e+02
7.120327999992025525e+02;-2.082000554440678570e+02;-2.081999999999999886e+02;-9.042766484443235697e+01;-8.860522824755319959e+01;1.177723905996355001e+02;1.195947717524467890e+02
7.161434102129027224e+02;-2.084000548094067540e+02;-2.084000000000000341e+02;-9.059407924614156116e+01;-8.875522824755323370e+01;1.178059755632651928e+02;1.196447717524468004e+02
7.202777512383406702e+02;-2.086000541820104388e+02;-2.086000000000000227e+02;-9.076062798928150244e+01;-8.890522824755319675e+01;1.178394261927289364e+02;1.196947717524468260e+02
7.244359600749905894e+02;-2.088000535617958917e+02;-2.088000000000000114e+02;-9.092731148876963232e+01;-8.905522824755321665e+01;1.178727420730262594e+02;1.197447717524467947e+02
7.286181745132273591e+02;-2.090000529486807750e+02;-2.090000000000000000e+02;-9.109413015419556814e+01;-8.920522824755317970e+01;1.179059227944852069e+02;1.197947717524468203e+02
7.328245331389044850e+02;-2.092000523425839731e+02;-2.092000000000000455e+02;-9.126108438970851466e+01;-8.935522824755321381e+01;1.179389679528754584e+02;1.198447717524468317e+02
7.370551753379338606e+02;-2.094000517434249673e+02;-2.093999999999999773e+02;-9.142817459390430201e+01;-8.950522824755319107e+01;1.179718771495206653e+02;1.198947717524467862e+02
7.413102413009177099e+02;-2.096000511511245179e+02;-2.096000000000000227e+02;-9.159540115971475416e+01;-8.965522824755321096e+01;1.180046499914097637e+02;1.199447717524468118e+02
7.455898720277823486e+02;-2.098000505656040389e+02;-2.098000000000000682e+02;-9.176276447429664529e+01;-8.980522824755323086e+01;1.180372860913073936e+02;1.199947717524468374e+02
7.498942093324558300e+02;-2.100000499867858821e+02;-2.100000000000000000e+02;-9.193026491892253205e+01;-8.995522824755320812e+01;1.180697850678633500e+02;1.200447717524467919e+02
7.542233958475715099e+02;-2.102000494145934226e+02;-2.102000000000000455e+02;-9.209790286887248101e+01;-9.010522824755322802e+01;1.181021465457209416e+02;1.200947717524468175e+02
7.585775750291835493e+02;-2.104000488489506608e+02;-2.103999999999999773e+02;-9.226567869332646410e+01;-9.025522824755319107e+01;1.181343701556241967e+02;1.201447717524467862e+02
7.629568911615335765e+02;-2.106000482897828192e+02;-2.106000000000000227e+02;-9.243359275525853036e+01;-9.040522824755322517e+01;1.181664555345242889e+02;1.201947717524467976e+02
7.673614893618185988e+02;-2.108000477370156318e+02;-2.107999999999999545e+02;-9.260164541133137561e+01;-9.055522824755320244e+01;1.181984023256842562e+02;1.202447717524467521e+02
7.717915155850126894e+02;-2.110000471905759412e+02;-2.110000000000000000e+02;-9.276983701179312902e+01;-9.070522824755320812e+01;1.182302101787828121e+02;1.202947717524467919e+02
7.762471166286911739e+02;-2.112000466503911866e+02;-2.111999999999999886e+02;-9.293816790037431019e+01;-9.085522824755318538e+01;1.182618787500168764e+02;1.203447717524468032e+02
7.807284401379070005e+02;-2.114000461163898876e+02;-2.113999999999999773e+02;-9.310663841418710263e+01;-9.100522824755321949e+01;1.182934077022027850e+02;1.203947717524467578e+02
7.852356346100725659e+02;-2.116000455885012457e+02;-2.116000000000000227e+02;-9.327524888362529509e+01;-9.115522824755322517e+01;1.183247967048759506e+02;1.204447717524467976e+02
7.897688493998855392e+02;-2.118000450666552297e+02;-2.118000000000000114e+02;-9.344399963226580041e+01;-9.130522824755320244e+01;1.183560454343894293e+02;1.204947717524468089e+02
7.943282347242821970e+02;-2.120000445507827465e+02;-2.120000000000000284e+02;-9.361289097677217796e+01;-9.145522824755322233e+01;1.183871535740105685e+02;1.205447717524468061e+02
7.989139416674040604e+02;-2.122000440408153281e+02;-2.121999999999999886e+02;-9.378192322679856829e+01;-9.160522824755319959e+01;1.184181208140167598e+02;1.205947717524467890e+02
8.035261221856177372e+02;-2.124000435366854731e+02;-2.124000000000000341e+02;-9.395109668489632782e+01;-9.175522824755321949e+01;1.184489468517891453e+02;1.206447717524468146e+02
8.081649291125368109e+02;-2.126000430383262767e+02;-2.125999999999999659e+02;-9.412041164642133140e+01;-9.190522824755318254e+01;1.184796313919049453e+02;1.206947717524467834e+02
8.128305161640995493e+02;-2.128000425456717437e+02;-2.128000000000000114e+02;-9.428986839944360554e+01;-9.205522824755321665e+01;1.185101741462281382e+02;1.207447717524467947e+02
8.175230379436510475e+02;-2.130000420586566179e+02;-2.130000000000000568e+02;-9.445946722465804157e+01;-9.220522824755323654e+01;1.185405748339985763e+02;1.207947717524468203e+02
8.222426499470711860e+02;-2.132000415772161546e+02;-2.131999999999999886e+02;-9.462920839529718364e+01;-9.235522824755319959e+01;1.185708331819189709e+02;1.208447717524467890e+02
8.269895085679326030e+02;-2.134000411012867744e+02;-2.134000000000000341e+02;-9.479909217704594937e+01;-9.250522824755323370e+01;1.186009489242408250e+02;1.208947717524468004e+02
8.317637711026708303e+02;-2.136000406308052391e+02;-2.135999999999999943e+02;-9.496911882795741633e+01;-9.265522824755319675e+01;1.186309218028478227e+02;1.209447717524467976e+02
8.365655957558107048e+02;-2.138000401657092766e+02;-2.138000000000000114e+02;-9.513928859837139385e+01;-9.280522824755321665e+01;1.186607515673378828e+02;1.209947717524467947e+02
8.413951416451947125e+02;-2.140000397059371267e+02;-2.140000000000000000e+02;-9.530960173083397535e+01;-9.295522824755320812e+01;1.186904379751031513e+02;1.210447717524467919e+02
8.462525688072696539e+02;-2.142000392514279952e+02;-2.142000000000000171e+02;-9.548005846001981922e+01;-9.310522824755319959e+01;1.187199807914081759e+02;1.210947717524468175e+02
8.511380382023759239e+02;-2.144000388021215144e+02;-2.143999999999999773e+02;-9.565065901265552384e+01;-9.325522824755319107e+01;1.187493797894659906e+02;1.211447717524467862e+02
8.560517117200948860e+02;-2.146000383579582262e+02;-2.146000000000000227e+02;-9.582140360744600116e+01;-9.340522824755322517e+01;1.187786347505122251e+02;1.211947717524467976e+02
8.609937521846015898e+02;-2.148000379188792408e+02;-2.148000000000000398e+02;-9.599229245500183083e+01;-9.355522824755321665e+01;1.188077454638774100e+02;1.212447717524468231e+02
8.659643233600653502e+02;-2.150000374848262652e+02;-2.150000000000000000e+02;-9.616332575776938540e+01;-9.370522824755320812e+01;1.188367117270568798e+02;1.212947717524467919e+02
8.709635899560814778e+02;-2.152000370557418591e+02;-2.152000000000000455e+02;-9.633450370996300194e+01;-9.385522824755324223e+01;1.188655333457788572e+02;1.213447717524468032e+02
8.759917176331169912e+02;-2.154000366315690940e+02;-2.153999999999999773e+02;-9.650582649749867414e+01;-9.400522824755319107e+01;1.188942101340704198e+02;1.213947717524467862e+02
8.810488730080146524e+02;-2.156000362122518368e+02;-2.156000000000000227e+02;-9.667729429793089935e+01;-9.415522824755322517e+01;1.189227419143209374e+02;1.214447717524467976e+02
8.861352236594993883e+02;-2.158000357977343526e+02;-2.157999999999999829e+02;-9.684890728039050600e+01;-9.430522824755318823e+01;1.189511285173438466e+02;1.214947717524467947e+02
8.912509381337458763e+02;-2.160000353879619013e+02;-2.160000000000000000e+02;-9.702066560552603391e+01;-9.445522824755320812e+01;1.189793697824358674e+02;1.215447717524467919e+02
8.963961859499493130e+02;-2.162000349828799699e+02;-2.161999999999999886e+02;-9.719256942544612343e+01;-9.460522824755318538e+01;1.190074655574338465e+02;1.215947717524468032e+02
9.015711376059570057e+02;-2.164000345824350120e+02;-2.164000000000000057e+02;-9.736461888366518735e+01;-9.475522824755320528e+01;1.190354156987698246e+02;1.216447717524468004e+02
9.067759645839058749e+02;-2.166000341865739358e+02;-2.166000000000000227e+02;-9.753681411505048970e+01;-9.490522824755322517e+01;1.190632200715234461e+02;1.216947717524467976e+02
9.120108393559096385e+02;-2.168000337952441043e+02;-2.168000000000000114e+02;-9.770915524577233668e+01;-9.505522824755320244e+01;1.190908785494717677e+02;1.217447717524468089e+02
9.172759353897803294e+02;-2.170000334083938753e+02;-2.170000000000000284e+02;-9.788164239325632821e+01;-9.520522824755322233e+01;1.191183910151375471e+02;1.217947717524468061e+02
9.225714271547628869e+02;-2.172000330259717771e+02;-2.171999999999999886e+02;-9.805427566613759893e+01;-9.535522824755319959e+01;1.191457573598341781e+02;1.218447717524467890e+02
9.278974901273317073e+02;-2.174000326479273042e+02;-2.174000000000000341e+02;-9.822705516421822836e+01;-9.550522824755321949e+01;1.191729774837090758e+02;1.218947717524468146e+02
9.332543007969904920e+02;-2.176000322742101503e+02;-2.175999999999999659e+02;-9.839998097842627089e+01;-9.565522824755318254e+01;1.192000512957838794e+02;1.219447717524467834e+02
9.386420366721355322e+02;-2.178000319047710036e+02;-2.178000000000000114e+02;-9.857305319077801187e+01;-9.580522824755321665e+01;1.192269787139929917e+02;1.219947717524467947e+02
9.440608762859245644e+02;-2.180000315395607799e+02;-2.180000000000000568e+02;-9.874627187434184350e+01;-9.595522824755323654e+01;1.192537596652189364e+02;1.220447717524468203e+02
9.495109992021982634e+02;-2.182000311785309350e+02;-2.181999999999999886e+02;-9.891963709320523890e+01;-9.610522824755319959e+01;1.192803940853256961e+02;1.220947717524467890e+02
9.549925860214368640e+02;-2.184000308216338340e+02;-2.184000000000000341e+02;-9.909314890244432661e+01;-9.625522824755323370e+01;1.193068819191895074e+02;1.221447717524468004e+02
9.605058183867304251e+02;-2.186000304688220695e+02;-2.185999999999999943e+02;-9.926680734809505680e+01;-9.640522824755318254e+01;1.193332231207270127e+02;1.221947717524468118e+02
9.660508789898141231e+02;-2.188000301200489446e+02;-2.188000000000000114e+02;-9.944061246712807645e+01;-9.655522824755321665e+01;1.193594176529208681e+02;1.222447717524467947e+02
9.716279515771058186e+02;-2.190000297752681035e+02;-2.190000000000000000e+02;-9.961456428742511093e+01;-9.670522824755320812e+01;1.193854654878429926e+02;1.222947717524467919e+02
9.772372209558111535e+02;-2.192000294344339864e+02;-2.192000000000000171e+02;-9.978866282775871355e+01;-9.685522824755321381e+01;1.194113666066752728e+02;1.223447717524468032e+02
9.828788730000314899e+02;-2.194000290975012604e+02;-2.193999999999999773e+02;-9.996290809777376296e+01;-9.700522824755319107e+01;1.194371209997274974e+02;1.223947717524467862e+02
9.885530946569390380e+02;-2.196000287644254740e+02;-2.196000000000000227e+02;-1.001373000979724139e+02;-9.715522824755322517e+01;1.194627286664530601e+02;1.224447717524467976e+02
9.942600739529577822e+02;-2.198000284351623463e+02;-2.198000000000000398e+02;-1.003118388197006254e+02;-9.730522824755323086e+01;1.194881896154617209e+02;1.224947717524468089e+02
1.000000000000000000e+03;-2.200000281096681931e+02;-2.200000000000000000e+02;-1.004865242451380425e+02;-9.745522824755320812e+01;1.195135038645301506e+02;1.225447717524467919e+02
1.005773063001739160e+03;-2.202000277879000123e+02;-2.202000000000000455e+02;-1.006613563472902939e+02;-9.765522824755325360e+01;1.195386714406097184e+02;1.225447717524467919e+02
1.011579454259898284e+03;-2.204000274698149724e+02;-2.203999999999999773e+02;-1.008363350899832511e+02;-9.785522824755318538e+01;1.195636923798317213e+02;1.225447717524467919e+02
1.017419366180605607e+03;-2.206000271553710945e+02;-2.206000000000000227e+02;-1.010114604278609107e+02;-9.805522824755323086e+01;1.195885667275101838e+02;1.225447717524467919e+02
1.023292992280753651e+03;-2.208000268445265135e+02;-2.207999999999999829e+02;-1.011867323063846698e+02;-9.825522824755317686e+01;1.196132945381418438e+02;1.225447717524468061e+02
1.029200527194428560e+03;-2.210000265372402168e+02;-2.210000000000000000e+02;-1.013621506618363810e+02;-9.845522824755320812e+01;1.196378758754038358e+02;1.225447717524467919e+02
1.035142166679345110e+03;-2.212000262334714193e+02;-2.212000000000000455e+02;-1.015377154213228437e+02;-9.865522824755325360e+01;1.196623108121485757e+02;1.225447717524467919e+02
1.041118107623339711e+03;-2.214000259331797338e+02;-2.214000000000000057e+02;-1.017134265027835482e+02;-9.885522824755319959e+01;1.196865994303961855e+02;1.225447717524468061e+02
1.047128548050900690e+03;-2.216000256363255403e+02;-2.216000000000000227e+02;-1.018892838150009936e+02;-9.905522824755323086e+01;1.197107418213245467e+02;1.225447717524467919e+02
1.053173687129715972e+03;-2.218000253428692758e+02;-2.218000000000000114e+02;-1.020652872576129511e+02;-9.925522824755320528e+01;1.197347380852563248e+02;1.225447717524468061e+02
1.059253725177289652e+03;-2.220000250527722585e+02;-2.220000000000000284e+02;-1.022414367211280393e+02;-9.945522824755322233e+01;1.197585883316442192e+02;1.225447717524468061e+02
1.065368863667562891e+03;-2.222000247659958916e+02;-2.221999999999999886e+02;-1.024177320869430616e+02;-9.965522824755319675e+01;1.197822926790528300e+02;1.225447717524467919e+02
1.071519305237607114e+03;-2.224000244825023174e+02;-2.224000000000000341e+02;-1.025941732273636262e+02;-9.985522824755322802e+01;1.198058512551386912e+02;1.225447717524468061e+02
1.077705253694321300e+03;-2.226000242022537350e+02;-2.225999999999999659e+02;-1.027707600056264283e+02;-1.000552282475531740e+02;1.198292641966273067e+02;1.225447717524467919e+02
1.083926914021203856e+03;-2.228000239252131678e+02;-2.228000000000000114e+02;-1.029474922759248869e+02;-1.002552282475532195e+02;1.198525316492882808e+02;1.225447717524467919e+02
1.090184492385129033e+03;-2.230000236513439233e+02;-2.230000000000000568e+02;-1.031243698834364295e+02;-1.004552282475532650e+02;1.198756537679074938e+02;1.225447717524467919e+02
1.096478196143185187e+03;-2.232000233806095366e+02;-2.231999999999999886e+02;-1.033013926643527896e+02;-1.006552282475531968e+02;1.198986307162567471e+02;1.225447717524467919e+02
1.102808233849553062e+03;-2.234000231129742531e+02;-2.234000000000000341e+02;-1.034785604459126063e+02;-1.008552282475532422e+02;1.199214626670616468e+02;1.225447717524467919e+02
1.109174815262400898e+03;-2.236000228484025172e+02;-2.235999999999999943e+02;-1.036558730464360991e+02;-1.010552282475532024e+02;1.199441498019664181e+02;1.225447717524467919e+02
1.115578151350853204e+03;-2.238000225868593702e+02;-2.238000000000000114e+02;-1.038333302753628260e+02;-1.012552282475532195e+02;1.199666923114965442e+02;1.225447717524467919e+02
1.122018454301962947e+03;-2.240000223283099956e+02;-2.240000000000000000e+02;-1.040109319332908200e+02;-1.014552282475532081e+02;1.199890903950191756e+02;1.225447717524467919e+02
1.128495937527762180e+03;-2.242000220727202873e+02;-2.242000000000000171e+02;-1.041886778120192503e+02;-1.016552282475531968e+02;1.200113442607010370e+02;1.225447717524468203e+02
1.135010815672314266e+03;-2.244000218200561676e+02;-2.243999999999999773e+02;-1.043665676945920779e+02;-1.018552282475531854e+02;1.200334541254640897e+02;1.225447717524467919e+02
1.141563304618845905e+03;-2.246000215702843832e+02;-2.246000000000000227e+02;-1.045446013553454492e+02;-1.020552282475532309e+02;1.200554202149389340e+02;1.225447717524467919e+02
1.148153621496884170e+03;-2.248000213233717091e+02;-2.248000000000000398e+02;-1.047227785599558416e+02;-1.022552282475532479e+02;1.200772427634158674e+02;1.225447717524467919e+02
1.154781984689458113e+03;-2.250000210792853181e+02;-2.250000000000000000e+02;-1.049010990654916355e+02;-1.024552282475532081e+02;1.200989220137936826e+02;1.225447717524467919e+02
1.161448613840343796e+03;-2.252000208379930086e+02;-2.252000000000000455e+02;-1.050795626204664757e+02;-1.026552282475532536e+02;1.201204582175265330e+02;1.225447717524467919e+02
1.168153729861324337e+03;-2.254000205994627208e+02;-2.253999999999999773e+02;-1.052581689648944234e+02;-1.028552282475531854e+02;1.201418516345682974e+02;1.225447717524467919e+02
1.174897554939530210e+03;-2.256000203636629067e+02;-2.256000000000000227e+02;-1.054369178303479657e+02;-1.030552282475532309e+02;1.201631025333149410e+02;1.225447717524467919e+02
1.181680312544783192e+03;-2.258000201305621886e+02;-2.257999999999999829e+02;-1.056158089400173878e+02;-1.032552282475531769e+02;1.201842111905448007e+02;1.225447717524468061e+02
1.188502227437018973e+03;-2.260000199001298427e+02;-2.260000000000000000e+02;-1.057948420087730028e+02;-1.034552282475532081e+02;1.202051778913568398e+02;1.225447717524467919e+02
1.195363525673720233e+03;-2.262000196723352019e+02;-2.262000000000000455e+02;-1.059740167432285034e+02;-1.036552282475532536e+02;1.202260029291066985e+02;1.225447717524467919e+02
1.202264434617413144e+03;-2.264000194471480540e+02;-2.264000000000000057e+02;-1.061533328418071278e+02;-1.038552282475532138e+02;1.202466866053409262e+02;1.225447717524467919e+02
1.209205182943209820e+03;-2.266000192245386415e+02;-2.266000000000000227e+02;-1.063327899948095876e+02;-1.040552282475532309e+02;1.202672292297290539e+02;1.225447717524467919e+02
1.216186000646367802e+03;-2.268000190044773490e+02;-2.268000000000000114e+02;-1.065123878844833172e+02;-1.042552282475532053e+02;1.202876311199940318e+02;1.225447717524468061e+02
1.223207119049932544e+03;-2.270000187869351294e+02;-2.270000000000000284e+02;-1.066921261850946507e+02;-1.044552282475532081e+02;1.203078926018404786e+02;1.225447717524468203e+02
1.230268770812381035e+03;-2.272000185718830494e+02;-2.271999999999999886e+02;-1.068720045630018092e+02;-1.046552282475531968e+02;1.203280140088812402e+02;1.225447717524467919e+02
1.237371189935353186e+03;-2.274000183592926874e+02;-2.274000000000000341e+02;-1.070520226767305729e+02;-1.048552282475532280e+02;1.203479956825621144e+02;1.225447717524468061e+02
1.244514611771384352e+03;-2.276000181491357637e+02;-2.275999999999999659e+02;-1.072321801770509353e+02;-1.050552282475531740e+02;1.203678379720848284e+02;1.225447717524467919e+02
1.251699273031725625e+03;-2.278000179413845672e+02;-2.278000000000000114e+02;-1.074124767070562996e+02;-1.052552282475532195e+02;1.203875412343282676e+02;1.225447717524467919e+02
1.258925411794168667e+03;-2.280000177360114435e+02;-2.280000000000000568e+02;-1.075929119022434719e+02;-1.054552282475532508e+02;1.204071058337679716e+02;1.225447717524468061e+02
1.266193267510944224e+03;-2.282000175329891931e+02;-2.281999999999999886e+02;-1.077734853905951127e+02;-1.056552282475531968e+02;1.204265321423940804e+02;1.225447717524467919e+02
1.273503081016662918e+03;-2.284000173322909006e+02;-2.284000000000000341e+02;-1.079541967926633248e+02;-1.058552282475532422e+02;1.204458205396275758e+02;1.225447717524467919e+02
1.280855094536278330e+03;-2.286000171338899634e+02;-2.285999999999999943e+02;-1.081350457216547056e+02;-1.060552282475531740e+02;1.204649714122352577e+02;1.225447717524468203e+02
1.288249551693134890e+03;-2.288000169377601765e+02;-2.288000000000000114e+02;-1.083160317835174453e+02;-1.062552282475532195e+02;1.204839851542427311e+02;1.225447717524467919e+02
1.295686697517018956e+03;-2.290000167438753635e+02;-2.290000000000000000e+02;-1.084971545770291499e+02;-1.064552282475532081e+02;1.205028621668462137e+02;1.225447717524467919e+02
1.303166778452299923e+03;-2.292000165522100019e+02;-2.292000000000000171e+02;-1.086784136938868812e+02;-1.066552282475531968e+02;1.205216028583231207e+02;1.225447717524468203e+02
1.310690042366075886e+03;-2.294000163627385405e+02;-2.293999999999999773e+02;-1.088598087187976944e+02;-1.068552282475531854e+02;1.205402076439408461e+02;1.225447717524467919e+02
1.318256738556407527e+03;-2.296000161754359965e+02;-2.296000000000000227e+02;-1.090413392295715056e+02;-1.070552282475532309e+02;1.205586769458644909e+02;1.225447717524467919e+02
1.325867117760560632e+03;-2.298000159902775295e+02;-2.298000000000000398e+02;-1.092230047972141591e+02;-1.072552282475532337e+02;1.205770111930633703e+02;1.225447717524468061e+02
1.333521432163324107e+03;-2.300000158072384409e+02;-2.300000000000000000e+02;-1.094048049860226683e+02;-1.074552282475532081e+02;1.205952108212157725e+02;1.225447717524467919e+02
1.341219935405372325e+03;-2.302000156262946575e+02;-2.302000000000000455e+02;-1.095867393536811107e+02;-1.076552282475532536e+02;1.206132762726135468e+02;1.225447717524467919e+02
1.348962882591653170e+03;-2.304000154474220494e+02;-2.303999999999999773e+02;-1.097688074513577305e+02;-1.078552282475531854e+02;1.206312079960643189e+02;1.225447717524467919e+02
1.356750530299862476e+03;-2.306000152705970550e+02;-2.306000000000000227e+02;-1.099510088238033916e+02;-1.080552282475532309e+02;1.206490064467936634e+02;1.225447717524467919e+02
1.364583136588923935e+03;-2.308000150957960557e+02;-2.307999999999999829e+02;-1.101333430094505843e+02;-1.082552282475531769e+02;1.206666720863454714e+02;1.225447717524468061e+02
1.372460961007562446e+03;-2.310000149229960869e+02;-2.310000000000000000e+02;-1.103158095405140671e+02;-1.084552282475532081e+02;1.206842053824820198e+02;1.225447717524467919e+02
1.380384264602886560e+03;-2.312000147521741269e+02;-2.312000000000000455e+02;-1.104984079430918911e+02;-1.086552282475532536e+02;1.207016068090822358e+02;1.225447717524467919e+02
1.388353309929045736e+03;-2.314000145833074669e+02;-2.314000000000000057e+02;-1.106811377372674912e+02;-1.088552282475531996e+02;1.207188768460399757e+02;1.225447717524468061e+02
1.396368361055939204e+03;-2.316000144163739094e+02;-2.316000000000000227e+02;-1.108639984372130840e+02;-1.090552282475532309e+02;1.207360159791608254e+02;1.225447717524467919e+02
1.404429683577947344e+03;-2.318000142513511435e+02;-2.318000000000000114e+02;-1.110469895512929241e+02;-1.092552282475532053e+02;1.207530247000582193e+02;1.225447717524468061e+02
1.412537544622755377e+03;-2.320000140882174264e+02;-2.320000000000000284e+02;-1.112301105821684075e+02;-1.094552282475532081e+02;1.207699035060490189e+02;1.225447717524468203e+02
1.420692212860181598e+03;-2.322000139269509873e+02;-2.321999999999999886e+02;-1.114133610269028907e+02;-1.096552282475531968e+02;1.207866529000480966e+02;1.225447717524467919e+02
1.428893958511103619e+03;-2.324000137675306803e+02;-2.324000000000000341e+02;-1.115967403770680590e+02;-1.098552282475532280e+02;1.208032733904626213e+02;1.225447717524468061e+02
1.437143053356389828e+03;-2.326000136099351039e+02;-2.325999999999999659e+02;-1.117802481188500110e+02;-1.100552282475531740e+02;1.208197654910850929e+02;1.225447717524467919e+02
1.445439770745927945e+03;-2.328000134541436239e+02;-2.328000000000000114e+02;-1.119638837331569192e+02;-1.102552282475532195e+02;1.208361297209867047e+02;1.225447717524467919e+02
1.453784385607663580e+03;-2.330000133001354357e+02;-2.330000000000000568e+02;-1.121476466957261948e+02;-1.104552282475532508e+02;1.208523666044092408e+02;1.225447717524468061e+02
1.462177174456718376e+03;-2.332000131478901324e+02;-2.331999999999999886e+02;-1.123315364772328593e+02;-1.106552282475531968e+02;1.208684766706572731e+02;1.225447717524467919e+02
1.470618415404561802e+03;-2.334000129973875914e+02;-2.334000000000000341e+02;-1.125155525433981722e+02;-1.108552282475532422e+02;1.208844604539894192e+02;1.225447717524467919e+02
1.479108388168207284e+03;-2.336000128486077756e+02;-2.335999999999999943e+02;-1.126996943550982024e+02;-1.110552282475532024e+02;1.209003184935095732e+02;1.225447717524467919e+02
1.487647374079503152e+03;-2.338000127015311307e+02;-2.338000000000000114e+02;-1.128839613684736207e+02;-1.112552282475532195e+02;1.209160513330575100e+02;1.225447717524467919e+02
1.496235656094432898e+03;-2.340000125561379889e+02;-2.340000000000000000e+02;-1.130683530350386832e+02;-1.114552282475532081e+02;1.209316595210993057e+02;1.225447717524467919e+02
1.504873518802514582e+03;-2.342000124124091940e+02;-2.342000000000000171e+02;-1.132528688017916068e+02;-1.116552282475532252e+02;1.209471436106175872e+02;1.225447717524467919e+02
1.513561248436207279e+03;-2.344000122703255613e+02;-2.343999999999999773e+02;-1.134375081113239787e+02;-1.118552282475531854e+02;1.209625041590015826e+02;1.225447717524467919e+02
1.522299132880420302e+03;-2.346000121298684178e+02;-2.346000000000000227e+02;-1.136222704019316154e+02;-1.120552282475532309e+02;1.209777417279368024e+02;1.225447717524467919e+02
1.531087461682031972e+03;-2.348000119910190904e+02;-2.348000000000000398e+02;-1.138071551077241281e+02;-1.122552282475532337e+02;1.209928568832949622e+02;1.225447717524468061e+02
1.539926526059492062e+03;-2.350000118537590765e+02;-2.350000000000000000e+02;-1.139921616587357107e+02;-1.124552282475532081e+02;1.210078501950233658e+02;1.225447717524467919e+02
1.548816618912482681e+03;-2.352000117180703000e+02;-2.352000000000000455e+02;-1.141772894810355723e+02;-1.126552282475532536e+02;1.210227222370347278e+02;1.225447717524467919e+02
1.557758034831601890e+03;-2.354000115839347131e+02;-2.353999999999999773e+02;-1.143625379968378581e+02;-1.128552282475531854e+02;1.210374735870968550e+02;1.225447717524467919e+02
1.566751070108150088e+03;-2.356000114513346375e+02;-2.356000000000000227e+02;-1.145479066246125512e+02;-1.130552282475532309e+02;1.210521048267220863e+02;1.225447717524467919e+02
1.575796022743923459e+03;-2.358000113202523380e+02;-2.357999999999999829e+02;-1.147333947791950379e+02;-1.132552282475531626e+02;1.210666165410573001e+02;1.225447717524468203e+02
1.584893192461114040e+03;-2.360000111906705911e+02;-2.360000000000000000e+02;-1.149190018718968673e+02;-1.134552282475532081e+02;1.210810093187737237e+02;1.225447717524467919e+02
1.594042880712219585e+03;-2.362000110625721163e+02;-2.362000000000000455e+02;-1.151047273106150470e+02;-1.136552282475532536e+02;1.210952837519570693e+02;1.225447717524467919e+02
1.603245390690041859e+03;-2.364000109359399744e+02;-2.363999999999999773e+02;-1.152905704999419925e+02;-1.138552282475532138e+02;1.211094404359979819e+02;1.225447717524467635e+02
1.612501027337743153e+03;-2.366000108107573965e+02;-2.366000000000000227e+02;-1.154765308412751068e+02;-1.140552282475532309e+02;1.211234799694822897e+02;1.225447717524467919e+02
1.621810097358929852e+03;-2.368000106870077275e+02;-2.368000000000000114e+02;-1.156626077329255509e+02;-1.142552282475532195e+02;1.211374029540821766e+02;1.225447717524467919e+02
1.631172909227839682e+03;-2.370000105646746533e+02;-2.370000000000000000e+02;-1.158488005702274677e+02;-1.144552282475532223e+02;1.211512099944471856e+02;1.225447717524467777e+02
1.640589773199538740e+03;-2.372000104437418315e+02;-2.371999999999999886e+02;-1.160351087456459851e+02;-1.146552282475531968e+02;1.211649016980958464e+02;1.225447717524467919e+02
1.650061001320228570e+03;-2.374000103241934312e+02;-2.374000000000000341e+02;-1.162215316488856729e+02;-1.148552282475532422e+02;1.211784786753077583e+02;1.225447717524467919e+02
1.659586907437559603e+03;-2.376000102060133656e+02;-2.375999999999999659e+02;-1.164080686669977780e+02;-1.150552282475531740e+02;1.211919415390155876e+02;1.225447717524467919e+02
1.669167807211058062e+03;-2.378000100891862019e+02;-2.378000000000000114e+02;-1.165947191844877580e+02;-1.152552282475532195e+02;1.212052909046984439e+02;1.225447717524467919e+02
1.678804018122562411e+03;-2.380000099736963364e+02;-2.380000000000000568e+02;-1.167814825834214787e+02;-1.154552282475532508e+02;1.212185273902748577e+02;1.225447717524468061e+02
1.688495859486753261e+03;-2.382000098595283930e+02;-2.381999999999999886e+02;-1.169683582435315685e+02;-1.156552282475531968e+02;1.212316516159968245e+02;1.225447717524467919e+02
1.698243652461746024e+03;-2.384000097466673935e+02;-2.384000000000000341e+02;-1.171553455423230616e+02;-1.158552282475532422e+02;1.212446642043443319e+02;1.225447717524467919e+02
1.708047720059707899e+03;-2.386000096350982176e+02;-2.386000000000000227e+02;-1.173424438551779474e+02;-1.160552282475532024e+02;1.212575657799202702e+02;1.225447717524468203e+02
1.717908387157589459e+03;-2.388000095248062848e+02;-2.388000000000000114e+02;-1.175296525554598759e+02;-1.162552282475532195e+02;1.212703569693464090e+02;1.225447717524467919e+02
1.727825980507862823e+03;-2.390000094157767307e+02;-2.390000000000000000e+02;-1.177169710146174566e+02;-1.164552282475532081e+02;1.212830384011592741e+02;1.225447717524467919e+02
1.737800828749376251e+03;-2.392000093079953160e+02;-2.392000000000000455e+02;-1.179043986022875146e+02;-1.166552282475531968e+02;1.212956107057078015e+02;1.225447717524468487e+02
1.747833262418217373e+03;-2.394000092014475740e+02;-2.393999999999999773e+02;-1.180919346863969963e+02;-1.168552282475531854e+02;1.213080745150505777e+02;1.225447717524467919e+02
1.757923613958693068e+03;-2.396000090961195497e+02;-2.396000000000000227e+02;-1.182795786332648760e+02;-1.170552282475532309e+02;1.213204304628546737e+02;1.225447717524467919e+02
1.768072217734321612e+03;-2.398000089919972311e+02;-2.398000000000000682e+02;-1.184673298077023986e+02;-1.172552282475532479e+02;1.213326791842948325e+02;1.225447717524468203e+02
1.778279410038922833e+03;-2.400000088890666916e+02;-2.400000000000000000e+02;-1.186551875731132952e+02;-1.174552282475532081e+02;1.213448213159533964e+02;1.225447717524467919e+02
1.788545529107773064e+03;-2.402000087873144594e+02;-2.402000000000000455e+02;-1.188431512915930739e+02;-1.176552282475532536e+02;1.213568574957213855e+02;1.225447717524467919e+02
1.798870915128787374e+03;-2.404000086867269204e+02;-2.403999999999999773e+02;-1.190312203240267195e+02;-1.178552282475531854e+02;1.213687883627002009e+02;1.225447717524467919e+02
1.809255910253822094e+03;-2.406000085872908585e+02;-2.406000000000000227e+02;-1.192193940301867201e+02;-1.180552282475532309e+02;1.213806145571041384e+02;1.225447717524467919e+02
1.819700858609982561e+03;-2.408000084889929440e+02;-2.407999999999999545e+02;-1.194076717688290330e+02;-1.182552282475531626e+02;1.213923367201639110e+02;1.225447717524467919e+02
1.830206106311056828e+03;-2.410000083918203302e+02;-2.410000000000000000e+02;-1.195960528977891784e+02;-1.184552282475532081e+02;1.214039554940311518e+02;1.225447717524467919e+02
1.840772001468958251e+03;-2.412000082957600284e+02;-2.412000000000000455e+02;-1.197845367740764146e+02;-1.186552282475532536e+02;1.214154715216836138e+02;1.225447717524467919e+02
1.851398894205272200e+03;-2.414000082007992773e+02;-2.413999999999999773e+02;-1.199731227539677292e+02;-1.188552282475531854e+02;1.214268854468315482e+02;1.225447717524467919e+02
1.862087136662869398e+03;-2.416000081069255430e+02;-2.416000000000000227e+02;-1.201618101931007629e+02;-1.190552282475532309e+02;1.214381979138247800e+02;1.225447717524467919e+02
1.872837083017548366e+03;-2.418000080141263197e+02;-2.418000000000000114e+02;-1.203505984465650300e+02;-1.192552282475532053e+02;1.214494095675612897e+02;1.225447717524468061e+02
1.883649089489802009e+03;-2.420000079223894431e+02;-2.420000000000000000e+02;-1.205394868689932650e+02;-1.194552282475532081e+02;1.214605210533961781e+02;1.225447717524467919e+02
1.894523514356591477e+03;-2.422000078317026350e+02;-2.421999999999999886e+02;-1.207284748146506104e+02;-1.196552282475531968e+02;1.214715330170520247e+02;1.225447717524467919e+02
1.905460717963248271e+03;-2.424000077420539014e+02;-2.424000000000000341e+02;-1.209175616375237752e+02;-1.198552282475532280e+02;1.214824461045301263e+02;1.225447717524468061e+02
1.916461062735385212e+03;-2.426000076534313621e+02;-2.425999999999999659e+02;-1.211067466914082189e+02;-1.200552282475531740e+02;1.214932609620231432e+02;1.225447717524467919e+02
1.927524913190936559e+03;-2.428000075658233072e+02;-2.428000000000000114e+02;-1.212960293299952497e+02;-1.202552282475532195e+02;1.215039782358280576e+02;1.225447717524467919e+02
1.938652635952209721e+03;-2.430000074792181408e+02;-2.430000000000000568e+02;-1.214854089069569199e+02;-1.204552282475532508e+02;1.215145985722612210e+02;1.225447717524468061e+02
1.949844599758045433e+03;-2.432000073936042384e+02;-2.431999999999999886e+02;-1.216748847760307370e+02;-1.206552282475531968e+02;1.215251226175735013e+02;1.225447717524467919e+02
1.961101175476049548e+03;-2.434000073089703733e+02;-2.434000000000000341e+02;-1.218644562911031244e+02;-1.208552282475532422e+02;1.215355510178672489e+02;1.225447717524467919e+02
1.972422736114853478e+03;-2.436000072253052906e+02;-2.436000000000000227e+02;-1.220541228062911046e+02;-1.210552282475531740e+02;1.215458844190141861e+02;1.225447717524468487e+02
1.983809656836507202e+03;-2.438000071425979627e+02;-2.438000000000000114e+02;-1.222438836760238132e+02;-1.212552282475532195e+02;1.215561234665741495e+02;1.225447717524467919e+02
1.995262314968878854e+03;-2.440000070608373335e+02;-2.440000000000000000e+02;-1.224337382551219946e+02;-1.214552282475532081e+02;1.215662688057153389e+02;1.225447717524467919e+02
2.006781090018190071e+03;-2.442000069800126312e+02;-2.442000000000000455e+02;-1.226236858988771559e+02;-1.216552282475531968e+02;1.215763210811354753e+02;1.225447717524468487e+02
2.018366363681559733e+03;-2.444000069001131124e+02;-2.443999999999999773e+02;-1.228137259631287179e+02;-1.218552282475531854e+02;1.215862809369843944e+02;1.225447717524467919e+02
2.030018519859684375e+03;-2.446000068211282041e+02;-2.446000000000000227e+02;-1.230038578043409530e+02;-1.220552282475532309e+02;1.215961490167872512e+02;1.225447717524467919e+02
2.041737944669531771e+03;-2.448000067430474758e+02;-2.448000000000000682e+02;-1.231940807796777335e+02;-1.222552282475532337e+02;1.216059259633697422e+02;1.225447717524468345e+02
2.053525026457145941e+03;-2.450000066658604396e+02;-2.450000000000000000e+02;-1.233843942470768980e+02;-1.224552282475532081e+02;1.216156124187835417e+02;1.225447717524467919e+02
2.065380155810531051e+03;-2.452000065895570060e+02;-2.452000000000000455e+02;-1.235747975653233368e+02;-1.226552282475532536e+02;1.216252090242336692e+02;1.225447717524467919e+02
2.077303725572563053e+03;-2.454000065141269715e+02;-2.453999999999999773e+02;-1.237652900941201892e+02;-1.228552282475531854e+02;1.216347164200067823e+02;1.225447717524467919e+02
2.089296130854040712e+03;-2.456000064395604170e+02;-2.456000000000000227e+02;-1.239558711941599967e+02;-1.230552282475532309e+02;1.216441352454004203e+02;1.225447717524467919e+02
2.101357769046746853e+03;-2.458000063658473948e+02;-2.457999999999999545e+02;-1.241465402271933840e+02;-1.232552282475531626e+02;1.216534661386540108e+02;1.225447717524467919e+02
2.113489039836647862e+03;-2.460000062929781848e+02;-2.460000000000000000e+02;-1.243372965560978400e+02;-1.234552282475532081e+02;1.216627097368803447e+02;1.225447717524467919e+02
2.125690345217110007e+03;-2.462000062209430951e+02;-2.462000000000000455e+02;-1.245281395449441106e+02;-1.236552282475532536e+02;1.216718666759989844e+02;1.225447717524467919e+02
2.137962089502232629e+03;-2.464000061497325191e+02;-2.463999999999999773e+02;-1.247190685590622081e+02;-1.238552282475531996e+02;1.216809375906703110e+02;1.225447717524467777e+02
2.150304679340258645e+03;-2.466000060793371631e+02;-2.466000000000000227e+02;-1.249100829651060138e+02;-1.240552282475532309e+02;1.216899231142311493e+02;1.225447717524467919e+02
2.162718523727020056e+03;-2.468000060097475625e+02;-2.468000000000000114e+02;-1.251011821311162606e+02;-1.242552282475532195e+02;1.216988238786313019e+02;1.225447717524467919e+02
2.175204034019524443e+03;-2.470000059409545941e+02;-2.470000000000000000e+02;-1.252923654265831601e+02;-1.244552282475532081e+02;1.217076405143714339e+02;1.225447717524467919e+02
2.187761623949551904e+03;-2.472000058729490490e+02;-2.471999999999999886e+02;-1.254836322225067136e+02;-1.246552282475531968e+02;1.217163736504423355e+02;1.225447717524467919e+02
2.200391709637399799e+03;-2.474000058057220031e+02;-2.474000000000000341e+02;-1.256749818914570369e+02;-1.248552282475532280e+02;1.217250239142649662e+02;1.225447717524468061e+02
2.213094709605636581e+03;-2.476000057392644464e+02;-2.475999999999999659e+02;-1.258664138076323411e+02;-1.250552282475531740e+02;1.217335919316321053e+02;1.225447717524467919e+02
2.225871044793005240e+03;-2.478000056735676822e+02;-2.478000000000000114e+02;-1.260579273469166992e+02;-1.252552282475532195e+02;1.217420783266509829e+02;1.225447717524467919e+02
2.238721138568342212e+03;-2.480000056086229279e+02;-2.480000000000000568e+02;-1.262495218869358240e+02;-1.254552282475532508e+02;1.217504837216871039e+02;1.225447717524468061e+02
2.251645416744618160e+03;-2.482000055444215150e+02;-2.481999999999999886e+02;-1.264411968071120498e+02;-1.256552282475531968e+02;1.217588087373094652e+02;1.225447717524467919e+02
2.264644307593061967e+03;-2.484000054809551443e+02;-2.484000000000000341e+02;-1.266329514887184047e+02;-1.258552282475532422e+02;1.217670539922367396e+02;1.225447717524467919e+02
2.277718241857322027e+03;-2.486000054182151189e+02;-2.486000000000000227e+02;-1.268247853149305939e+02;-1.260552282475531740e+02;1.217752201032845250e+02;1.225447717524468487e+02
2.290867652767774871e+03;-2.488000053561933669e+02;-2.488000000000000114e+02;-1.270166976708789548e+02;-1.262552282475532195e+02;1.217833076853144121e+02;1.225447717524467919e+02
2.304092976055844701e+03;-2.490000052948815323e+02;-2.490000000000000000e+02;-1.272086879436980951e+02;-1.264552282475532081e+02;1.217913173511834373e+02;1.225447717524467919e+02
2.317394649968479825e+03;-2.492000052342715435e+02;-2.492000000000000455e+02;-1.274007555225764179e+02;-1.266552282475532252e+02;1.217992497116951256e+02;1.225447717524468203e+02
2.330773115282636354e+03;-2.494000051743553286e+02;-2.493999999999999773e+02;-1.275928997988034865e+02;-1.268552282475531854e+02;1.218071053755518420e+02;1.225447717524467919e+02
2.344228815319922887e+03;-2.496000051151250148e+02;-2.496000000000000227e+02;-1.277851201658172329e+02;-1.270552282475532309e+02;1.218148849493077819e+02;1.225447717524467919e+02
2.357762195961257021e+03;-2.498000050565727008e+02;-2.498000000000000682e+02;-1.279774160192490342e+02;-1.272552282475532479e+02;1.218225890373236666e+02;1.225447717524468203e+02
2.371373705661655094e+03;-2.500000049986905708e+02;-2.500000000000000000e+02;-1.281697867569682785e+02;-1.274552282475532081e+02;1.218302182417222923e+02;1.225447717524467919e+02
2.385063795465107432e+03;-2.502000049414710929e+02;-2.502000000000000455e+02;-1.283622317791258638e+02;-1.276552282475532536e+02;1.218377731623452291e+02;1.225447717524467919e+02
2.398832919019489964e+03;-2.504000048849065081e+02;-2.503999999999999773e+02;-1.285547504881958218e+02;-1.278552282475531854e+02;1.218452543967106863e+02;1.225447717524467919e+02
2.412681532591635005e+03;-2.506000048289894835e+02;-2.506000000000000227e+02;-1.287473422890168422e+02;-1.280552282475532309e+02;1.218526625399726413e+02;1.225447717524467919e+02
2.426610095082414318e+03;-2.508000047737124589e+02;-2.507999999999999545e+02;-1.289400065888316647e+02;-1.282552282475531626e+02;1.218599981848807943e+02;1.225447717524467919e+02
2.440619068041981336e+03;-2.510000047190682722e+02;-2.510000000000000000e+02;-1.291327427973263298e+02;-1.284552282475532081e+02;1.218672619217419424e+02;1.225447717524467919e+02
2.454708915685033389e+03;-2.512000046650496188e+02;-2.512000000000000455e+02;-1.293255503266674111e+02;-1.286552282475532536e+02;1.218744543383822077e+02;1.225447717524467919e+02
2.468880104906208999e+03;-2.514000046116491944e+02;-2.513999999999999773e+02;-1.295184285915388216e+02;-1.288552282475531854e+02;1.218815760201103728e+02;1.225447717524467919e+02
2.483133105295572932e+03;-2.516000045588601211e+02;-2.516000000000000227e+02;-1.297113770091774825e+02;-1.290552282475532309e+02;1.218886275496826386e+02;1.225447717524467919e+02
2.497468389154143097e+03;-2.518000045066752932e+02;-2.518000000000000114e+02;-1.299043949994073159e+02;-1.292552282475531911e+02;1.218956095072679773e+02;1.225447717524468203e+02
2.511886431509582053e+03;-2.520000044550878044e+02;-2.520000000000000000e+02;-1.300974819846731521e+02;-1.294552282475532081e+02;1.219025224704146524e+02;1.225447717524467919e+02
2.526387710131895346e+03;-2.522000044040908335e+02;-2.521999999999999886e+02;-1.302906373900724475e+02;-1.296552282475531968e+02;1.219093670140183860e+02;1.225447717524467919e+02
2.540972705549306284e+03;-2.524000043536776445e+02;-2.524000000000000341e+02;-1.304838606433872314e+02;-1.298552282475532138e+02;1.219161437102904131e+02;1.225447717524468203e+02
2.555641901064137073e+03;-2.526000043038415015e+02;-2.525999999999999659e+02;-1.306771511751136643e+02;-1.300552282475531740e+02;1.219228531287278372e+02;1.225447717524467919e+02
2.570395782768864592e+03;-2.528000042545758674e+02;-2.528000000000000114e+02;-1.308705084184919656e+02;-1.302552282475532195e+02;1.219294958360839018e+02;1.225447717524467919e+02
2.585234839562193883e+03;-2.530000042058742054e+02;-2.530000000000000568e+02;-1.310639318095340400e+02;-1.304552282475532365e+02;1.219360723963401654e+02;1.225447717524468203e+02
2.600159563165272175e+03;-2.532000041577299214e+02;-2.531999999999999886e+02;-1.312574207870509326e+02;-1.306552282475531968e+02;1.219425833706789888e+02;1.225447717524467919e+02
2.615170448137999756e+03;-2.534000041101367913e+02;-2.534000000000000341e+02;-1.314509747926793182e+02;-1.308552282475532422e+02;1.219490293174574731e+02;1.225447717524467919e+02
2.630267991895381329e+03;-2.536000040630884484e+02;-2.536000000000000227e+02;-1.316445932709061992e+02;-1.310552282475531740e+02;1.219554107921822492e+02;1.225447717524468487e+02
2.645452694724051526e+03;-2.538000040165786970e+02;-2.538000000000000114e+02;-1.318382756690938606e+02;-1.312552282475532195e+02;1.219617283474848364e+02;1.225447717524467919e+02
2.660725059798808616e+03;-2.540000039706012558e+02;-2.540000000000000000e+02;-1.320320214375025216e+02;-1.314552282475532081e+02;1.219679825330987342e+02;1.225447717524467919e+02
2.676085593199333289e+03;-2.542000039251502130e+02;-2.542000000000000455e+02;-1.322258300293134141e+02;-1.316552282475532252e+02;1.219741738958367989e+02;1.225447717524468203e+02
2.691534803926913810e+03;-2.544000038802193444e+02;-2.543999999999999773e+02;-1.324197009006496728e+02;-1.318552282475531854e+02;1.219803029795696716e+02;1.225447717524467919e+02
2.707073203921357617e+03;-2.546000038358029087e+02;-2.546000000000000227e+02;-1.326136335105973956e+02;-1.320552282475532309e+02;1.219863703252055132e+02;1.225447717524467919e+02
2.722701308077915655e+03;-2.548000037918948806e+02;-2.548000000000000682e+02;-1.328076273212248566e+02;-1.322552282475532195e+02;1.219923764706700240e+02;1.225447717524468487e+02
2.738419634264361321e+03;-2.550000037484893767e+02;-2.550000000000000000e+02;-1.330016817976014636e+02;-1.324552282475532081e+02;1.219983219508879131e+02;1.225447717524467919e+02
2.754228703338168998e+03;-2.552000037055807979e+02;-2.552000000000000455e+02;-1.331957964078158909e+02;-1.326552282475532536e+02;1.220042072977649070e+02;1.225447717524467919e+02
2.770129039163732614e+03;-2.554000036631633463e+02;-2.553999999999999773e+02;-1.333899706229924504e+02;-1.328552282475531854e+02;1.220100330401708959e+02;1.225447717524467919e+02
2.786121168629772001e+03;-2.556000036212314797e+02;-2.555999999999999943e+02;-1.335842039173080593e+02;-1.330552282475532309e+02;1.220157997039234203e+02;1.225447717524467635e+02
2.802205621666745174e+03;-2.558000035797795704e+02;-2.557999999999999545e+02;-1.337784957680067066e+02;-1.332552282475531626e+02;1.220215078117728638e+02;1.225447717524467919e+02
2.818382931264454783e+03;-2.560000035388021615e+02;-2.560000000000000000e+02;-1.339728456554147442e+02;-1.334552282475532081e+02;1.220271578833874173e+02;1.225447717524467919e+02
2.834653633489670938e+03;-2.562000034982939383e+02;-2.562000000000000455e+02;-1.341672530629539040e+02;-1.336552282475532536e+02;1.220327504353400343e+02;1.225447717524467919e+02
2.851018267503909556e+03;-2.564000034582492162e+02;-2.563999999999999773e+02;-1.343617174771544001e+02;-1.338552282475531854e+02;1.220382859810948162e+02;1.225447717524467919e+02
2.867477375581318938e+03;-2.566000034186630501e+02;-2.566000000000000227e+02;-1.345562383876672641e+02;-1.340552282475532309e+02;1.220437650309957860e+02;1.225447717524467919e+02
2.884031503126605912e+03;-2.568000033795299260e+02;-2.568000000000000114e+02;-1.347508152872750316e+02;-1.342552282475532195e+02;1.220491880922548944e+02;1.225447717524467919e+02
2.900681198693156148e+03;-2.570000033408447848e+02;-2.570000000000000000e+02;-1.349454476719029117e+02;-1.344552282475532081e+02;1.220545556689418731e+02;1.225447717524467919e+02
2.917427014001165844e+03;-2.572000033026023971e+02;-2.571999999999999886e+02;-1.351401350406279676e+02;-1.346552282475531683e+02;1.220598682619744295e+02;1.225447717524468203e+02
2.934269503955970322e+03;-2.574000032647978742e+02;-2.574000000000000341e+02;-1.353348768956886090e+02;-1.348552282475532138e+02;1.220651263691092652e+02;1.225447717524468203e+02
2.951209226666383984e+03;-2.576000032274259866e+02;-2.575999999999999659e+02;-1.355296727424924654e+02;-1.350552282475531740e+02;1.220703304849335211e+02;1.225447717524467919e+02
2.968246743463243092e+03;-2.578000031904820162e+02;-2.578000000000000114e+02;-1.357245220896243723e+02;-1.352552282475532195e+02;1.220754811008576439e+02;1.225447717524467919e+02
2.985382618917963100e+03;-2.580000031539608472e+02;-2.580000000000000568e+02;-1.359194244488528796e+02;-1.354552282475532365e+02;1.220805787051079676e+02;1.225447717524468203e+02
3.002617420861267419e+03;-2.582000031178577615e+02;-2.581999999999999886e+02;-1.361143793351365048e+02;-1.356552282475531968e+02;1.220856237827212567e+02;1.225447717524467919e+02
3.019951720402018964e+03;-2.584000030821679843e+02;-2.584000000000000341e+02;-1.363093862666294740e+02;-1.358552282475532138e+02;1.220906168155385103e+02;1.225447717524468203e+02
3.037386091946104443e+03;-2.586000030468866271e+02;-2.586000000000000227e+02;-1.365044447646861272e+02;-1.360552282475531740e+02;1.220955582822004999e+02;1.225447717524468487e+02
3.054921113215515561e+03;-2.588000030120092561e+02;-2.588000000000000114e+02;-1.366995543538655795e+02;-1.362552282475532195e+02;1.221004486581436765e+02;1.225447717524467919e+02
3.072557365267445221e+03;-2.590000029775310395e+02;-2.590000000000000000e+02;-1.368947145619346202e+02;-1.364552282475532081e+02;1.221052884155964193e+02;1.225447717524467919e+02
3.090295432513592004e+03;-2.592000029434475437e+02;-2.592000000000000455e+02;-1.370899249198714074e+02;-1.366552282475531968e+02;1.221100780235761363e+02;1.225447717524468487e+02
3.108135902739473295e+03;-2.594000029097541642e+02;-2.593999999999999773e+02;-1.372851849618668041e+02;-1.368552282475531854e+02;1.221148179478873601e+02;1.225447717524467919e+02
3.126079367123955763e+03;-2.596000028764465242e+02;-2.596000000000000227e+02;-1.374804942253269928e+02;-1.370552282475532309e+02;1.221195086511195314e+02;1.225447717524467919e+02
3.144126420258799044e+03;-2.598000028435201330e+02;-2.598000000000000682e+02;-1.376758522508737883e+02;-1.372552282475532195e+02;1.221241505926463446e+02;1.225447717524468487e+02
3.162277660168379498e+03;-2.600000028109706136e+02;-2.600000000000000000e+02;-1.378712585823455470e+02;-1.374552282475532081e+02;1.221287442286250666e+02;1.225447717524467919e+02
3.180533688329523557e+03;-2.602000027787937029e+02;-2.602000000000000455e+02;-1.380667127667969964e+02;-1.376552282475532536e+02;1.221332900119967064e+02;1.225447717524467919e+02
3.198895109691397010e+03;-2.604000027469850806e+02;-2.603999999999999773e+02;-1.382622143544985249e+02;-1.378552282475531854e+02;1.221377883924865557e+02;1.225447717524467919e+02
3.217362532695600748e+03;-2.606000027155406542e+02;-2.606000000000000227e+02;-1.384577628989351865e+02;-1.380552282475532309e+02;1.221422398166054677e+02;1.225447717524467919e+02
3.235936569296281050e+03;-2.608000026844561035e+02;-2.607999999999999545e+02;-1.386533579568046264e+02;-1.382552282475531626e+02;1.221466447276514771e+02;1.225447717524467919e+02
3.254617834980459975e+03;-2.610000026537273925e+02;-2.610000000000000000e+02;-1.388489990880153755e+02;-1.384552282475532081e+02;1.221510035657120170e+02;1.225447717524467919e+02
3.273406948788386217e+03;-2.612000026233504855e+02;-2.612000000000000455e+02;-1.390446858556834968e+02;-1.386552282475532536e+02;1.221553167676669887e+02;1.225447717524467919e+02
3.292304533334065582e+03;-2.614000025933211759e+02;-2.613999999999999773e+02;-1.392404178261296863e+02;-1.388552282475531854e+02;1.221595847671914896e+02;1.225447717524467919e+02
3.311311214825914249e+03;-2.616000025636357122e+02;-2.616000000000000227e+02;-1.394361945688756919e+02;-1.390552282475532309e+02;1.221638079947600204e+02;1.225447717524467919e+02
3.330427623087462962e+03;-2.618000025342900017e+02;-2.618000000000000114e+02;-1.396320156566395667e+02;-1.392552282475531911e+02;1.221679868776504350e+02;1.225447717524468203e+02
3.349654391578279501e+03;-2.620000025052802926e+02;-2.620000000000000000e+02;-1.398278806653315200e+02;-1.394552282475532081e+02;1.221721218399487725e+02;1.225447717524467919e+02
3.368992157414906160e+03;-2.622000024766025490e+02;-2.621999999999999886e+02;-1.400237891740483462e+02;-1.396552282475531683e+02;1.221762133025542028e+02;1.225447717524468203e+02
3.388441561392027324e+03;-2.624000024482530762e+02;-2.624000000000000341e+02;-1.402197407650682521e+02;-1.398552282475532138e+02;1.221802616831848241e+02;1.225447717524468203e+02
3.408003248003647968e+03;-2.626000024202281793e+02;-2.625999999999999659e+02;-1.404157350238443200e+02;-1.400552282475531740e+02;1.221842673963838592e+02;1.225447717524467919e+02
3.427677865464504521e+03;-2.628000023925241067e+02;-2.628000000000000114e+02;-1.406117715389987382e+02;-1.402552282475531911e+02;1.221882308535253685e+02;1.225447717524468203e+02
3.447466065731498020e+03;-2.630000023651371066e+02;-2.630000000000000568e+02;-1.408078499023152403e+02;-1.404552282475532365e+02;1.221921524628218663e+02;1.225447717524468203e+02
3.467368504525316894e+03;-2.632000023380635980e+02;-2.631999999999999886e+02;-1.410039697087322565e+02;-1.406552282475532252e+02;1.221960326293313415e+02;1.225447717524467635e+02
3.487385841352187526e+03;-2.634000023112999997e+02;-2.634000000000000341e+02;-1.412001305563353242e+02;-1.408552282475532138e+02;1.221998717549646756e+02;1.225447717524468203e+02
3.507518739525679393e+03;-2.636000022848427307e+02;-2.636000000000000227e+02;-1.413963320463487037e+02;-1.410552282475531740e+02;1.222036702384940270e+02;1.225447717524468487e+02
3.527767866188742119e+03;-2.638000022586884370e+02;-2.638000000000000114e+02;-1.415925737831274205e+02;-1.412552282475532195e+02;1.222074284755610165e+02;1.225447717524467919e+02
3.548133892335752989e+03;-2.640000022328333671e+02;-2.640000000000000000e+02;-1.417888553741479711e+02;-1.414552282475532081e+02;1.222111468586853960e+02;1.225447717524467919e+02
3.568617492834813220e+03;-2.642000022072743946e+02;-2.642000000000000455e+02;-1.419851764299997967e+02;-1.416552282475532252e+02;1.222148257772745978e+02;1.225447717524468203e+02
3.589219346450049670e+03;-2.644000021820078814e+02;-2.643999999999999773e+02;-1.421815365643752500e+02;-1.418552282475531854e+02;1.222184656176326314e+02;1.225447717524467919e+02
3.609940135864167132e+03;-2.646000021570307013e+02;-2.646000000000000227e+02;-1.423779353940603301e+02;-1.420552282475532309e+02;1.222220667629703712e+02;1.225447717524467919e+02
3.630780547701017440e+03;-2.648000021323393867e+02;-2.648000000000000682e+02;-1.425743725389241376e+02;-1.422552282475532195e+02;1.222256295934152490e+02;1.225447717524468487e+02
3.651741272548376855e+03;-2.650000021079306407e+02;-2.650000000000000000e+02;-1.427708476219086435e+02;-1.424552282475532081e+02;1.222291544860219972e+02;1.225447717524467919e+02
3.672823004980849873e+03;-2.652000020838014507e+02;-2.652000000000000455e+02;-1.429673602690181156e+02;-1.426552282475532536e+02;1.222326418147833351e+02;1.225447717524467919e+02
3.694026443582833508e+03;-2.654000020599482923e+02;-2.653999999999999773e+02;-1.431639101093076363e+02;-1.428552282475531854e+02;1.222360919506406560e+02;1.225447717524467919e+02
3.715352290971727598e+03;-2.656000020363682665e+02;-2.656000000000000227e+02;-1.433604967748724164e+02;-1.430552282475532309e+02;1.222395052614958502e+02;1.225447717524467919e+02
3.736801253821156024e+03;-2.658000020130581333e+02;-2.657999999999999545e+02;-1.435571199008354881e+02;-1.432552282475531626e+02;1.222428821122226452e+02;1.225447717524467919e+02
3.758374042884443043e+03;-2.660000019900148800e+02;-2.660000000000000000e+02;-1.437537791253365640e+02;-1.434552282475532081e+02;1.222462228646783160e+02;1.225447717524467919e+02
3.780071373018115992e+03;-2.662000019672354370e+02;-2.662000000000000455e+02;-1.439504740895194175e+02;-1.436552282475532536e+02;1.222495278777160195e+02;1.225447717524467919e+02
3.801893963205612636e+03;-2.664000019447166210e+02;-2.663999999999999773e+02;-1.441472044375195196e+02;-1.438552282475531854e+02;1.222527975071971014e+02;1.225447717524467919e+02
3.823842536581130389e+03;-2.666000019224557036e+02;-2.666000000000000227e+02;-1.443439698164519598e+02;-1.440552282475532309e+02;1.222560321060037438e+02;1.225447717524467919e+02
3.845917820453535569e+03;-2.668000019004494447e+02;-2.668000000000000114e+02;-1.445407698763978033e+02;-1.442552282475531911e+02;1.222592320240516415e+02;1.225447717524468203e+02
3.868120546330525030e+03;-2.670000018786952296e+02;-2.670000000000000000e+02;-1.447376042703917847e+02;-1.444552282475532081e+02;1.222623976083034449e+02;1.225447717524467919e+02
3.890451449942804629e+03;-2.672000018571899318e+02;-2.671999999999999886e+02;-1.449344726544083812e+02;-1.446552282475531683e+02;1.222655292027815506e+02;1.225447717524468203e+02
3.912911271268531891e+03;-2.674000018359308797e+02;-2.674000000000000341e+02;-1.451313746873487958e+02;-1.448552282475532138e+02;1.222686271485820839e+02;1.225447717524468203e+02
3.935500754557772325e+03;-2.676000018149151174e+02;-2.675999999999999659e+02;-1.453283100310268878e+02;-1.450552282475531740e+02;1.222716917838882296e+02;1.225447717524467919e+02
3.958220648357226310e+03;-2.678000017941399733e+02;-2.678000000000000114e+02;-1.455252783501555882e+02;-1.452552282475531911e+02;1.222747234439843851e+02;1.225447717524468203e+02
3.981071705534977355e+03;-2.680000017736027189e+02;-2.680000000000000568e+02;-1.457222793123324607e+02;-1.454552282475532365e+02;1.222777224612702582e+02;1.225447717524468203e+02
4.004054683305463641e+03;-2.682000017533003984e+02;-2.681999999999999886e+02;-1.459193125880256616e+02;-1.456552282475532252e+02;1.222806891652747368e+02;1.225447717524467635e+02
4.027170343254595082e+03;-2.684000017332305674e+02;-2.684000000000000341e+02;-1.461163778505595872e+02;-1.458552282475532138e+02;1.222836238826709803e+02;1.225447717524468203e+02
4.050419451364930865e+03;-2.686000017133903839e+02;-2.686000000000000227e+02;-1.463134747760998380e+02;-1.460552282475531740e+02;1.222865269372905459e+02;1.225447717524468487e+02
4.073802778041130296e+03;-2.688000016937774035e+02;-2.688000000000000114e+02;-1.465106030436390938e+02;-1.462552282475532195e+02;1.222893986501383097e+02;1.225447717524467919e+02
4.097321098135413195e+03;-2.690000016743888409e+02;-2.690000000000000000e+02;-1.467077623349813962e+02;-1.464552282475532081e+02;1.222922393394074447e+02;1.225447717524467919e+02
4.120975190973304052e+03;-2.692000016552223087e+02;-2.692000000000000455e+02;-1.469049523347278807e+02;-1.466552282475532252e+02;1.222950493204944280e+02;1.225447717524468203e+02
4.144765840379388464e+03;-2.694000016362751353e+02;-2.693999999999999773e+02;-1.471021727302608326e+02;-1.468552282475531854e+02;1.222978289060143027e+02;1.225447717524467919e+02
4.168693834703354696e+03;-2.696000016175448764e+02;-2.696000000000000227e+02;-1.472994232117290210e+02;-1.470552282475532309e+02;1.223005784058158554e+02;1.225447717524467919e+02
4.192759966846058887e+03;-2.698000015990289739e+02;-2.698000000000000682e+02;-1.474967034720315837e+02;-1.472552282475532195e+02;1.223032981269973902e+02;1.225447717524468487e+02
4.216965034285822185e+03;-2.700000015807250406e+02;-2.700000000000000000e+02;-1.476940132068028504e+02;-1.474552282475532081e+02;1.223059883739221902e+02;1.225447717524467919e+02
4.241309839104885214e+03;-2.702000015626306322e+02;-2.702000000000000455e+02;-1.478913521143966818e+02;-1.476552282475532536e+02;1.223086494482339504e+02;1.225447717524467919e+02
4.265795188015925305e+03;-2.704000015447433611e+02;-2.703999999999999773e+02;-1.480887198958702129e+02;-1.478552282475531854e+02;1.223112816488731482e+02;1.225447717524467919e+02
4.290421892388857486e+03;-2.706000015270608401e+02;-2.706000000000000227e+02;-1.482861162549684479e+02;-1.480552282475532309e+02;1.223138852720923921e+02;1.225447717524467919e+02
4.315190768277650022e+03;-2.708000015095806816e+02;-2.707999999999999545e+02;-1.484835408981078047e+02;-1.482552282475531626e+02;1.223164606114728770e+02;1.225447717524467919e+02
4.340102636447440091e+03;-2.710000014923007257e+02;-2.710000000000000000e+02;-1.486809935343604252e+02;-1.484552282475532081e+02;1.223190079579403005e+02;1.225447717524467919e+02
4.365158322401665828e+03;-2.712000014752185280e+02;-2.712000000000000455e+02;-1.488784738754376065e+02;-1.486552282475532536e+02;1.223215275997809215e+02;1.225447717524467919e+02
4.390358656409447576e+03;-2.714000014583317579e+02;-2.713999999999999773e+02;-1.490759816356735996e+02;-1.488552282475531854e+02;1.223240198226581583e+02;1.225447717524467919e+02
4.415704473533130113e+03;-2.716000014416384261e+02;-2.716000000000000227e+02;-1.492735165320095803e+02;-1.490552282475532309e+02;1.223264849096288458e+02;1.225447717524467919e+02
4.441196613655888541e+03;-2.718000014251360881e+02;-2.718000000000000114e+02;-1.494710782839767376e+02;-1.492552282475531911e+02;1.223289231411593505e+02;1.225447717524468203e+02
4.466835921509635227e+03;-2.720000014088227545e+02;-2.720000000000000000e+02;-1.496686666136803012e+02;-1.494552282475532081e+02;1.223313347951424532e+02;1.225447717524467919e+02
4.492623246702932192e+03;-2.722000013926959809e+02;-2.721999999999999886e+02;-1.498662812457823748e+02;-1.496552282475531683e+02;1.223337201469136062e+02;1.225447717524468203e+02
4.518559443749226375e+03;-2.724000013767540054e+02;-2.724000000000000341e+02;-1.500639219074860193e+02;-1.498552282475532422e+02;1.223360794692679860e+02;1.225447717524467919e+02
4.544645372095084895e+03;-2.726000013609943835e+02;-2.725999999999999659e+02;-1.502615883285180018e+02;-1.500552282475531740e+02;1.223384130324763817e+02;1.225447717524467919e+02
4.570881896148751366e+03;-2.728000013454152395e+02;-2.728000000000000114e+02;-1.504592802411125660e+02;-1.502552282475531911e+02;1.223407211043026734e+02;1.225447717524468203e+02
4.597269885308727680e+03;-2.730000013300144133e+02;-2.730000000000000568e+02;-1.506569973799943511e+02;-1.504552282475532365e+02;1.223430039500200621e+02;1.225447717524468203e+02
4.623810213992603167e+03;-2.732000013147898585e+02;-2.731999999999999886e+02;-1.508547394823616514e+02;-1.506552282475532252e+02;1.223452618324282071e+02;1.225447717524467635e+02
4.650503761666067476e+03;-2.734000012997395856e+02;-2.734000000000000341e+02;-1.510525062878699316e+02;-1.508552282475532138e+02;1.223474950118696540e+02;1.225447717524468203e+02
4.677351412871980756e+03;-2.736000012848615484e+02;-2.736000000000000227e+02;-1.512502975386145749e+02;-1.510552282475531740e+02;1.223497037462469734e+02;1.225447717524468487e+02
4.704354057259764886e+03;-2.738000012701539276e+02;-2.738000000000000114e+02;-1.514481129791142848e+02;-1.512552282475532195e+02;1.223518882910396428e+02;1.225447717524467919e+02
4.731512589614802891e+03;-2.740000012556145634e+02;-2.740000000000000000e+02;-1.516459523562940035e+02;-1.514552282475532081e+02;1.223540488993205599e+02;1.225447717524467919e+02
4.758827909888171234e+03;-2.742000012412416936e+02;-2.742000000000000455e+02;-1.518438154194682852e+02;-1.516552282475532252e+02;1.223561858217734084e+02;1.225447717524468203e+02
4.786300923226380291e+03;-2.744000012270332718e+02;-2.743999999999999773e+02;-1.520417019203239306e+02;-1.518552282475531854e+02;1.223582993067093412e+02;1.225447717524467919e+02
4.813932540001448615e+03;-2.746000012129875358e+02;-2.746000000000000227e+02;-1.522396116129037011e+02;-1.520552282475532309e+02;1.223603896000838347e+02;1.225447717524467919e+02
4.841723675840999022e+03;-2.748000011991026099e+02;-2.748000000000000682e+02;-1.524375442535887828e+02;-1.522552282475532195e+02;1.223624569455138271e+02;1.225447717524468487e+02
4.869675251658631169e+03;-2.750000011853766182e+02;-2.750000000000000000e+02;-1.526354996010820457e+02;-1.524552282475532081e+02;1.223645015842945725e+02;1.225447717524467919e+02
4.897788193684466023e+03;-2.752000011718076848e+02;-2.752000000000000455e+02;-1.528334774163915313e+02;-1.526552282475532536e+02;1.223665237554161536e+02;1.225447717524467919e+02
4.926063433495771278e+03;-2.754000011583941046e+02;-2.753999999999999773e+02;-1.530314774628127168e+02;-1.528552282475531854e+02;1.223685236955813878e+02;1.225447717524467919e+02
4.954501908047905090e+03;-2.756000011451341152e+02;-2.756000000000000227e+02;-1.532294995059124574e+02;-1.530552282475532309e+02;1.223705016392216578e+02;1.225447717524467919e+02
4.983104559705292559e+03;-2.758000011320258409e+02;-2.757999999999999545e+02;-1.534275433135113644e+02;-1.532552282475531626e+02;1.223724578185144765e+02;1.225447717524467919e+02
5.011872336272725079e+03;-2.760000011190676332e+02;-2.760000000000000000e+02;-1.536256086556675200e+02;-1.534552282475532081e+02;1.223743924634001132e+02;1.225447717524467919e+02
5.040806191026700617e+03;-2.762000011062578437e+02;-2.762000000000000455e+02;-1.538236953046590543e+02;-1.536552282475532536e+02;1.223763058015987895e+02;1.225447717524467919e+02
5.069907082747044115e+03;-2.764000010935945966e+02;-2.763999999999999773e+02;-1.540218030349676610e+02;-1.538552282475531854e+02;1.223781980586269356e+02;1.225447717524467919e+02
5.099175975748707060e+03;-2.766000010810763570e+02;-2.766000000000000227e+02;-1.542199316232618287e+02;-1.540552282475532309e+02;1.223800694578145283e+02;1.225447717524467919e+02
5.128613839913648007e+03;-2.768000010687013059e+02;-2.768000000000000114e+02;-1.544180808483795317e+02;-1.542552282475531911e+02;1.223819202203217742e+02;1.225447717524468203e+02
5.158221650723060520e+03;-2.770000010564680224e+02;-2.770000000000000000e+02;-1.546162504913122007e+02;-1.544552282475532081e+02;1.223837505651558217e+02;1.225447717524467919e+02
5.188000389289609302e+03;-2.772000010443746874e+02;-2.771999999999999886e+02;-1.548144403351872427e+02;-1.546552282475531683e+02;1.223855607091874447e+02;1.225447717524468203e+02
5.217951042390025577e+03;-2.774000010324198797e+02;-2.774000000000000341e+02;-1.550126501652519266e+02;-1.548552282475532138e+02;1.223873508671679531e+02;1.225447717524468203e+02
5.248074602497723390e+03;-2.776000010206018374e+02;-2.775999999999999659e+02;-1.552108797688563300e+02;-1.550552282475531740e+02;1.223891212517455074e+02;1.225447717524467919e+02
5.278372067815769697e+03;-2.778000010089191392e+02;-2.778000000000000114e+02;-1.554091289354369394e+02;-1.552552282475531911e+02;1.223908720734821998e+02;1.225447717524468203e+02
5.308844442309889928e+03;-2.780000009973701367e+02;-2.780000000000000568e+02;-1.556073974564998537e+02;-1.554552282475532365e+02;1.223926035408702830e+02;1.225447717524468203e+02
5.339492735741766410e+03;-2.782000009859532952e+02;-2.781999999999999886e+02;-1.558056851256044126e+02;-1.556552282475532252e+02;1.223943158603488826e+02;1.225447717524467635e+02
5.370317963702532325e+03;-2.784000009746671935e+02;-2.784000000000000341e+02;-1.560039917383467696e+02;-1.558552282475532138e+02;1.223960092363204240e+02;1.225447717524468203e+02
5.401321147646347526e+03;-2.786000009635102401e+02;-2.786000000000000227e+02;-1.562023170923430087e+02;-1.560552282475531740e+02;1.223976838711672315e+02;1.225447717524468487e+02
5.432503314924336337e+03;-2.788000009524810707e+02;-2.788000000000000114e+02;-1.564006609872134277e+02;-1.562552282475532195e+02;1.223993399652676430e+02;1.225447717524467919e+02
5.463865498818539891e+03;-2.790000009415780937e+02;-2.790000000000000000e+02;-1.565990232245654568e+02;-1.564552282475532081e+02;1.224009777170126370e+02;1.225447717524467919e+02
5.495408738576248652e+03;-2.792000009307999449e+02;-2.792000000000000455e+02;-1.567974036079779978e+02;-1.566552282475532252e+02;1.224025973228219470e+02;1.225447717524468203e+02
5.527134079444345844e+03;-2.794000009201451462e+02;-2.793999999999999773e+02;-1.569958019429846559e+02;-1.568552282475531854e+02;1.224041989771604904e+02;1.225447717524467919e+02
5.559042572704037411e+03;-2.796000009096123904e+02;-2.796000000000000227e+02;-1.571942180370581070e+02;-1.570552282475532309e+02;1.224057828725542834e+02;1.225447717524467919e+02
5.591135275705607455e+03;-2.798000008992001426e+02;-2.798000000000000682e+02;-1.573926516995933866e+02;-1.572552282475532195e+02;1.224073491996067560e+02;1.225447717524468487e+02
5.623413251903491073e+03;-2.800000008889070386e+02;-2.800000000000000000e+02;-1.575911027418922288e+02;-1.574552282475532081e+02;1.224088981470148099e+02;1.225447717524467919e+02
5.655877570891544565e+03;-2.802000008787318848e+02;-2.802000000000000455e+02;-1.577895709771470649e+02;-1.576552282475532536e+02;1.224104299015848198e+02;1.225447717524467919e+02
5.688529308438412954e+03;-2.804000008686730325e+02;-2.803999999999999773e+02;-1.579880562204248520e+02;-1.578552282475531854e+02;1.224119446482481806e+02;1.225447717524467919e+02
5.721369546523267672e+03;-2.806000008587294587e+02;-2.806000000000000227e+02;-1.581865582886514972e+02;-1.580552282475532309e+02;1.224134425700779616e+02;1.225447717524467919e+02
5.754399373371566071e+03;-2.808000008488996286e+02;-2.807999999999999545e+02;-1.583850770005956861e+02;-1.582552282475531626e+02;1.224149238483039426e+02;1.225447717524467919e+02
5.787619883491208384e+03;-2.810000008391824053e+02;-2.810000000000000000e+02;-1.585836121768536486e+02;-1.584552282475532081e+02;1.224163886623287567e+02;1.225447717524467919e+02
5.821032177708721974e+03;-2.812000008295763678e+02;-2.812000000000000455e+02;-1.587821636398329872e+02;-1.586552282475532536e+02;1.224178371897433806e+02;1.225447717524467919e+02
5.854637363205772999e+03;-2.814000008200802654e+02;-2.813999999999999773e+02;-1.589807312137373856e+02;-1.588552282475531854e+02;1.224192696063428798e+02;1.225447717524467919e+02
5.888436553555896353e+03;-2.816000008106929045e+02;-2.816000000000000227e+02;-1.591793147245512330e+02;-1.590552282475532309e+02;1.224206860861416715e+02;1.225447717524467919e+02
5.922430868761305646e+03;-2.818000008014129207e+02;-2.818000000000000114e+02;-1.593779140000236509e+02;-1.592552282475531911e+02;1.224220868013892698e+02;1.225447717524468203e+02
5.956621435290109730e+03;-2.820000007922392342e+02;-2.820000000000000000e+02;-1.595765288696537993e+02;-1.594552282475532081e+02;1.224234719225854349e+02;1.225447717524467919e+02
5.991009386113536493e+03;-2.822000007831705375e+02;-2.821999999999999886e+02;-1.597751591646749318e+02;-1.596552282475531683e+02;1.224248416184956056e+02;1.225447717524468203e+02
6.025595860743580488e+03;-2.824000007742056937e+02;-2.824000000000000341e+02;-1.599738047180398439e+02;-1.598552282475532138e+02;1.224261960561658498e+02;1.225447717524468203e+02
6.060382005270659647e+03;-2.826000007653433954e+02;-2.825999999999999659e+02;-1.601724653644050704e+02;-1.600552282475531740e+02;1.224275354009383250e+02;1.225447717524467919e+02
6.095368972401694009e+03;-2.828000007565826195e+02;-2.828000000000000114e+02;-1.603711409401163905e+02;-1.602552282475531911e+02;1.224288598164662289e+02;1.225447717524468203e+02
6.130557921498214455e+03;-2.830000007479221154e+02;-2.830000000000000568e+02;-1.605698312831934800e+02;-1.604552282475532365e+02;1.224301694647286354e+02;1.225447717524468203e+02
6.165950018614822511e+03;-2.832000007393606893e+02;-2.831999999999999886e+02;-1.607685362333151886e+02;-1.606552282475532252e+02;1.224314645060455007e+02;1.225447717524467635e+02
6.201546436537860245e+03;-2.834000007308973181e+02;-2.834000000000000341e+02;-1.609672556318048180e+02;-1.608552282475532138e+02;1.224327450990925001e+02;1.225447717524468203e+02
6.237348354824191119e+03;-2.836000007225307513e+02;-2.836000000000000227e+02;-1.611659893216150579e+02;-1.610552282475531740e+02;1.224340114009156935e+02;1.225447717524468487e+02
6.273356959840385571e+03;-2.838000007142600793e+02;-2.838000000000000114e+02;-1.613647371473137753e+02;-1.612552282475532195e+02;1.224352635669463041e+02;1.225447717524467919e+02
6.309573444801930236e+03;-2.840000007060839380e+02;-2.840000000000000000e+02;-1.615634989550690079e+02;-1.614552282475532081e+02;1.224365017510149301e+02;1.225447717524467919e+02
6.345999009812871918e+03;-2.842000006980014746e+02;-2.842000000000000455e+02;-1.617622745926349808e+02;-1.616552282475532252e+02;1.224377261053664938e+02;1.225447717524468203e+02
6.382634861905482467e+03;-2.844000006900114954e+02;-2.843999999999999773e+02;-1.619610639093371844e+02;-1.618552282475531854e+02;1.224389367806743110e+02;1.225447717524467919e+02
6.419482215080359310e+03;-2.846000006821130341e+02;-2.846000000000000227e+02;-1.621598667560585909e+02;-1.620552282475532309e+02;1.224401339260544432e+02;1.225447717524467919e+02
6.456542290346562368e+03;-2.848000006743050108e+02;-2.848000000000000682e+02;-1.623586829852249593e+02;-1.622552282475532195e+02;1.224413176890800514e+02;1.225447717524468487e+02
6.493816315762112936e+03;-2.850000006665862315e+02;-2.850000000000000000e+02;-1.625575124507909948e+02;-1.624552282475532081e+02;1.224424882157952368e+02;1.225447717524467919e+02
6.531305526474729049e+03;-2.852000006589559575e+02;-2.852000000000000455e+02;-1.627563550082264214e+02;-1.626552282475532536e+02;1.224436456507295361e+02;1.225447717524467919e+02
6.569011164762661792e+03;-2.854000006514128813e+02;-2.853999999999999773e+02;-1.629552105145014878e+02;-1.628552282475531854e+02;1.224447901369113936e+02;1.225447717524467919e+02
6.606934480075964530e+03;-2.856000006439562640e+02;-2.856000000000000227e+02;-1.631540788280738639e+02;-1.630552282475532309e+02;1.224459218158824001e+02;1.225447717524467919e+02
6.645076729077792152e+03;-2.858000006365849117e+02;-2.857999999999999545e+02;-1.633529598088740613e+02;-1.632552282475531626e+02;1.224470408277108504e+02;1.225447717524467919e+02
6.683439175686148701e+03;-2.860000006292980288e+02;-2.860000000000000000e+02;-1.635518533182925012e+02;-1.634552282475532081e+02;1.224481473110055276e+02;1.225447717524467919e+02
6.722023091115676834e+03;-2.862000006220945352e+02;-2.862000000000000455e+02;-1.637507592191653885e+02;-1.636552282475532536e+02;1.224492414029291467e+02;1.225447717524467919e+02
6.760829753919819268e+03;-2.864000006149734077e+02;-2.863999999999999773e+02;-1.639496773757613255e+02;-1.638552282475531854e+02;1.224503232392120822e+02;1.225447717524467919e+02
6.799860450033230336e+03;-2.866000006079339073e+02;-2.866000000000000227e+02;-1.641486076537681242e+02;-1.640552282475532309e+02;1.224513929541657831e+02;1.225447717524467919e+02
6.839116472814293047e+03;-2.868000006009748972e+02;-2.868000000000000114e+02;-1.643475499202790786e+02;-1.642552282475531911e+02;1.224524506806958186e+02;1.225447717524468203e+02
6.878599123088081797e+03;-2.870000005940956385e+02;-2.870000000000000000e+02;-1.645465040437802600e+02;-1.644552282475532081e+02;1.224534965503153785e+02;1.225447717524467919e+02
6.918309709189362366e+03;-2.872000005872950510e+02;-2.871999999999999886e+02;-1.647454698941367042e+02;-1.646552282475532252e+02;1.224545306931583468e+02;1.225447717524467635e+02
6.958249547006056673e+03;-2.874000005805723958e+02;-2.874000000000000341e+02;-1.649444473425801334e+02;-1.648552282475532422e+02;1.224555532379922624e+02;1.225447717524467919e+02
6.998419960022731175e+03;-2.876000005739265930e+02;-2.875999999999999659e+02;-1.651434362616951717e+02;-1.650552282475531740e+02;1.224565643122314214e+02;1.225447717524467919e+02
7.038822279364570932e+03;-2.878000005673569603e+02;-2.878000000000000114e+02;-1.653424365254072654e+02;-1.652552282475531911e+02;1.224575640419496949e+02;1.225447717524468203e+02
7.079457843841388240e+03;-2.880000005608624747e+02;-2.880000000000000568e+02;-1.655414480089693257e+02;-1.654552282475532365e+02;1.224585525518931490e+02;1.225447717524468203e+02
7.120327999992025980e+03;-2.882000005544422834e+02;-2.881999999999999886e+02;-1.657404705889491083e+02;-1.656552282475532252e+02;1.224595299654931750e+02;1.225447717524467635e+02
7.161434102129027451e+03;-2.884000005480957043e+02;-2.884000000000000341e+02;-1.659395041432172491e+02;-1.658552282475532706e+02;1.224604964048784552e+02;1.225447717524467635e+02
7.202777512383406247e+03;-2.886000005418216574e+02;-2.886000000000000227e+02;-1.661385485509336775e+02;-1.660552282475532024e+02;1.224614519908879799e+02;1.225447717524468203e+02
7.244359600749906349e+03;-2.888000005356195174e+02;-2.888000000000000114e+02;-1.663376036925363337e+02;-1.662552282475532195e+02;1.224623968430831837e+02;1.225447717524467919e+02
7.286181745132274045e+03;-2.890000005294882612e+02;-2.890000000000000000e+02;-1.665366694497279241e+02;-1.664552282475532081e+02;1.224633310797603372e+02;1.225447717524467919e+02
7.328245331389044622e+03;-2.892000005234273203e+02;-2.892000000000000455e+02;-1.667357457054643533e+02;-1.666552282475532252e+02;1.224642548179629671e+02;1.225447717524468203e+02
7.370551753379339061e+03;-2.894000005174356147e+02;-2.893999999999999773e+02;-1.669348323439421051e+02;-1.668552282475531854e+02;1.224651681734935096e+02;1.225447717524467919e+02
7.413102413009177326e+03;-2.896000005115126328e+02;-2.896000000000000227e+02;-1.671339292505867036e+02;-1.670552282475532309e+02;1.224660712609259292e+02;1.225447717524467919e+02
7.455898720277823486e+03;-2.898000005056574082e+02;-2.898000000000000682e+02;-1.673330363120402353e+02;-1.672552282475532479e+02;1.224669641936171729e+02;1.225447717524468203e+02
7.498942093324558300e+03;-2.900000004998691452e+02;-2.900000000000000000e+02;-1.675321534161497539e+02;-1.674552282475532081e+02;1.224678470837193913e+02;1.225447717524467919e+02
7.542233958475714644e+03;-2.902000004941472753e+02;-2.902000000000000455e+02;-1.677312804519556835e+02;-1.676552282475532536e+02;1.224687200421915918e+02;1.225447717524467919e+02
7.585775750291835720e+03;-2.904000004884907753e+02;-2.903999999999999773e+02;-1.679304173096797967e+02;-1.678552282475531854e+02;1.224695831788109786e+02;1.225447717524467919e+02
7.629568911615335310e+03;-2.906000004828990768e+02;-2.906000000000000227e+02;-1.681295638807138459e+02;-1.680552282475532309e+02;1.224704366021852309e+02;1.225447717524467919e+02
7.673614893618185306e+03;-2.908000004773713272e+02;-2.907999999999999545e+02;-1.683287200576079101e+02;-1.682552282475531626e+02;1.224712804197634171e+02;1.225447717524467919e+02
7.717915155850127121e+03;-2.910000004719069580e+02;-2.910000000000000000e+02;-1.685278857340593106e+02;-1.684552282475532081e+02;1.224721147378476473e+02;1.225447717524467919e+02
7.762471166286927655e+03;-2.912000004665051165e+02;-2.912000000000000455e+02;-1.687270608049009013e+02;-1.686552282475532536e+02;1.224729396616042152e+02;1.225447717524467919e+02
7.807284401379069095e+03;-2.914000004611650070e+02;-2.913999999999999773e+02;-1.689262451660899274e+02;-1.688552282475531854e+02;1.224737552950750796e+02;1.225447717524467919e+02
7.852356346100726114e+03;-2.916000004558861178e+02;-2.916000000000000227e+02;-1.691254387146973386e+02;-1.690552282475532309e+02;1.224745617411887793e+02;1.225447717524467919e+02
7.897688493998855847e+03;-2.918000004506676532e+02;-2.918000000000000114e+02;-1.693246413488959661e+02;-1.692552282475531911e+02;1.224753591017716872e+02;1.225447717524468203e+02
7.943282347242821743e+03;-2.920000004455089311e+02;-2.920000000000000000e+02;-1.695238529679504609e+02;-1.694552282475532081e+02;1.224761474775584702e+02;1.225447717524467919e+02
7.989139416674040149e+03;-2.922000004404091555e+02;-2.921999999999999886e+02;-1.697230734722055558e+02;-1.696552282475532252e+02;1.224769269682035997e+02;1.225447717524467635e+02
8.035261221856177144e+03;-2.924000004353678719e+02;-2.924000000000000341e+02;-1.699223027630760612e+02;-1.698552282475532422e+02;1.224776976722918107e+02;1.225447717524467919e+02
8.081649291125368109e+03;-2.926000004303842275e+02;-2.925999999999999659e+02;-1.701215407430354958e+02;-1.700552282475531740e+02;1.224784596873487317e+02;1.225447717524467919e+02
8.128305161640994811e+03;-2.928000004254577107e+02;-2.928000000000000114e+02;-1.703207873156061680e+02;-1.702552282475531911e+02;1.224792131098515426e+02;1.225447717524468203e+02
8.175230379436509793e+03;-2.930000004205875257e+02;-2.930000000000000568e+02;-1.705200423853480345e+02;-1.704552282475532365e+02;1.224799580352394912e+02;1.225447717524468203e+02
8.222426499470711860e+03;-2.932000004157731041e+02;-2.931999999999999886e+02;-1.707193058578486671e+02;-1.706552282475532252e+02;1.224806945579244370e+02;1.225447717524467635e+02
8.269895085679325348e+03;-2.934000004110138207e+02;-2.934000000000000341e+02;-1.709185776397129359e+02;-1.708552282475532706e+02;1.224814227713008847e+02;1.225447717524467635e+02
8.317637711026709439e+03;-2.936000004063089364e+02;-2.936000000000000227e+02;-1.711178576385524934e+02;-1.710552282475532024e+02;1.224821427677564429e+02;1.225447717524468203e+02
8.365655957558106820e+03;-2.938000004016579396e+02;-2.938000000000000114e+02;-1.713171457629759402e+02;-1.712552282475532195e+02;1.224828546386819994e+02;1.225447717524467919e+02
8.413951416451947807e+03;-2.940000003970602052e+02;-2.940000000000000000e+02;-1.715164419225783661e+02;-1.714552282475532081e+02;1.224835584744818391e+02;1.225447717524467919e+02
8.462525688072697449e+03;-2.942000003925151077e+02;-2.942000000000000455e+02;-1.717157460279318570e+02;-1.716552282475532252e+02;1.224842543645832507e+02;1.225447717524468203e+02
8.511380382023759012e+03;-2.944000003880220220e+02;-2.943999999999999773e+02;-1.719150579905750931e+02;-1.718552282475531854e+02;1.224849423974469289e+02;1.225447717524467919e+02
8.560517117200948633e+03;-2.946000003835803795e+02;-2.946000000000000227e+02;-1.721143777230039689e+02;-1.720552282475532309e+02;1.224856226605764107e+02;1.225447717524467919e+02
8.609937521846015443e+03;-2.948000003791896120e+02;-2.948000000000000682e+02;-1.723137051386615326e+02;-1.722552282475532479e+02;1.224862952405280794e+02;1.225447717524468203e+02
8.659643233600652820e+03;-2.950000003748489803e+02;-2.950000000000000000e+02;-1.725130401519284646e+02;-1.724552282475532081e+02;1.224869602229205157e+02;1.225447717524467919e+02
8.709635899560813414e+03;-2.952000003705581435e+02;-2.952000000000000455e+02;-1.727123826781136984e+02;-1.726552282475532536e+02;1.224876176924444451e+02;1.225447717524467919e+02
8.759917176331169685e+03;-2.954000003663163625e+02;-2.953999999999999773e+02;-1.729117326334445579e+02;-1.728552282475531854e+02;1.224882677328718046e+02;1.225447717524467919e+02
8.810488730080147434e+03;-2.956000003621232395e+02;-2.956000000000000227e+02;-1.731110899350578052e+02;-1.730552282475532309e+02;1.224889104270654343e+02;1.225447717524467919e+02
8.861352236594993883e+03;-2.958000003579779786e+02;-2.957999999999999545e+02;-1.733104545009899198e+02;-1.732552282475531626e+02;1.224895458569880589e+02;1.225447717524467919e+02
8.912509381337458763e+03;-2.960000003538802957e+02;-2.960000000000000000e+02;-1.735098262501682314e+02;-1.734552282475532081e+02;1.224901741037120644e+02;1.225447717524467919e+02
8.963961859499511775e+03;-2.962000003498295087e+02;-2.962000000000000455e+02;-1.737092051024015120e+02;-1.736552282475532536e+02;1.224907952474279966e+02;1.225447717524467919e+02
9.015711376059571194e+03;-2.964000003458249921e+02;-2.963999999999999773e+02;-1.739085909783709099e+02;-1.738552282475531854e+02;1.224914093674540823e+02;1.225447717524467919e+02
9.067759645839058066e+03;-2.966000003418663482e+02;-2.966000000000000227e+02;-1.741079837996214223e+02;-1.740552282475532309e+02;1.224920165422449259e+02;1.225447717524467919e+02
9.120108393559095930e+03;-2.968000003379530085e+02;-2.968000000000000114e+02;-1.743073834885522047e+02;-1.742552282475531911e+02;1.224926168494008039e+02;1.225447717524468203e+02
9.172759353897803521e+03;-2.970000003340845183e+02;-2.970000000000000000e+02;-1.745067899684085546e+02;-1.744552282475532081e+02;1.224932103656759637e+02;1.225447717524467919e+02
9.225714271547629323e+03;-2.972000003302603091e+02;-2.971999999999999886e+02;-1.747062031632725905e+02;-1.746552282475532252e+02;1.224937971669877186e+02;1.225447717524467635e+02
9.278974901273317300e+03;-2.974000003264798124e+02;-2.974000000000000341e+02;-1.749056229980549233e+02;-1.748552282475532422e+02;1.224943773284248891e+02;1.225447717524467919e+02
9.332543007969905375e+03;-2.976000003227426305e+02;-2.975999999999999659e+02;-1.751050493984857894e+02;-1.750552282475531740e+02;1.224949509242568411e+02;1.225447717524467919e+02
9.386420366721355094e+03;-2.978000003190482516e+02;-2.978000000000000114e+02;-1.753044822911070639e+02;-1.752552282475531911e+02;1.224955180279411877e+02;1.225447717524468203e+02
9.440608762859244962e+03;-2.980000003153961643e+02;-2.980000000000000568e+02;-1.755039216032631373e+02;-1.754552282475532365e+02;1.224960787121330270e+02;1.225447717524468203e+02
9.495109992021982180e+03;-2.982000003117858569e+02;-2.981999999999999886e+02;-1.757033672630929573e+02;-1.756552282475532252e+02;1.224966330486928996e+02;1.225447717524467635e+02
9.549925860214369095e+03;-2.984000003082168746e+02;-2.984000000000000341e+02;-1.759028191995220709e+02;-1.758552282475532706e+02;1.224971811086948037e+02;1.225447717524467635e+02
9.605058183867304251e+03;-2.986000003046887059e+02;-2.986000000000000227e+02;-1.761022773422536147e+02;-1.760552282475532024e+02;1.224977229624350912e+02;1.225447717524468203e+02
9.660508789898140094e+03;-2.988000003012009529e+02;-2.988000000000000114e+02;-1.763017416217610389e+02;-1.762552282475532195e+02;1.224982586794399140e+02;1.225447717524467919e+02
9.716279515771057049e+03;-2.990000002977531040e+02;-2.990000000000000000e+02;-1.765012119692794386e+02;-1.764552282475532081e+02;1.224987883284736654e+02;1.225447717524467919e+02
9.772372209558112445e+03;-2.992000002943448180e+02;-2.992000000000000455e+02;-1.767006883167980504e+02;-1.766552282475532252e+02;1.224993119775467676e+02;1.225447717524468203e+02
9.828788730000314899e+03;-2.994000002909754130e+02;-2.993999999999999773e+02;-1.769001705970519822e+02;-1.768552282475531854e+02;1.224998296939234308e+02;1.225447717524467919e+02
9.885530946569389926e+03;-2.996000002876446615e+02;-2.996000000000000227e+02;-1.770996587435147092e+02;-1.770552282475532309e+02;1.225003415441299524e+02;1.225447717524467919e+02
9.942600739529578277e+03;-2.998000002843521088e+02;-2.998000000000000682e+02;-1.772991526903900876e+02;-1.772552282475532479e+02;1.225008475939620212e+02;1.225447717524468203e+02
1.000000000000000000e+04;-3.000000002810970727e+02;-3.000000000000000000e+02;-1.774986523726046812e+02;-1.774552282475532081e+02;1.225013479084923915e+02;1.225447717524467919e+02
